name,email,department,project_team_name,project_description
Aaron Aaronson,aaron.aaronson@example.com,engineering,Platform Team,Rebuild the customer portal
Aaron Abbott,not-an-email@bob.com,sales,Growth Team,Expand into new markets
Aaron Adams,aaron.adams@example.com,engineering,Data Team,Build the analytics pipeline
Uma Brown,uma.brown0@example.com,support,Platform Team,Rebuild the customer portal
Ivan Davis,ivan.davis1@example.com,engineering,Growth Team,Expand into new markets
Xavier Brown,xavier.brown2@example.com,support,Platform Team,Rebuild the customer portal
Niaj Johnson,niaj.johnson3@example.com,engineering,Platform Team,Rebuild the customer portal
Grace Davis,grace.davis4@example.com,support,Platform Team,Rebuild the customer portal
Grace Thompson,grace.thompson5@example.com,engineering,Mobile Team,Ship the new mobile app
Olivia Jackson,olivia.jackson6@example.com,engineering,Data Team,Build the analytics pipeline
Yolanda Sanchez,yolanda.sanchez7@example.com,support,Growth Team,Expand into new markets
Niaj Hernandez,niaj.hernandez8@example.com,engineering,Data Team,Build the analytics pipeline
Grace Harris,grace.harris9@example.com,engineering,Data Team,Build the analytics pipeline
Carol Gonzalez,carol.gonzalez10@example.com,sales,Platform Team,Rebuild the customer portal
Bianca Lopez,bianca.lopez11@example.com,engineering,Data Team,Build the analytics pipeline
Xavier Anderson,xavier.anderson12@example.com,sales,Platform Team,Rebuild the customer portal
Carol Moore,carol.moore13@example.com,support,Data Team,Build the analytics pipeline
Trent Lewis,trent.lewis14@example.com,support,Data Team,Build the analytics pipeline
Grace Thompson,grace.thompson15@example.com,engineering,Platform Team,Rebuild the customer portal
Victor Davis,victor.davis16@example.com,engineering,Data Team,Build the analytics pipeline
Bianca Davis,bianca.davis17@example.com,sales,Platform Team,Rebuild the customer portal
Ivan Anderson,ivan.anderson18@example.com,engineering,Data Team,Build the analytics pipeline
Laura Lopez,laura.lopez19@example.com,support,Growth Team,Expand into new markets
Ivan Thompson,ivan.thompson20@example.com,support,Platform Team,Rebuild the customer portal
Uma Garcia,uma.garcia21@example.com,engineering,Growth Team,Expand into new markets
Olivia Gonzalez,olivia.gonzalez22@example.com,support,Data Team,Build the analytics pipeline
Wendy Moore,wendy.moore23@example.com,support,Growth Team,Expand into new markets
Kevin Clark,kevin.clark24@example.com,engineering,Platform Team,Rebuild the customer portal
Amir Johnson,amir.johnson25@example.com,sales,Data Team,Build the analytics pipeline
Ivan Williams,ivan.williams26@example.com,support,Growth Team,Expand into new markets
Carlos Thompson,carlos.thompson27@example.com,engineering,Data Team,Build the analytics pipeline
Uma Thomas,uma.thomas28@example.com,support,Mobile Team,Ship the new mobile app
Olivia Jones,olivia.jones29@example.com,engineering,Data Team,Build the analytics pipeline
Heidi White,heidi.white30@example.com,support,Data Team,Build the analytics pipeline
Sybil Wilson,sybil.wilson31@example.com,sales,Mobile Team,Ship the new mobile app
Heidi Jones,heidi.jones32@example.com,engineering,Mobile Team,Ship the new mobile app
Yolanda Johnson,yolanda.johnson33@example.com,engineering,Platform Team,Rebuild the customer portal
Uma Garcia,uma.garcia34@example.com,support,Mobile Team,Ship the new mobile app
Carol Gonzalez,carol.gonzalez35@example.com,support,Mobile Team,Ship the new mobile app
Olivia Taylor,olivia.taylor36@example.com,support,Data Team,Build the analytics pipeline
Bianca Smith,bianca.smith37@example.com,support,Platform Team,Rebuild the customer portal
Carlos Moore,carlos.moore38@example.com,support,Data Team,Build the analytics pipeline
Kevin Brown,kevin.brown39@example.com,sales,Data Team,Build the analytics pipeline
Frank Anderson,frank.anderson40@example.com,support,Platform Team,Rebuild the customer portal
Carlos White,carlos.white41@example.com,support,Data Team,Build the analytics pipeline
Yolanda Garcia,yolanda.garcia42@example.com,support,Platform Team,Rebuild the customer portal
Judy Clark,judy.clark43@example.com,engineering,Growth Team,Expand into new markets
Laura Harris,laura.harris44@example.com,support,Growth Team,Expand into new markets
Yolanda Robinson,yolanda.robinson45@example.com,support,Platform Team,Rebuild the customer portal
Kevin Thomas,kevin.thomas46@example.com,engineering,Platform Team,Rebuild the customer portal
Diana Lopez,diana.lopez47@example.com,engineering,Data Team,Build the analytics pipeline
Bob Davis,bob.davis48@example.com,engineering,Platform Team,Rebuild the customer portal
Xavier Thomas,xavier.thomas49@example.com,support,Platform Team,Rebuild the customer portal
Yolanda Jones,yolanda.jones50@example.com,support,Growth Team,Expand into new markets
Peggy Moore,peggy.moore51@example.com,sales,Growth Team,Expand into new markets
Quentin Ramirez,quentin.ramirez52@example.com,engineering,Mobile Team,Ship the new mobile app
Diana Moore,diana.moore53@example.com,support,Growth Team,Expand into new markets
Judy Gonzalez,judy.gonzalez54@example.com,sales,Data Team,Build the analytics pipeline
Carlos Taylor,carlos.taylor55@example.com,engineering,Mobile Team,Ship the new mobile app
Heidi Davis,heidi.davis56@example.com,sales,Platform Team,Rebuild the customer portal
Alice Jackson,alice.jackson57@example.com,support,Growth Team,Expand into new markets
Heidi Smith,heidi.smith58@example.com,support,Platform Team,Rebuild the customer portal
Uma Johnson,uma.johnson59@example.com,engineering,Growth Team,Expand into new markets
Carlos Johnson,carlos.johnson60@example.com,engineering,Data Team,Build the analytics pipeline
Quentin Davis,quentin.davis61@example.com,support,Data Team,Build the analytics pipeline
Peggy Miller,peggy.miller62@example.com,support,Growth Team,Expand into new markets
Diana Lewis,diana.lewis63@example.com,engineering,Mobile Team,Ship the new mobile app
Zach Thomas,zach.thomas64@example.com,engineering,Mobile Team,Ship the new mobile app
Dave Brown,dave.brown65@example.com,sales,Mobile Team,Ship the new mobile app
Niaj Wilson,niaj.wilson66@example.com,support,Mobile Team,Ship the new mobile app
Bob Perez,bob.perez67@example.com,engineering,Platform Team,Rebuild the customer portal
Mallory White,mallory.white68@example.com,engineering,Data Team,Build the analytics pipeline
Heidi Miller,heidi.miller69@example.com,support,Growth Team,Expand into new markets
Olivia Jones,olivia.jones70@example.com,engineering,Mobile Team,Ship the new mobile app
Ivan Anderson,ivan.anderson71@example.com,engineering,Growth Team,Expand into new markets
Olivia Sanchez,olivia.sanchez72@example.com,engineering,Platform Team,Rebuild the customer portal
Uma Moore,uma.moore73@example.com,engineering,Platform Team,Rebuild the customer portal
Diana Harris,diana.harris74@example.com,engineering,Growth Team,Expand into new markets
Niaj Thomas,niaj.thomas75@example.com,engineering,Mobile Team,Ship the new mobile app
Bianca Gonzalez,bianca.gonzalez76@example.com,engineering,Platform Team,Rebuild the customer portal
Mallory Smith,mallory.smith77@example.com,sales,Mobile Team,Ship the new mobile app
Diana Sanchez,diana.sanchez78@example.com,sales,Mobile Team,Ship the new mobile app
Niaj Thompson,niaj.thompson79@example.com,engineering,Mobile Team,Ship the new mobile app
Grace Martinez,grace.martinez80@example.com,engineering,Growth Team,Expand into new markets
Sybil White,sybil.white81@example.com,support,Platform Team,Rebuild the customer portal
Kevin Johnson,kevin.johnson82@example.com,support,Platform Team,Rebuild the customer portal
Peggy Taylor,peggy.taylor83@example.com,engineering,Growth Team,Expand into new markets
Quentin Williams,quentin.williams84@example.com,engineering,Growth Team,Expand into new markets
Trent Williams,trent.williams85@example.com,sales,Growth Team,Expand into new markets
Dave Lewis,dave.lewis86@example.com,support,Growth Team,Expand into new markets
Trent Johnson,trent.johnson87@example.com,sales,Platform Team,Rebuild the customer portal
Victor Jackson,victor.jackson88@example.com,sales,Data Team,Build the analytics pipeline
Grace Perez,grace.perez89@example.com,engineering,Data Team,Build the analytics pipeline
Ivan Gonzalez,ivan.gonzalez90@example.com,support,Growth Team,Expand into new markets
Uma Martinez,uma.martinez91@example.com,sales,Mobile Team,Ship the new mobile app
Diana Harris,diana.harris92@example.com,engineering,Platform Team,Rebuild the customer portal
Olivia Martin,olivia.martin93@example.com,engineering,Platform Team,Rebuild the customer portal
Ruth Miller,ruth.miller94@example.com,engineering,Data Team,Build the analytics pipeline
Diana Lopez,diana.lopez95@example.com,engineering,Platform Team,Rebuild the customer portal
Laura Martinez,laura.martinez96@example.com,sales,Growth Team,Expand into new markets
Amir Moore,amir.moore97@example.com,support,Data Team,Build the analytics pipeline
Zach Lee,zach.lee98@example.com,support,Platform Team,Rebuild the customer portal
Amir Moore,amir.moore99@example.com,support,Data Team,Build the analytics pipeline
Dave Lewis,dave.lewis100@example.com,sales,Growth Team,Expand into new markets
Dave Lewis,dave.lewis101@example.com,support,Platform Team,Rebuild the customer portal
Ruth Jones,ruth.jones102@example.com,sales,Data Team,Build the analytics pipeline
Trent Miller,trent.miller103@example.com,engineering,Data Team,Build the analytics pipeline
Victor Lee,victor.lee104@example.com,support,Data Team,Build the analytics pipeline
Peggy Rodriguez,peggy.rodriguez105@example.com,engineering,Platform Team,Rebuild the customer portal
Uma Wilson,uma.wilson106@example.com,engineering,Data Team,Build the analytics pipeline
Alice Hernandez,alice.hernandez107@example.com,support,Growth Team,Expand into new markets
Ivan Garcia,ivan.garcia108@example.com,support,Mobile Team,Ship the new mobile app
Wendy Wilson,wendy.wilson109@example.com,engineering,Platform Team,Rebuild the customer portal
Carol Lewis,carol.lewis110@example.com,support,Growth Team,Expand into new markets
Bob Clark,bob.clark111@example.com,support,Data Team,Build the analytics pipeline
Ruth Jones,ruth.jones112@example.com,engineering,Mobile Team,Ship the new mobile app
Bob Martinez,bob.martinez113@example.com,engineering,Data Team,Build the analytics pipeline
Carlos Lopez,carlos.lopez114@example.com,support,Growth Team,Expand into new markets
Heidi Perez,heidi.perez115@example.com,sales,Platform Team,Rebuild the customer portal
Yolanda Moore,yolanda.moore116@example.com,support,Mobile Team,Ship the new mobile app
Xavier Jones,xavier.jones117@example.com,engineering,Growth Team,Expand into new markets
Zach Sanchez,zach.sanchez118@example.com,sales,Growth Team,Expand into new markets
Alice Garcia,alice.garcia119@example.com,sales,Data Team,Build the analytics pipeline
Zach Perez,zach.perez120@example.com,sales,Growth Team,Expand into new markets
Frank Sanchez,frank.sanchez121@example.com,sales,Platform Team,Rebuild the customer portal
Bianca Johnson,bianca.johnson122@example.com,engineering,Mobile Team,Ship the new mobile app
Grace Clark,grace.clark123@example.com,sales,Mobile Team,Ship the new mobile app
Judy Clark,judy.clark124@example.com,engineering,Growth Team,Expand into new markets
Alice Perez,alice.perez125@example.com,sales,Growth Team,Expand into new markets
Kevin Rodriguez,kevin.rodriguez126@example.com,sales,Platform Team,Rebuild the customer portal
Laura Lee,laura.lee127@example.com,support,Mobile Team,Ship the new mobile app
Amir Moore,amir.moore128@example.com,engineering,Data Team,Build the analytics pipeline
Dave Lewis,dave.lewis129@example.com,engineering,Data Team,Build the analytics pipeline
Sybil Rodriguez,sybil.rodriguez130@example.com,engineering,Platform Team,Rebuild the customer portal
Trent Wilson,trent.wilson131@example.com,support,Data Team,Build the analytics pipeline
Zach Hernandez,zach.hernandez132@example.com,support,Mobile Team,Ship the new mobile app
Quentin Brown,quentin.brown133@example.com,support,Mobile Team,Ship the new mobile app
Grace Rodriguez,grace.rodriguez134@example.com,support,Platform Team,Rebuild the customer portal
Niaj Smith,niaj.smith135@example.com,sales,Growth Team,Expand into new markets
Niaj Williams,niaj.williams136@example.com,support,Data Team,Build the analytics pipeline
Kevin Perez,kevin.perez137@example.com,support,Platform Team,Rebuild the customer portal
Carlos Martinez,carlos.martinez138@example.com,support,Data Team,Build the analytics pipeline
Niaj Hernandez,niaj.hernandez139@example.com,support,Mobile Team,Ship the new mobile app
Judy Moore,judy.moore140@example.com,engineering,Growth Team,Expand into new markets
Niaj Perez,niaj.perez141@example.com,support,Mobile Team,Ship the new mobile app
Xavier Lewis,xavier.lewis142@example.com,support,Growth Team,Expand into new markets
Sybil Martinez,sybil.martinez143@example.com,support,Mobile Team,Ship the new mobile app
Amir Smith,amir.smith144@example.com,sales,Data Team,Build the analytics pipeline
Grace Wilson,grace.wilson145@example.com,sales,Data Team,Build the analytics pipeline
Olivia Anderson,olivia.anderson146@example.com,support,Growth Team,Expand into new markets
Peggy Sanchez,peggy.sanchez147@example.com,support,Growth Team,Expand into new markets
Carol Martinez,carol.martinez148@example.com,engineering,Data Team,Build the analytics pipeline
Amir Harris,amir.harris149@example.com,support,Growth Team,Expand into new markets
Judy Davis,judy.davis150@example.com,engineering,Growth Team,Expand into new markets
Alice Johnson,alice.johnson151@example.com,sales,Growth Team,Expand into new markets
Trent Ramirez,trent.ramirez152@example.com,sales,Platform Team,Rebuild the customer portal
Niaj Lewis,niaj.lewis153@example.com,support,Growth Team,Expand into new markets
Wendy Gonzalez,wendy.gonzalez154@example.com,sales,Mobile Team,Ship the new mobile app
Heidi Jones,heidi.jones155@example.com,engineering,Platform Team,Rebuild the customer portal
Yolanda Wilson,yolanda.wilson156@example.com,engineering,Growth Team,Expand into new markets
Zach Thompson,zach.thompson157@example.com,engineering,Mobile Team,Ship the new mobile app
Ruth Davis,ruth.davis158@example.com,sales,Platform Team,Rebuild the customer portal
Eve Sanchez,eve.sanchez159@example.com,support,Mobile Team,Ship the new mobile app
Quentin Moore,quentin.moore160@example.com,sales,Data Team,Build the analytics pipeline
Trent Clark,trent.clark161@example.com,support,Mobile Team,Ship the new mobile app
Olivia Lewis,olivia.lewis162@example.com,support,Growth Team,Expand into new markets
Bianca Thomas,bianca.thomas163@example.com,sales,Mobile Team,Ship the new mobile app
Yolanda Davis,yolanda.davis164@example.com,support,Data Team,Build the analytics pipeline
Peggy Lee,peggy.lee165@example.com,sales,Growth Team,Expand into new markets
Olivia Williams,olivia.williams166@example.com,engineering,Data Team,Build the analytics pipeline
Ivan Hernandez,ivan.hernandez167@example.com,support,Data Team,Build the analytics pipeline
Carol Jones,carol.jones168@example.com,engineering,Growth Team,Expand into new markets
Mallory Thompson,mallory.thompson169@example.com,support,Growth Team,Expand into new markets
Grace Williams,grace.williams170@example.com,sales,Mobile Team,Ship the new mobile app
Kevin Moore,kevin.moore171@example.com,sales,Mobile Team,Ship the new mobile app
Bob Miller,bob.miller172@example.com,sales,Mobile Team,Ship the new mobile app
Carlos Harris,carlos.harris173@example.com,support,Platform Team,Rebuild the customer portal
Mallory Thomas,mallory.thomas174@example.com,sales,Platform Team,Rebuild the customer portal
Judy Harris,judy.harris175@example.com,sales,Mobile Team,Ship the new mobile app
Ruth White,ruth.white176@example.com,sales,Growth Team,Expand into new markets
Heidi Rodriguez,heidi.rodriguez177@example.com,sales,Mobile Team,Ship the new mobile app
Alice Gonzalez,alice.gonzalez178@example.com,support,Data Team,Build the analytics pipeline
Victor Sanchez,victor.sanchez179@example.com,support,Mobile Team,Ship the new mobile app
Frank Clark,frank.clark180@example.com,engineering,Mobile Team,Ship the new mobile app
Trent Moore,trent.moore181@example.com,sales,Platform Team,Rebuild the customer portal
Sybil Jackson,sybil.jackson182@example.com,engineering,Platform Team,Rebuild the customer portal
Uma Wilson,uma.wilson183@example.com,sales,Growth Team,Expand into new markets
Frank Johnson,frank.johnson184@example.com,sales,Data Team,Build the analytics pipeline
Kevin Miller,kevin.miller185@example.com,sales,Mobile Team,Ship the new mobile app
Kevin Harris,kevin.harris186@example.com,sales,Mobile Team,Ship the new mobile app
Yolanda Clark,yolanda.clark187@example.com,sales,Mobile Team,Ship the new mobile app
Amir Williams,amir.williams188@example.com,engineering,Mobile Team,Ship the new mobile app
Xavier Moore,xavier.moore189@example.com,sales,Platform Team,Rebuild the customer portal
Heidi Lee,heidi.lee190@example.com,support,Platform Team,Rebuild the customer portal
Bob Harris,bob.harris191@example.com,engineering,Platform Team,Rebuild the customer portal
Grace Clark,grace.clark192@example.com,support,Platform Team,Rebuild the customer portal
Eve Davis,eve.davis193@example.com,sales,Growth Team,Expand into new markets
Victor Brown,victor.brown194@example.com,sales,Growth Team,Expand into new markets
Wendy Rodriguez,wendy.rodriguez195@example.com,engineering,Data Team,Build the analytics pipeline
Trent Martin,trent.martin196@example.com,engineering,Platform Team,Rebuild the customer portal
Judy Brown,judy.brown197@example.com,sales,Platform Team,Rebuild the customer portal
Sybil Perez,sybil.perez198@example.com,sales,Mobile Team,Ship the new mobile app
Wendy Miller,wendy.miller199@example.com,support,Platform Team,Rebuild the customer portal
Wendy Clark,wendy.clark200@example.com,engineering,Growth Team,Expand into new markets
Wendy Harris,wendy.harris201@example.com,support,Data Team,Build the analytics pipeline
Trent Sanchez,trent.sanchez202@example.com,support,Platform Team,Rebuild the customer portal
Zach Johnson,zach.johnson203@example.com,support,Data Team,Build the analytics pipeline
Niaj Perez,niaj.perez204@example.com,engineering,Data Team,Build the analytics pipeline
Quentin Lee,quentin.lee205@example.com,engineering,Data Team,Build the analytics pipeline
Bianca Wilson,bianca.wilson206@example.com,engineering,Mobile Team,Ship the new mobile app
Niaj Lopez,niaj.lopez207@example.com,support,Mobile Team,Ship the new mobile app
Eve Wilson,eve.wilson208@example.com,support,Growth Team,Expand into new markets
Quentin Lee,quentin.lee209@example.com,support,Data Team,Build the analytics pipeline
Zach Robinson,zach.robinson210@example.com,sales,Mobile Team,Ship the new mobile app
Niaj Clark,niaj.clark211@example.com,sales,Data Team,Build the analytics pipeline
Bianca Davis,bianca.davis212@example.com,sales,Platform Team,Rebuild the customer portal
Carlos Anderson,carlos.anderson213@example.com,sales,Growth Team,Expand into new markets
Sybil Martin,sybil.martin214@example.com,sales,Mobile Team,Ship the new mobile app
Alice Thomas,alice.thomas215@example.com,engineering,Data Team,Build the analytics pipeline
Peggy Miller,peggy.miller216@example.com,sales,Data Team,Build the analytics pipeline
Kevin Rodriguez,kevin.rodriguez217@example.com,support,Data Team,Build the analytics pipeline
Alice Taylor,alice.taylor218@example.com,engineering,Growth Team,Expand into new markets
Heidi White,heidi.white219@example.com,sales,Mobile Team,Ship the new mobile app
Ruth Harris,ruth.harris220@example.com,support,Growth Team,Expand into new markets
Peggy Lee,peggy.lee221@example.com,sales,Mobile Team,Ship the new mobile app
Zach Smith,zach.smith222@example.com,sales,Platform Team,Rebuild the customer portal
Heidi Gonzalez,heidi.gonzalez223@example.com,sales,Growth Team,Expand into new markets
Victor Jackson,victor.jackson224@example.com,sales,Data Team,Build the analytics pipeline
Ruth Taylor,ruth.taylor225@example.com,sales,Data Team,Build the analytics pipeline
Xavier Moore,xavier.moore226@example.com,sales,Data Team,Build the analytics pipeline
Wendy Anderson,wendy.anderson227@example.com,sales,Data Team,Build the analytics pipeline
Ivan Davis,ivan.davis228@example.com,support,Platform Team,Rebuild the customer portal
Grace Hernandez,grace.hernandez229@example.com,support,Platform Team,Rebuild the customer portal
Ruth Harris,ruth.harris230@example.com,engineering,Growth Team,Expand into new markets
Grace White,grace.white231@example.com,sales,Mobile Team,Ship the new mobile app
Xavier Jackson,xavier.jackson232@example.com,engineering,Data Team,Build the analytics pipeline
Amir Miller,amir.miller233@example.com,engineering,Data Team,Build the analytics pipeline
Laura Garcia,laura.garcia234@example.com,engineering,Data Team,Build the analytics pipeline
Wendy Moore,wendy.moore235@example.com,sales,Growth Team,Expand into new markets
Bob Johnson,bob.johnson236@example.com,support,Data Team,Build the analytics pipeline
Eve Lee,eve.lee237@example.com,engineering,Mobile Team,Ship the new mobile app
Bianca Smith,bianca.smith238@example.com,sales,Data Team,Build the analytics pipeline
Peggy Anderson,peggy.anderson239@example.com,engineering,Data Team,Build the analytics pipeline
Bob Rodriguez,bob.rodriguez240@example.com,engineering,Mobile Team,Ship the new mobile app
Amir Williams,amir.williams241@example.com,sales,Mobile Team,Ship the new mobile app
Carol Jackson,carol.jackson242@example.com,engineering,Platform Team,Rebuild the customer portal
Eve Sanchez,eve.sanchez243@example.com,engineering,Data Team,Build the analytics pipeline
Heidi Brown,heidi.brown244@example.com,support,Mobile Team,Ship the new mobile app
Trent Sanchez,trent.sanchez245@example.com,support,Growth Team,Expand into new markets
Mallory Anderson,mallory.anderson246@example.com,sales,Mobile Team,Ship the new mobile app
Bianca Jackson,bianca.jackson247@example.com,sales,Mobile Team,Ship the new mobile app
Sybil Martin,sybil.martin248@example.com,support,Platform Team,Rebuild the customer portal
Xavier Brown,xavier.brown249@example.com,support,Growth Team,Expand into new markets
Grace Rodriguez,grace.rodriguez250@example.com,engineering,Platform Team,Rebuild the customer portal
Heidi Garcia,heidi.garcia251@example.com,engineering,Platform Team,Rebuild the customer portal
Alice Wilson,alice.wilson252@example.com,support,Mobile Team,Ship the new mobile app
Trent Thomas,trent.thomas253@example.com,engineering,Data Team,Build the analytics pipeline
Heidi Martinez,heidi.martinez254@example.com,support,Data Team,Build the analytics pipeline
Bianca Anderson,bianca.anderson255@example.com,support,Platform Team,Rebuild the customer portal
Heidi Robinson,heidi.robinson256@example.com,support,Data Team,Build the analytics pipeline
Sybil Perez,sybil.perez257@example.com,sales,Growth Team,Expand into new markets
Dave Moore,dave.moore258@example.com,support,Growth Team,Expand into new markets
Eve Robinson,eve.robinson259@example.com,engineering,Data Team,Build the analytics pipeline
Carol Johnson,carol.johnson260@example.com,sales,Growth Team,Expand into new markets
Trent White,trent.white261@example.com,sales,Data Team,Build the analytics pipeline
Dave Anderson,dave.anderson262@example.com,support,Data Team,Build the analytics pipeline
Mallory Rodriguez,mallory.rodriguez263@example.com,sales,Mobile Team,Ship the new mobile app
Carol Martin,carol.martin264@example.com,sales,Platform Team,Rebuild the customer portal
Xavier Hernandez,xavier.hernandez265@example.com,engineering,Data Team,Build the analytics pipeline
Carol Davis,carol.davis266@example.com,support,Platform Team,Rebuild the customer portal
Amir Rodriguez,amir.rodriguez267@example.com,engineering,Platform Team,Rebuild the customer portal
Peggy Taylor,peggy.taylor268@example.com,sales,Mobile Team,Ship the new mobile app
Frank Jackson,frank.jackson269@example.com,support,Mobile Team,Ship the new mobile app
Amir Thomas,amir.thomas270@example.com,sales,Platform Team,Rebuild the customer portal
Laura Wilson,laura.wilson271@example.com,sales,Data Team,Build the analytics pipeline
Victor Brown,victor.brown272@example.com,sales,Growth Team,Expand into new markets
Niaj Thompson,niaj.thompson273@example.com,sales,Mobile Team,Ship the new mobile app
Victor Gonzalez,victor.gonzalez274@example.com,sales,Platform Team,Rebuild the customer portal
Carol Hernandez,carol.hernandez275@example.com,sales,Data Team,Build the analytics pipeline
Dave Harris,dave.harris276@example.com,support,Mobile Team,Ship the new mobile app
Amir Smith,amir.smith277@example.com,sales,Mobile Team,Ship the new mobile app
Bob Miller,bob.miller278@example.com,support,Data Team,Build the analytics pipeline
Yolanda Thomas,yolanda.thomas279@example.com,engineering,Mobile Team,Ship the new mobile app
Grace Rodriguez,grace.rodriguez280@example.com,sales,Growth Team,Expand into new markets
Olivia Lewis,olivia.lewis281@example.com,engineering,Mobile Team,Ship the new mobile app
Alice Lee,alice.lee282@example.com,support,Growth Team,Expand into new markets
Frank Martinez,frank.martinez283@example.com,support,Platform Team,Rebuild the customer portal
Niaj Williams,niaj.williams284@example.com,engineering,Growth Team,Expand into new markets
Olivia Brown,olivia.brown285@example.com,sales,Growth Team,Expand into new markets
Diana Thompson,diana.thompson286@example.com,support,Data Team,Build the analytics pipeline
Wendy Rodriguez,wendy.rodriguez287@example.com,sales,Mobile Team,Ship the new mobile app
Peggy Davis,peggy.davis288@example.com,support,Mobile Team,Ship the new mobile app
Eve Gonzalez,eve.gonzalez289@example.com,support,Growth Team,Expand into new markets
Quentin White,quentin.white290@example.com,engineering,Growth Team,Expand into new markets
Ivan Harris,ivan.harris291@example.com,sales,Mobile Team,Ship the new mobile app
Diana Sanchez,diana.sanchez292@example.com,engineering,Data Team,Build the analytics pipeline
Judy White,judy.white293@example.com,support,Data Team,Build the analytics pipeline
Sybil Perez,sybil.perez294@example.com,engineering,Mobile Team,Ship the new mobile app
Olivia Moore,olivia.moore295@example.com,sales,Mobile Team,Ship the new mobile app
Kevin Moore,kevin.moore296@example.com,sales,Mobile Team,Ship the new mobile app
Diana Hernandez,diana.hernandez297@example.com,support,Growth Team,Expand into new markets
Heidi Jackson,heidi.jackson298@example.com,engineering,Mobile Team,Ship the new mobile app
Bianca Harris,bianca.harris299@example.com,engineering,Mobile Team,Ship the new mobile app
Kevin White,kevin.white300@example.com,support,Mobile Team,Ship the new mobile app
Diana Sanchez,diana.sanchez301@example.com,sales,Mobile Team,Ship the new mobile app
Victor Sanchez,victor.sanchez302@example.com,sales,Growth Team,Expand into new markets
Bob Jones,bob.jones303@example.com,engineering,Data Team,Build the analytics pipeline
Bianca Ramirez,bianca.ramirez304@example.com,engineering,Mobile Team,Ship the new mobile app
Quentin Robinson,quentin.robinson305@example.com,engineering,Mobile Team,Ship the new mobile app
Xavier Jones,xavier.jones306@example.com,support,Mobile Team,Ship the new mobile app
Eve Williams,eve.williams307@example.com,sales,Mobile Team,Ship the new mobile app
Kevin Martin,kevin.martin308@example.com,support,Mobile Team,Ship the new mobile app
Carol Ramirez,carol.ramirez309@example.com,support,Data Team,Build the analytics pipeline
Bianca Moore,bianca.moore310@example.com,sales,Mobile Team,Ship the new mobile app
Uma Thompson,uma.thompson311@example.com,support,Mobile Team,Ship the new mobile app
Bob Martin,bob.martin312@example.com,engineering,Platform Team,Rebuild the customer portal
Uma Perez,uma.perez313@example.com,engineering,Data Team,Build the analytics pipeline
Xavier Williams,xavier.williams314@example.com,engineering,Mobile Team,Ship the new mobile app
Yolanda Lee,yolanda.lee315@example.com,sales,Platform Team,Rebuild the customer portal
Frank Thompson,frank.thompson316@example.com,engineering,Data Team,Build the analytics pipeline
Bob Hernandez,bob.hernandez317@example.com,sales,Platform Team,Rebuild the customer portal
Laura Lopez,laura.lopez318@example.com,engineering,Mobile Team,Ship the new mobile app
Heidi Taylor,heidi.taylor319@example.com,support,Mobile Team,Ship the new mobile app
Victor Sanchez,victor.sanchez320@example.com,engineering,Growth Team,Expand into new markets
Frank Williams,frank.williams321@example.com,support,Mobile Team,Ship the new mobile app
Victor Davis,victor.davis322@example.com,support,Mobile Team,Ship the new mobile app
Eve Davis,eve.davis323@example.com,support,Mobile Team,Ship the new mobile app
Ivan Anderson,ivan.anderson324@example.com,support,Data Team,Build the analytics pipeline
Alice Lewis,alice.lewis325@example.com,sales,Mobile Team,Ship the new mobile app
Victor Moore,victor.moore326@example.com,engineering,Growth Team,Expand into new markets
Olivia Lopez,olivia.lopez327@example.com,support,Data Team,Build the analytics pipeline
Niaj Thompson,niaj.thompson328@example.com,sales,Data Team,Build the analytics pipeline
Bianca Martinez,bianca.martinez329@example.com,sales,Growth Team,Expand into new markets
Bianca Thomas,bianca.thomas330@example.com,engineering,Platform Team,Rebuild the customer portal
Mallory Jackson,mallory.jackson331@example.com,support,Data Team,Build the analytics pipeline
Judy Thompson,judy.thompson332@example.com,engineering,Data Team,Build the analytics pipeline
Amir Perez,amir.perez333@example.com,sales,Mobile Team,Ship the new mobile app
Alice Jackson,alice.jackson334@example.com,support,Platform Team,Rebuild the customer portal
Xavier Thomas,xavier.thomas335@example.com,engineering,Data Team,Build the analytics pipeline
Trent Sanchez,trent.sanchez336@example.com,engineering,Data Team,Build the analytics pipeline
Uma Miller,uma.miller337@example.com,support,Data Team,Build the analytics pipeline
Yolanda White,yolanda.white338@example.com,support,Growth Team,Expand into new markets
Dave Lewis,dave.lewis339@example.com,sales,Platform Team,Rebuild the customer portal
Zach Anderson,zach.anderson340@example.com,support,Platform Team,Rebuild the customer portal
Laura White,laura.white341@example.com,engineering,Growth Team,Expand into new markets
Diana Martinez,diana.martinez342@example.com,support,Data Team,Build the analytics pipeline
Niaj Garcia,niaj.garcia343@example.com,engineering,Growth Team,Expand into new markets
Zach Moore,zach.moore344@example.com,support,Data Team,Build the analytics pipeline
Quentin Robinson,quentin.robinson345@example.com,engineering,Data Team,Build the analytics pipeline
Ivan Robinson,ivan.robinson346@example.com,sales,Mobile Team,Ship the new mobile app
Xavier Ramirez,xavier.ramirez347@example.com,engineering,Data Team,Build the analytics pipeline
Olivia Williams,olivia.williams348@example.com,engineering,Growth Team,Expand into new markets
Bianca Perez,bianca.perez349@example.com,support,Mobile Team,Ship the new mobile app
Laura Williams,laura.williams350@example.com,engineering,Mobile Team,Ship the new mobile app
Ivan Moore,ivan.moore351@example.com,sales,Platform Team,Rebuild the customer portal
Laura Perez,laura.perez352@example.com,support,Data Team,Build the analytics pipeline
Mallory Clark,mallory.clark353@example.com,engineering,Data Team,Build the analytics pipeline
Victor Davis,victor.davis354@example.com,engineering,Mobile Team,Ship the new mobile app
Trent Lewis,trent.lewis355@example.com,support,Data Team,Build the analytics pipeline
Heidi Lee,heidi.lee356@example.com,support,Platform Team,Rebuild the customer portal
Amir Anderson,amir.anderson357@example.com,support,Data Team,Build the analytics pipeline
Niaj Brown,niaj.brown358@example.com,engineering,Growth Team,Expand into new markets
Bob Martinez,bob.martinez359@example.com,engineering,Mobile Team,Ship the new mobile app
Dave Davis,dave.davis360@example.com,sales,Growth Team,Expand into new markets
Olivia Lopez,olivia.lopez361@example.com,support,Mobile Team,Ship the new mobile app
Xavier White,xavier.white362@example.com,sales,Growth Team,Expand into new markets
Uma Brown,uma.brown363@example.com,support,Mobile Team,Ship the new mobile app
Niaj Rodriguez,niaj.rodriguez364@example.com,support,Platform Team,Rebuild the customer portal
Laura Miller,laura.miller365@example.com,sales,Mobile Team,Ship the new mobile app
Heidi Ramirez,heidi.ramirez366@example.com,engineering,Data Team,Build the analytics pipeline
Victor Lopez,victor.lopez367@example.com,engineering,Data Team,Build the analytics pipeline
Mallory Rodriguez,mallory.rodriguez368@example.com,engineering,Growth Team,Expand into new markets
Bianca Clark,bianca.clark369@example.com,engineering,Mobile Team,Ship the new mobile app
Victor Miller,victor.miller370@example.com,engineering,Platform Team,Rebuild the customer portal
Zach Hernandez,zach.hernandez371@example.com,engineering,Growth Team,Expand into new markets
Zach Jackson,zach.jackson372@example.com,engineering,Growth Team,Expand into new markets
Amir Harris,amir.harris373@example.com,support,Growth Team,Expand into new markets
Grace Clark,grace.clark374@example.com,sales,Growth Team,Expand into new markets
Yolanda Jones,yolanda.jones375@example.com,sales,Platform Team,Rebuild the customer portal
Bianca Jones,bianca.jones376@example.com,support,Growth Team,Expand into new markets
Ivan Sanchez,ivan.sanchez377@example.com,engineering,Growth Team,Expand into new markets
Victor Ramirez,victor.ramirez378@example.com,engineering,Platform Team,Rebuild the customer portal
Alice Lopez,alice.lopez379@example.com,support,Growth Team,Expand into new markets
Kevin Smith,kevin.smith380@example.com,sales,Growth Team,Expand into new markets
Bob Jones,bob.jones381@example.com,support,Mobile Team,Ship the new mobile app
Dave White,dave.white382@example.com,sales,Platform Team,Rebuild the customer portal
Olivia Harris,olivia.harris383@example.com,support,Data Team,Build the analytics pipeline
Sybil Brown,sybil.brown384@example.com,support,Mobile Team,Ship the new mobile app
Heidi Martin,heidi.martin385@example.com,support,Platform Team,Rebuild the customer portal
Zach Robinson,zach.robinson386@example.com,sales,Data Team,Build the analytics pipeline
Uma Smith,uma.smith387@example.com,sales,Platform Team,Rebuild the customer portal
Bianca Gonzalez,bianca.gonzalez388@example.com,support,Mobile Team,Ship the new mobile app
Dave Thomas,dave.thomas389@example.com,engineering,Mobile Team,Ship the new mobile app
Carlos Williams,carlos.williams390@example.com,support,Data Team,Build the analytics pipeline
Eve Williams,eve.williams391@example.com,sales,Growth Team,Expand into new markets
Trent Lee,trent.lee392@example.com,sales,Data Team,Build the analytics pipeline
Trent Taylor,trent.taylor393@example.com,sales,Data Team,Build the analytics pipeline
Quentin Martin,quentin.martin394@example.com,engineering,Mobile Team,Ship the new mobile app
Zach Thompson,zach.thompson395@example.com,support,Platform Team,Rebuild the customer portal
Uma Lewis,uma.lewis396@example.com,sales,Growth Team,Expand into new markets
Olivia Lewis,olivia.lewis397@example.com,sales,Growth Team,Expand into new markets
Kevin Clark,kevin.clark398@example.com,sales,Mobile Team,Ship the new mobile app
Niaj White,niaj.white399@example.com,sales,Platform Team,Rebuild the customer portal
Niaj Hernandez,niaj.hernandez400@example.com,sales,Data Team,Build the analytics pipeline
Eve Perez,eve.perez401@example.com,engineering,Mobile Team,Ship the new mobile app
Carol Clark,carol.clark402@example.com,engineering,Platform Team,Rebuild the customer portal
Niaj Brown,niaj.brown403@example.com,engineering,Data Team,Build the analytics pipeline
Ruth Johnson,ruth.johnson404@example.com,support,Data Team,Build the analytics pipeline
Dave Wilson,dave.wilson405@example.com,support,Data Team,Build the analytics pipeline
Yolanda Wilson,yolanda.wilson406@example.com,sales,Platform Team,Rebuild the customer portal
Trent Martinez,trent.martinez407@example.com,engineering,Data Team,Build the analytics pipeline
Sybil Taylor,sybil.taylor408@example.com,engineering,Growth Team,Expand into new markets
Victor Thomas,victor.thomas409@example.com,engineering,Growth Team,Expand into new markets
Laura Ramirez,laura.ramirez410@example.com,engineering,Data Team,Build the analytics pipeline
Yolanda Rodriguez,yolanda.rodriguez411@example.com,sales,Growth Team,Expand into new markets
Bianca Moore,bianca.moore412@example.com,support,Platform Team,Rebuild the customer portal
Diana Perez,diana.perez413@example.com,engineering,Data Team,Build the analytics pipeline
Frank Rodriguez,frank.rodriguez414@example.com,sales,Data Team,Build the analytics pipeline
Laura Smith,laura.smith415@example.com,engineering,Growth Team,Expand into new markets
Sybil Perez,sybil.perez416@example.com,engineering,Mobile Team,Ship the new mobile app
Eve White,eve.white417@example.com,engineering,Platform Team,Rebuild the customer portal
Xavier Taylor,xavier.taylor418@example.com,sales,Growth Team,Expand into new markets
Niaj Anderson,niaj.anderson419@example.com,engineering,Data Team,Build the analytics pipeline
Laura Martinez,laura.martinez420@example.com,support,Data Team,Build the analytics pipeline
Trent Williams,trent.williams421@example.com,engineering,Platform Team,Rebuild the customer portal
Frank Harris,frank.harris422@example.com,support,Platform Team,Rebuild the customer portal
Carol Rodriguez,carol.rodriguez423@example.com,support,Mobile Team,Ship the new mobile app
Niaj Thomas,niaj.thomas424@example.com,sales,Mobile Team,Ship the new mobile app
Ivan Miller,ivan.miller425@example.com,sales,Platform Team,Rebuild the customer portal
Niaj Brown,niaj.brown426@example.com,support,Data Team,Build the analytics pipeline
Victor Jackson,victor.jackson427@example.com,support,Mobile Team,Ship the new mobile app
Victor Martinez,victor.martinez428@example.com,engineering,Platform Team,Rebuild the customer portal
Mallory Martin,mallory.martin429@example.com,engineering,Platform Team,Rebuild the customer portal
Grace Martinez,grace.martinez430@example.com,engineering,Growth Team,Expand into new markets
Yolanda Rodriguez,yolanda.rodriguez431@example.com,sales,Data Team,Build the analytics pipeline
Dave Smith,dave.smith432@example.com,support,Mobile Team,Ship the new mobile app
Niaj Garcia,niaj.garcia433@example.com,sales,Growth Team,Expand into new markets
Ruth Thompson,ruth.thompson434@example.com,support,Growth Team,Expand into new markets
Ruth Clark,ruth.clark435@example.com,engineering,Data Team,Build the analytics pipeline
Mallory Ramirez,mallory.ramirez436@example.com,sales,Platform Team,Rebuild the customer portal
Alice Anderson,alice.anderson437@example.com,sales,Platform Team,Rebuild the customer portal
Sybil Wilson,sybil.wilson438@example.com,support,Mobile Team,Ship the new mobile app
Uma Wilson,uma.wilson439@example.com,engineering,Data Team,Build the analytics pipeline
Mallory Smith,mallory.smith440@example.com,engineering,Data Team,Build the analytics pipeline
Zach Martin,zach.martin441@example.com,support,Mobile Team,Ship the new mobile app
Diana Lopez,diana.lopez442@example.com,sales,Platform Team,Rebuild the customer portal
Bianca Brown,bianca.brown443@example.com,sales,Growth Team,Expand into new markets
Sybil Gonzalez,sybil.gonzalez444@example.com,sales,Platform Team,Rebuild the customer portal
Bianca Martinez,bianca.martinez445@example.com,engineering,Data Team,Build the analytics pipeline
Kevin Harris,kevin.harris446@example.com,engineering,Growth Team,Expand into new markets
Quentin Lee,quentin.lee447@example.com,support,Platform Team,Rebuild the customer portal
Quentin Miller,quentin.miller448@example.com,sales,Data Team,Build the analytics pipeline
Xavier Clark,xavier.clark449@example.com,engineering,Growth Team,Expand into new markets
Dave Jones,dave.jones450@example.com,engineering,Data Team,Build the analytics pipeline
Frank Martin,frank.martin451@example.com,support,Growth Team,Expand into new markets
Carol Garcia,carol.garcia452@example.com,sales,Mobile Team,Ship the new mobile app
Yolanda Jackson,yolanda.jackson453@example.com,support,Mobile Team,Ship the new mobile app
Diana Lewis,diana.lewis454@example.com,support,Data Team,Build the analytics pipeline
Kevin Jones,kevin.jones455@example.com,engineering,Mobile Team,Ship the new mobile app
Peggy Anderson,peggy.anderson456@example.com,sales,Data Team,Build the analytics pipeline
Sybil Johnson,sybil.johnson457@example.com,support,Data Team,Build the analytics pipeline
Carol Martinez,carol.martinez458@example.com,sales,Mobile Team,Ship the new mobile app
Bob Johnson,bob.johnson459@example.com,sales,Data Team,Build the analytics pipeline
Carol Lee,carol.lee460@example.com,support,Platform Team,Rebuild the customer portal
Trent Taylor,trent.taylor461@example.com,sales,Mobile Team,Ship the new mobile app
Sybil Moore,sybil.moore462@example.com,sales,Platform Team,Rebuild the customer portal
Diana Sanchez,diana.sanchez463@example.com,sales,Growth Team,Expand into new markets
Trent Thomas,trent.thomas464@example.com,engineering,Growth Team,Expand into new markets
Olivia Brown,olivia.brown465@example.com,support,Data Team,Build the analytics pipeline
Carol Taylor,carol.taylor466@example.com,engineering,Growth Team,Expand into new markets
Heidi Thompson,heidi.thompson467@example.com,sales,Mobile Team,Ship the new mobile app
Quentin Taylor,quentin.taylor468@example.com,sales,Growth Team,Expand into new markets
Laura Robinson,laura.robinson469@example.com,sales,Data Team,Build the analytics pipeline
Niaj Harris,niaj.harris470@example.com,support,Data Team,Build the analytics pipeline
Trent Johnson,trent.johnson471@example.com,engineering,Data Team,Build the analytics pipeline
Kevin Brown,kevin.brown472@example.com,sales,Mobile Team,Ship the new mobile app
Ivan White,ivan.white473@example.com,sales,Growth Team,Expand into new markets
Carol Jackson,carol.jackson474@example.com,sales,Growth Team,Expand into new markets
Judy Lee,judy.lee475@example.com,engineering,Mobile Team,Ship the new mobile app
Trent Thompson,trent.thompson476@example.com,sales,Platform Team,Rebuild the customer portal
Ruth Gonzalez,ruth.gonzalez477@example.com,engineering,Data Team,Build the analytics pipeline
Victor Thompson,victor.thompson478@example.com,support,Platform Team,Rebuild the customer portal
Victor Wilson,victor.wilson479@example.com,engineering,Data Team,Build the analytics pipeline
Laura Martinez,laura.martinez480@example.com,engineering,Growth Team,Expand into new markets
Kevin Harris,kevin.harris481@example.com,engineering,Mobile Team,Ship the new mobile app
Heidi Jones,heidi.jones482@example.com,engineering,Growth Team,Expand into new markets
Judy Ramirez,judy.ramirez483@example.com,support,Platform Team,Rebuild the customer portal
Yolanda Moore,yolanda.moore484@example.com,support,Platform Team,Rebuild the customer portal
Kevin Lewis,kevin.lewis485@example.com,support,Growth Team,Expand into new markets
Mallory Jones,mallory.jones486@example.com,engineering,Growth Team,Expand into new markets
Amir Thompson,amir.thompson487@example.com,support,Growth Team,Expand into new markets
Olivia Johnson,olivia.johnson488@example.com,sales,Mobile Team,Ship the new mobile app
Victor White,victor.white489@example.com,sales,Growth Team,Expand into new markets
Trent Martinez,trent.martinez490@example.com,engineering,Mobile Team,Ship the new mobile app
Ruth Davis,ruth.davis491@example.com,sales,Data Team,Build the analytics pipeline
Carlos Clark,carlos.clark492@example.com,sales,Growth Team,Expand into new markets
Victor Jackson,victor.jackson493@example.com,sales,Mobile Team,Ship the new mobile app
Yolanda Martinez,yolanda.martinez494@example.com,support,Mobile Team,Ship the new mobile app
Quentin Wilson,quentin.wilson495@example.com,engineering,Growth Team,Expand into new markets
Zach Martin,zach.martin496@example.com,sales,Growth Team,Expand into new markets
Bob Lee,bob.lee497@example.com,sales,Mobile Team,Ship the new mobile app
Ruth Robinson,ruth.robinson498@example.com,support,Platform Team,Rebuild the customer portal
Bianca Taylor,bianca.taylor499@example.com,sales,Platform Team,Rebuild the customer portal
Carol Harris,carol.harris500@example.com,sales,Growth Team,Expand into new markets
Olivia Lewis,olivia.lewis501@example.com,sales,Growth Team,Expand into new markets
Carol Robinson,carol.robinson502@example.com,sales,Growth Team,Expand into new markets
Carlos Lopez,carlos.lopez503@example.com,sales,Platform Team,Rebuild the customer portal
Bob Gonzalez,bob.gonzalez504@example.com,engineering,Data Team,Build the analytics pipeline
Mallory Williams,mallory.williams505@example.com,engineering,Data Team,Build the analytics pipeline
Alice Hernandez,alice.hernandez506@example.com,support,Platform Team,Rebuild the customer portal
Uma Hernandez,uma.hernandez507@example.com,engineering,Growth Team,Expand into new markets
Bob Martinez,bob.martinez508@example.com,support,Mobile Team,Ship the new mobile app
Amir Jones,amir.jones509@example.com,sales,Mobile Team,Ship the new mobile app
Trent Smith,trent.smith510@example.com,engineering,Platform Team,Rebuild the customer portal
Ivan Miller,ivan.miller511@example.com,support,Growth Team,Expand into new markets
Xavier Martin,xavier.martin512@example.com,engineering,Mobile Team,Ship the new mobile app
Yolanda Martinez,yolanda.martinez513@example.com,sales,Growth Team,Expand into new markets
Dave Johnson,dave.johnson514@example.com,sales,Growth Team,Expand into new markets
Uma Sanchez,uma.sanchez515@example.com,engineering,Mobile Team,Ship the new mobile app
Dave Clark,dave.clark516@example.com,support,Mobile Team,Ship the new mobile app
Ruth Smith,ruth.smith517@example.com,support,Growth Team,Expand into new markets
Eve Martinez,eve.martinez518@example.com,engineering,Mobile Team,Ship the new mobile app
Trent Lopez,trent.lopez519@example.com,support,Growth Team,Expand into new markets
Niaj Garcia,niaj.garcia520@example.com,support,Platform Team,Rebuild the customer portal
Laura Williams,laura.williams521@example.com,sales,Platform Team,Rebuild the customer portal
Bianca Thomas,bianca.thomas522@example.com,support,Platform Team,Rebuild the customer portal
Mallory Lopez,mallory.lopez523@example.com,support,Data Team,Build the analytics pipeline
Alice Lopez,alice.lopez524@example.com,sales,Platform Team,Rebuild the customer portal
Heidi White,heidi.white525@example.com,support,Platform Team,Rebuild the customer portal
Xavier Harris,xavier.harris526@example.com,engineering,Data Team,Build the analytics pipeline
Bob Lopez,bob.lopez527@example.com,support,Data Team,Build the analytics pipeline
Frank Clark,frank.clark528@example.com,support,Mobile Team,Ship the new mobile app
Peggy Lee,peggy.lee529@example.com,engineering,Growth Team,Expand into new markets
Carol Thompson,carol.thompson530@example.com,engineering,Mobile Team,Ship the new mobile app
Judy Miller,judy.miller531@example.com,engineering,Platform Team,Rebuild the customer portal
Carlos Johnson,carlos.johnson532@example.com,sales,Data Team,Build the analytics pipeline
Quentin Gonzalez,quentin.gonzalez533@example.com,sales,Mobile Team,Ship the new mobile app
Bob Harris,bob.harris534@example.com,sales,Growth Team,Expand into new markets
Laura Ramirez,laura.ramirez535@example.com,support,Platform Team,Rebuild the customer portal
Kevin Rodriguez,kevin.rodriguez536@example.com,sales,Platform Team,Rebuild the customer portal
Niaj Lewis,niaj.lewis537@example.com,support,Mobile Team,Ship the new mobile app
Olivia Lewis,olivia.lewis538@example.com,sales,Mobile Team,Ship the new mobile app
Frank Thomas,frank.thomas539@example.com,sales,Mobile Team,Ship the new mobile app
Diana Sanchez,diana.sanchez540@example.com,engineering,Data Team,Build the analytics pipeline
Xavier Wilson,xavier.wilson541@example.com,sales,Platform Team,Rebuild the customer portal
Trent Clark,trent.clark542@example.com,support,Growth Team,Expand into new markets
Judy Hernandez,judy.hernandez543@example.com,engineering,Platform Team,Rebuild the customer portal
Kevin Perez,kevin.perez544@example.com,sales,Data Team,Build the analytics pipeline
Olivia Martin,olivia.martin545@example.com,engineering,Mobile Team,Ship the new mobile app
Wendy Anderson,wendy.anderson546@example.com,sales,Data Team,Build the analytics pipeline
Bob White,bob.white547@example.com,support,Data Team,Build the analytics pipeline
Niaj Rodriguez,niaj.rodriguez548@example.com,engineering,Platform Team,Rebuild the customer portal
Victor Lee,victor.lee549@example.com,sales,Mobile Team,Ship the new mobile app
Quentin Sanchez,quentin.sanchez550@example.com,engineering,Growth Team,Expand into new markets
Eve Ramirez,eve.ramirez551@example.com,engineering,Mobile Team,Ship the new mobile app
Eve Williams,eve.williams552@example.com,support,Growth Team,Expand into new markets
Laura Lopez,laura.lopez553@example.com,support,Mobile Team,Ship the new mobile app
Bob Martin,bob.martin554@example.com,support,Growth Team,Expand into new markets
Olivia Lopez,olivia.lopez555@example.com,sales,Data Team,Build the analytics pipeline
Yolanda Williams,yolanda.williams556@example.com,support,Growth Team,Expand into new markets
Laura Gonzalez,laura.gonzalez557@example.com,support,Data Team,Build the analytics pipeline
Ivan Davis,ivan.davis558@example.com,engineering,Platform Team,Rebuild the customer portal
Xavier Garcia,xavier.garcia559@example.com,support,Mobile Team,Ship the new mobile app
Mallory Robinson,mallory.robinson560@example.com,sales,Platform Team,Rebuild the customer portal
Yolanda Rodriguez,yolanda.rodriguez561@example.com,engineering,Mobile Team,Ship the new mobile app
Trent Martinez,trent.martinez562@example.com,engineering,Mobile Team,Ship the new mobile app
Dave Jones,dave.jones563@example.com,sales,Platform Team,Rebuild the customer portal
Frank Lewis,frank.lewis564@example.com,engineering,Mobile Team,Ship the new mobile app
Zach Perez,zach.perez565@example.com,support,Data Team,Build the analytics pipeline
Laura Thompson,laura.thompson566@example.com,support,Platform Team,Rebuild the customer portal
Ruth Martinez,ruth.martinez567@example.com,engineering,Data Team,Build the analytics pipeline
Wendy Thompson,wendy.thompson568@example.com,sales,Growth Team,Expand into new markets
Quentin Davis,quentin.davis569@example.com,engineering,Platform Team,Rebuild the customer portal
Zach Jones,zach.jones570@example.com,sales,Growth Team,Expand into new markets
Alice Lopez,alice.lopez571@example.com,sales,Data Team,Build the analytics pipeline
Zach Moore,zach.moore572@example.com,support,Growth Team,Expand into new markets
Carlos Williams,carlos.williams573@example.com,sales,Platform Team,Rebuild the customer portal
Mallory Thompson,mallory.thompson574@example.com,support,Mobile Team,Ship the new mobile app
Niaj Harris,niaj.harris575@example.com,support,Mobile Team,Ship the new mobile app
Carol Jones,carol.jones576@example.com,support,Data Team,Build the analytics pipeline
Carol Anderson,carol.anderson577@example.com,support,Mobile Team,Ship the new mobile app
Quentin Lopez,quentin.lopez578@example.com,support,Growth Team,Expand into new markets
Uma Jackson,uma.jackson579@example.com,engineering,Growth Team,Expand into new markets
Niaj Taylor,niaj.taylor580@example.com,engineering,Platform Team,Rebuild the customer portal
Quentin Jones,quentin.jones581@example.com,engineering,Data Team,Build the analytics pipeline
Frank Hernandez,frank.hernandez582@example.com,sales,Growth Team,Expand into new markets
Quentin Lewis,quentin.lewis583@example.com,engineering,Data Team,Build the analytics pipeline
Ivan Miller,ivan.miller584@example.com,engineering,Data Team,Build the analytics pipeline
Uma Martinez,uma.martinez585@example.com,support,Platform Team,Rebuild the customer portal
Uma Garcia,uma.garcia586@example.com,engineering,Growth Team,Expand into new markets
Victor Martin,victor.martin587@example.com,support,Data Team,Build the analytics pipeline
Bob Clark,bob.clark588@example.com,engineering,Platform Team,Rebuild the customer portal
Bob Lee,bob.lee589@example.com,support,Data Team,Build the analytics pipeline
Grace Harris,grace.harris590@example.com,support,Mobile Team,Ship the new mobile app
Uma Smith,uma.smith591@example.com,support,Mobile Team,Ship the new mobile app
Ruth Martinez,ruth.martinez592@example.com,sales,Data Team,Build the analytics pipeline
Heidi Sanchez,heidi.sanchez593@example.com,sales,Mobile Team,Ship the new mobile app
Olivia Williams,olivia.williams594@example.com,engineering,Platform Team,Rebuild the customer portal
Olivia Wilson,olivia.wilson595@example.com,sales,Mobile Team,Ship the new mobile app
Grace Hernandez,grace.hernandez596@example.com,sales,Growth Team,Expand into new markets
Bianca Thompson,bianca.thompson597@example.com,support,Data Team,Build the analytics pipeline
Bianca Lopez,bianca.lopez598@example.com,engineering,Mobile Team,Ship the new mobile app
Yolanda Lopez,yolanda.lopez599@example.com,sales,Platform Team,Rebuild the customer portal
Heidi Anderson,heidi.anderson600@example.com,sales,Platform Team,Rebuild the customer portal
Olivia Davis,olivia.davis601@example.com,engineering,Growth Team,Expand into new markets
Bob Martinez,bob.martinez602@example.com,support,Mobile Team,Ship the new mobile app
Niaj Davis,niaj.davis603@example.com,sales,Growth Team,Expand into new markets
Diana Jackson,diana.jackson604@example.com,engineering,Data Team,Build the analytics pipeline
Yolanda Garcia,yolanda.garcia605@example.com,support,Mobile Team,Ship the new mobile app
Olivia Thomas,olivia.thomas606@example.com,sales,Data Team,Build the analytics pipeline
Alice Williams,alice.williams607@example.com,support,Mobile Team,Ship the new mobile app
Olivia Davis,olivia.davis608@example.com,support,Growth Team,Expand into new markets
Laura Johnson,laura.johnson609@example.com,sales,Platform Team,Rebuild the customer portal
Peggy Martin,peggy.martin610@example.com,sales,Mobile Team,Ship the new mobile app
Ruth Smith,ruth.smith611@example.com,sales,Platform Team,Rebuild the customer portal
Eve Lewis,eve.lewis612@example.com,support,Data Team,Build the analytics pipeline
Laura Harris,laura.harris613@example.com,sales,Mobile Team,Ship the new mobile app
Bob Gonzalez,bob.gonzalez614@example.com,support,Platform Team,Rebuild the customer portal
Ruth Miller,ruth.miller615@example.com,support,Data Team,Build the analytics pipeline
Judy Williams,judy.williams616@example.com,support,Mobile Team,Ship the new mobile app
Olivia Harris,olivia.harris617@example.com,support,Data Team,Build the analytics pipeline
Victor Martin,victor.martin618@example.com,engineering,Platform Team,Rebuild the customer portal
Dave Gonzalez,dave.gonzalez619@example.com,sales,Data Team,Build the analytics pipeline
Ruth Lopez,ruth.lopez620@example.com,engineering,Growth Team,Expand into new markets
Trent Taylor,trent.taylor621@example.com,support,Mobile Team,Ship the new mobile app
Bob Johnson,bob.johnson622@example.com,engineering,Platform Team,Rebuild the customer portal
Wendy Hernandez,wendy.hernandez623@example.com,support,Mobile Team,Ship the new mobile app
Olivia Jones,olivia.jones624@example.com,sales,Growth Team,Expand into new markets
Diana Martin,diana.martin625@example.com,engineering,Data Team,Build the analytics pipeline
Mallory Martin,mallory.martin626@example.com,support,Data Team,Build the analytics pipeline
Kevin Taylor,kevin.taylor627@example.com,support,Mobile Team,Ship the new mobile app
Sybil Martinez,sybil.martinez628@example.com,engineering,Mobile Team,Ship the new mobile app
Laura Hernandez,laura.hernandez629@example.com,sales,Platform Team,Rebuild the customer portal
Sybil Martinez,sybil.martinez630@example.com,support,Platform Team,Rebuild the customer portal
Peggy Rodriguez,peggy.rodriguez631@example.com,support,Growth Team,Expand into new markets
Bob Jackson,bob.jackson632@example.com,engineering,Mobile Team,Ship the new mobile app
Quentin Lee,quentin.lee633@example.com,engineering,Mobile Team,Ship the new mobile app
Amir Perez,amir.perez634@example.com,engineering,Growth Team,Expand into new markets
Sybil Thompson,sybil.thompson635@example.com,engineering,Platform Team,Rebuild the customer portal
Alice Anderson,alice.anderson636@example.com,sales,Data Team,Build the analytics pipeline
Eve Wilson,eve.wilson637@example.com,sales,Growth Team,Expand into new markets
Quentin Harris,quentin.harris638@example.com,support,Mobile Team,Ship the new mobile app
Xavier Johnson,xavier.johnson639@example.com,support,Growth Team,Expand into new markets
Grace Moore,grace.moore640@example.com,support,Data Team,Build the analytics pipeline
Peggy Taylor,peggy.taylor641@example.com,sales,Mobile Team,Ship the new mobile app
Frank Anderson,frank.anderson642@example.com,support,Data Team,Build the analytics pipeline
Laura Perez,laura.perez643@example.com,support,Data Team,Build the analytics pipeline
Peggy Miller,peggy.miller644@example.com,sales,Growth Team,Expand into new markets
Ruth Martinez,ruth.martinez645@example.com,sales,Growth Team,Expand into new markets
Yolanda Martinez,yolanda.martinez646@example.com,support,Growth Team,Expand into new markets
Wendy Thomas,wendy.thomas647@example.com,sales,Data Team,Build the analytics pipeline
Laura Moore,laura.moore648@example.com,sales,Data Team,Build the analytics pipeline
Dave Jackson,dave.jackson649@example.com,sales,Mobile Team,Ship the new mobile app
Amir Lopez,amir.lopez650@example.com,sales,Growth Team,Expand into new markets
Bob Martinez,bob.martinez651@example.com,sales,Platform Team,Rebuild the customer portal
Diana Anderson,diana.anderson652@example.com,support,Data Team,Build the analytics pipeline
Peggy Miller,peggy.miller653@example.com,support,Growth Team,Expand into new markets
Ivan Robinson,ivan.robinson654@example.com,engineering,Data Team,Build the analytics pipeline
Dave Martin,dave.martin655@example.com,engineering,Growth Team,Expand into new markets
Bob Perez,bob.perez656@example.com,support,Growth Team,Expand into new markets
Heidi Johnson,heidi.johnson657@example.com,sales,Platform Team,Rebuild the customer portal
Kevin Thompson,kevin.thompson658@example.com,engineering,Mobile Team,Ship the new mobile app
Victor Harris,victor.harris659@example.com,engineering,Growth Team,Expand into new markets
Ruth Robinson,ruth.robinson660@example.com,sales,Growth Team,Expand into new markets
Uma Robinson,uma.robinson661@example.com,sales,Mobile Team,Ship the new mobile app
Uma Miller,uma.miller662@example.com,sales,Data Team,Build the analytics pipeline
Judy Lee,judy.lee663@example.com,engineering,Platform Team,Rebuild the customer portal
Uma Jackson,uma.jackson664@example.com,support,Growth Team,Expand into new markets
Xavier White,xavier.white665@example.com,engineering,Platform Team,Rebuild the customer portal
Niaj Lewis,niaj.lewis666@example.com,engineering,Growth Team,Expand into new markets
Amir Gonzalez,amir.gonzalez667@example.com,engineering,Mobile Team,Ship the new mobile app
Diana White,diana.white668@example.com,engineering,Data Team,Build the analytics pipeline
Alice Martinez,alice.martinez669@example.com,sales,Platform Team,Rebuild the customer portal
Judy Anderson,judy.anderson670@example.com,engineering,Mobile Team,Ship the new mobile app
Bianca Taylor,bianca.taylor671@example.com,sales,Mobile Team,Ship the new mobile app
Grace Sanchez,grace.sanchez672@example.com,sales,Platform Team,Rebuild the customer portal
Frank White,frank.white673@example.com,support,Mobile Team,Ship the new mobile app
Ivan Thompson,ivan.thompson674@example.com,engineering,Growth Team,Expand into new markets
Xavier Hernandez,xavier.hernandez675@example.com,support,Data Team,Build the analytics pipeline
Victor Harris,victor.harris676@example.com,engineering,Growth Team,Expand into new markets
Trent Ramirez,trent.ramirez677@example.com,sales,Mobile Team,Ship the new mobile app
Quentin Hernandez,quentin.hernandez678@example.com,sales,Platform Team,Rebuild the customer portal
Victor Brown,victor.brown679@example.com,engineering,Growth Team,Expand into new markets
Peggy Hernandez,peggy.hernandez680@example.com,engineering,Growth Team,Expand into new markets
Ivan Gonzalez,ivan.gonzalez681@example.com,sales,Growth Team,Expand into new markets
Yolanda Rodriguez,yolanda.rodriguez682@example.com,sales,Data Team,Build the analytics pipeline
Sybil White,sybil.white683@example.com,sales,Platform Team,Rebuild the customer portal
Uma Lopez,uma.lopez684@example.com,engineering,Growth Team,Expand into new markets
Victor Brown,victor.brown685@example.com,sales,Mobile Team,Ship the new mobile app
Frank Gonzalez,frank.gonzalez686@example.com,support,Data Team,Build the analytics pipeline
Dave Lee,dave.lee687@example.com,sales,Data Team,Build the analytics pipeline
Trent Davis,trent.davis688@example.com,engineering,Growth Team,Expand into new markets
Peggy Jones,peggy.jones689@example.com,support,Mobile Team,Ship the new mobile app
Trent Lopez,trent.lopez690@example.com,support,Mobile Team,Ship the new mobile app
Ruth Robinson,ruth.robinson691@example.com,support,Mobile Team,Ship the new mobile app
Zach Perez,zach.perez692@example.com,engineering,Growth Team,Expand into new markets
Victor Harris,victor.harris693@example.com,support,Platform Team,Rebuild the customer portal
Olivia Taylor,olivia.taylor694@example.com,engineering,Data Team,Build the analytics pipeline
Diana Jackson,diana.jackson695@example.com,engineering,Platform Team,Rebuild the customer portal
Amir Moore,amir.moore696@example.com,support,Growth Team,Expand into new markets
Ruth Jones,ruth.jones697@example.com,sales,Growth Team,Expand into new markets
Bianca Taylor,bianca.taylor698@example.com,engineering,Mobile Team,Ship the new mobile app
Victor Miller,victor.miller699@example.com,engineering,Mobile Team,Ship the new mobile app
Carlos Taylor,carlos.taylor700@example.com,engineering,Mobile Team,Ship the new mobile app
Olivia Jones,olivia.jones701@example.com,sales,Mobile Team,Ship the new mobile app
Sybil Johnson,sybil.johnson702@example.com,support,Mobile Team,Ship the new mobile app
Zach Martinez,zach.martinez703@example.com,sales,Platform Team,Rebuild the customer portal
Ivan Clark,ivan.clark704@example.com,support,Platform Team,Rebuild the customer portal
Grace Jackson,grace.jackson705@example.com,engineering,Platform Team,Rebuild the customer portal
Niaj Lopez,niaj.lopez706@example.com,support,Platform Team,Rebuild the customer portal
Bob Robinson,bob.robinson707@example.com,sales,Platform Team,Rebuild the customer portal
Bob Martinez,bob.martinez708@example.com,engineering,Mobile Team,Ship the new mobile app
Yolanda Jones,yolanda.jones709@example.com,sales,Mobile Team,Ship the new mobile app
Carlos Gonzalez,carlos.gonzalez710@example.com,sales,Mobile Team,Ship the new mobile app
Mallory Williams,mallory.williams711@example.com,support,Growth Team,Expand into new markets
Bianca Lopez,bianca.lopez712@example.com,engineering,Platform Team,Rebuild the customer portal
Ruth Gonzalez,ruth.gonzalez713@example.com,support,Growth Team,Expand into new markets
Heidi Clark,heidi.clark714@example.com,engineering,Platform Team,Rebuild the customer portal
Judy Anderson,judy.anderson715@example.com,support,Mobile Team,Ship the new mobile app
Mallory Clark,mallory.clark716@example.com,engineering,Growth Team,Expand into new markets
Olivia Lopez,olivia.lopez717@example.com,sales,Growth Team,Expand into new markets
Grace Robinson,grace.robinson718@example.com,engineering,Platform Team,Rebuild the customer portal
Zach Perez,zach.perez719@example.com,support,Mobile Team,Ship the new mobile app
Yolanda Robinson,yolanda.robinson720@example.com,engineering,Platform Team,Rebuild the customer portal
Grace Williams,grace.williams721@example.com,support,Platform Team,Rebuild the customer portal
Bob Anderson,bob.anderson722@example.com,engineering,Platform Team,Rebuild the customer portal
Xavier Johnson,xavier.johnson723@example.com,sales,Mobile Team,Ship the new mobile app
Heidi Moore,heidi.moore724@example.com,engineering,Growth Team,Expand into new markets
Eve Taylor,eve.taylor725@example.com,engineering,Data Team,Build the analytics pipeline
Amir Robinson,amir.robinson726@example.com,support,Data Team,Build the analytics pipeline
Trent Harris,trent.harris727@example.com,engineering,Data Team,Build the analytics pipeline
Judy Lewis,judy.lewis728@example.com,support,Growth Team,Expand into new markets
Quentin Davis,quentin.davis729@example.com,sales,Mobile Team,Ship the new mobile app
Ivan Johnson,ivan.johnson730@example.com,support,Growth Team,Expand into new markets
Victor Wilson,victor.wilson731@example.com,engineering,Mobile Team,Ship the new mobile app
Laura Lee,laura.lee732@example.com,support,Mobile Team,Ship the new mobile app
Kevin Thompson,kevin.thompson733@example.com,sales,Mobile Team,Ship the new mobile app
Eve Martinez,eve.martinez734@example.com,engineering,Mobile Team,Ship the new mobile app
Yolanda Moore,yolanda.moore735@example.com,engineering,Mobile Team,Ship the new mobile app
Bianca Davis,bianca.davis736@example.com,support,Data Team,Build the analytics pipeline
Eve Sanchez,eve.sanchez737@example.com,engineering,Mobile Team,Ship the new mobile app
Ruth Wilson,ruth.wilson738@example.com,support,Mobile Team,Ship the new mobile app
Quentin Jones,quentin.jones739@example.com,engineering,Mobile Team,Ship the new mobile app
Ivan Miller,ivan.miller740@example.com,support,Data Team,Build the analytics pipeline
Carol Robinson,carol.robinson741@example.com,sales,Mobile Team,Ship the new mobile app
Carol Moore,carol.moore742@example.com,engineering,Growth Team,Expand into new markets
Ivan Gonzalez,ivan.gonzalez743@example.com,engineering,Platform Team,Rebuild the customer portal
Grace Sanchez,grace.sanchez744@example.com,sales,Growth Team,Expand into new markets
Grace Ramirez,grace.ramirez745@example.com,sales,Data Team,Build the analytics pipeline
Diana Smith,diana.smith746@example.com,engineering,Growth Team,Expand into new markets
Xavier Brown,xavier.brown747@example.com,engineering,Mobile Team,Ship the new mobile app
Wendy Martin,wendy.martin748@example.com,sales,Growth Team,Expand into new markets
Diana Davis,diana.davis749@example.com,sales,Data Team,Build the analytics pipeline
Mallory Anderson,mallory.anderson750@example.com,sales,Data Team,Build the analytics pipeline
Ivan Lopez,ivan.lopez751@example.com,sales,Mobile Team,Ship the new mobile app
Dave Sanchez,dave.sanchez752@example.com,sales,Mobile Team,Ship the new mobile app
Diana Miller,diana.miller753@example.com,sales,Data Team,Build the analytics pipeline
Niaj Johnson,niaj.johnson754@example.com,support,Growth Team,Expand into new markets
Eve Smith,eve.smith755@example.com,support,Data Team,Build the analytics pipeline
Diana Jackson,diana.jackson756@example.com,sales,Mobile Team,Ship the new mobile app
Eve Miller,eve.miller757@example.com,engineering,Data Team,Build the analytics pipeline
Mallory Jackson,mallory.jackson758@example.com,sales,Growth Team,Expand into new markets
Ruth Lee,ruth.lee759@example.com,sales,Data Team,Build the analytics pipeline
Yolanda Clark,yolanda.clark760@example.com,support,Mobile Team,Ship the new mobile app
Uma White,uma.white761@example.com,sales,Mobile Team,Ship the new mobile app
Frank White,frank.white762@example.com,engineering,Data Team,Build the analytics pipeline
Eve White,eve.white763@example.com,engineering,Mobile Team,Ship the new mobile app
Diana Lewis,diana.lewis764@example.com,support,Platform Team,Rebuild the customer portal
Bob Clark,bob.clark765@example.com,support,Platform Team,Rebuild the customer portal
Bob Harris,bob.harris766@example.com,sales,Platform Team,Rebuild the customer portal
Eve Clark,eve.clark767@example.com,engineering,Growth Team,Expand into new markets
Wendy Jones,wendy.jones768@example.com,engineering,Platform Team,Rebuild the customer portal
Quentin Anderson,quentin.anderson769@example.com,engineering,Data Team,Build the analytics pipeline
Trent Lee,trent.lee770@example.com,support,Mobile Team,Ship the new mobile app
Peggy Smith,peggy.smith771@example.com,support,Platform Team,Rebuild the customer portal
Ruth Wilson,ruth.wilson772@example.com,engineering,Platform Team,Rebuild the customer portal
Quentin White,quentin.white773@example.com,support,Data Team,Build the analytics pipeline
Judy Smith,judy.smith774@example.com,engineering,Mobile Team,Ship the new mobile app
Dave Robinson,dave.robinson775@example.com,support,Platform Team,Rebuild the customer portal
Eve Davis,eve.davis776@example.com,support,Growth Team,Expand into new markets
Quentin Rodriguez,quentin.rodriguez777@example.com,sales,Data Team,Build the analytics pipeline
Zach Gonzalez,zach.gonzalez778@example.com,sales,Platform Team,Rebuild the customer portal
Mallory Anderson,mallory.anderson779@example.com,support,Growth Team,Expand into new markets
Heidi Martinez,heidi.martinez780@example.com,support,Platform Team,Rebuild the customer portal
Bianca Lee,bianca.lee781@example.com,engineering,Platform Team,Rebuild the customer portal
Mallory Gonzalez,mallory.gonzalez782@example.com,support,Mobile Team,Ship the new mobile app
Peggy Johnson,peggy.johnson783@example.com,support,Platform Team,Rebuild the customer portal
Frank Williams,frank.williams784@example.com,sales,Mobile Team,Ship the new mobile app
Uma Sanchez,uma.sanchez785@example.com,support,Data Team,Build the analytics pipeline
Bianca Brown,bianca.brown786@example.com,engineering,Platform Team,Rebuild the customer portal
Grace Lewis,grace.lewis787@example.com,sales,Mobile Team,Ship the new mobile app
Bob Robinson,bob.robinson788@example.com,support,Platform Team,Rebuild the customer portal
Diana Rodriguez,diana.rodriguez789@example.com,engineering,Platform Team,Rebuild the customer portal
Diana Ramirez,diana.ramirez790@example.com,engineering,Data Team,Build the analytics pipeline
Grace Jackson,grace.jackson791@example.com,support,Growth Team,Expand into new markets
Amir Gonzalez,amir.gonzalez792@example.com,sales,Platform Team,Rebuild the customer portal
Frank Jackson,frank.jackson793@example.com,support,Growth Team,Expand into new markets
Amir Ramirez,amir.ramirez794@example.com,support,Mobile Team,Ship the new mobile app
Carlos Moore,carlos.moore795@example.com,sales,Data Team,Build the analytics pipeline
Yolanda White,yolanda.white796@example.com,support,Growth Team,Expand into new markets
Xavier Williams,xavier.williams797@example.com,engineering,Data Team,Build the analytics pipeline
Dave Wilson,dave.wilson798@example.com,engineering,Growth Team,Expand into new markets
Kevin Martin,kevin.martin799@example.com,sales,Mobile Team,Ship the new mobile app
Alice Lee,alice.lee800@example.com,sales,Data Team,Build the analytics pipeline
Peggy Davis,peggy.davis801@example.com,support,Data Team,Build the analytics pipeline
Mallory Wilson,mallory.wilson802@example.com,support,Growth Team,Expand into new markets
Sybil Perez,sybil.perez803@example.com,engineering,Mobile Team,Ship the new mobile app
Yolanda Martin,yolanda.martin804@example.com,engineering,Data Team,Build the analytics pipeline
Wendy Williams,wendy.williams805@example.com,sales,Platform Team,Rebuild the customer portal
Eve Gonzalez,eve.gonzalez806@example.com,support,Growth Team,Expand into new markets
Mallory Hernandez,mallory.hernandez807@example.com,engineering,Data Team,Build the analytics pipeline
Carol Smith,carol.smith808@example.com,sales,Data Team,Build the analytics pipeline
Laura Harris,laura.harris809@example.com,engineering,Data Team,Build the analytics pipeline
Eve Williams,eve.williams810@example.com,sales,Growth Team,Expand into new markets
Olivia Moore,olivia.moore811@example.com,engineering,Mobile Team,Ship the new mobile app
Alice Williams,alice.williams812@example.com,support,Data Team,Build the analytics pipeline
Carol Martin,carol.martin813@example.com,sales,Data Team,Build the analytics pipeline
Alice Martinez,alice.martinez814@example.com,sales,Mobile Team,Ship the new mobile app
Yolanda Williams,yolanda.williams815@example.com,support,Growth Team,Expand into new markets
Quentin Garcia,quentin.garcia816@example.com,engineering,Mobile Team,Ship the new mobile app
Eve Rodriguez,eve.rodriguez817@example.com,sales,Data Team,Build the analytics pipeline
Peggy Jones,peggy.jones818@example.com,engineering,Platform Team,Rebuild the customer portal
Niaj Rodriguez,niaj.rodriguez819@example.com,sales,Mobile Team,Ship the new mobile app
Peggy Sanchez,peggy.sanchez820@example.com,sales,Platform Team,Rebuild the customer portal
Ivan Davis,ivan.davis821@example.com,support,Mobile Team,Ship the new mobile app
Trent Miller,trent.miller822@example.com,engineering,Mobile Team,Ship the new mobile app
Eve Martinez,eve.martinez823@example.com,sales,Platform Team,Rebuild the customer portal
Kevin Clark,kevin.clark824@example.com,sales,Mobile Team,Ship the new mobile app
Olivia Hernandez,olivia.hernandez825@example.com,support,Mobile Team,Ship the new mobile app
Trent Jones,trent.jones826@example.com,sales,Data Team,Build the analytics pipeline
Trent Thompson,trent.thompson827@example.com,sales,Growth Team,Expand into new markets
Kevin Garcia,kevin.garcia828@example.com,sales,Mobile Team,Ship the new mobile app
Judy White,judy.white829@example.com,support,Mobile Team,Ship the new mobile app
Zach Davis,zach.davis830@example.com,sales,Data Team,Build the analytics pipeline
Ivan Clark,ivan.clark831@example.com,sales,Mobile Team,Ship the new mobile app
Dave Robinson,dave.robinson832@example.com,support,Growth Team,Expand into new markets
Ruth Garcia,ruth.garcia833@example.com,support,Platform Team,Rebuild the customer portal
Olivia Thompson,olivia.thompson834@example.com,sales,Growth Team,Expand into new markets
Zach Martinez,zach.martinez835@example.com,sales,Platform Team,Rebuild the customer portal
Victor Thomas,victor.thomas836@example.com,support,Growth Team,Expand into new markets
Judy Davis,judy.davis837@example.com,support,Data Team,Build the analytics pipeline
Eve Thompson,eve.thompson838@example.com,sales,Mobile Team,Ship the new mobile app
Carol Anderson,carol.anderson839@example.com,support,Mobile Team,Ship the new mobile app
Mallory Moore,mallory.moore840@example.com,support,Mobile Team,Ship the new mobile app
Bob Sanchez,bob.sanchez841@example.com,support,Data Team,Build the analytics pipeline
Carlos Sanchez,carlos.sanchez842@example.com,engineering,Platform Team,Rebuild the customer portal
Yolanda Davis,yolanda.davis843@example.com,engineering,Data Team,Build the analytics pipeline
Uma Martin,uma.martin844@example.com,support,Platform Team,Rebuild the customer portal
Uma Perez,uma.perez845@example.com,sales,Mobile Team,Ship the new mobile app
Zach Wilson,zach.wilson846@example.com,engineering,Platform Team,Rebuild the customer portal
Dave Rodriguez,dave.rodriguez847@example.com,support,Growth Team,Expand into new markets
Xavier Taylor,xavier.taylor848@example.com,sales,Growth Team,Expand into new markets
Laura Gonzalez,laura.gonzalez849@example.com,support,Mobile Team,Ship the new mobile app
Sybil Thompson,sybil.thompson850@example.com,sales,Growth Team,Expand into new markets
Alice Thomas,alice.thomas851@example.com,sales,Platform Team,Rebuild the customer portal
Niaj Robinson,niaj.robinson852@example.com,engineering,Platform Team,Rebuild the customer portal
Amir White,amir.white853@example.com,sales,Growth Team,Expand into new markets
Judy Hernandez,judy.hernandez854@example.com,engineering,Mobile Team,Ship the new mobile app
Quentin Thomas,quentin.thomas855@example.com,sales,Data Team,Build the analytics pipeline
Dave Anderson,dave.anderson856@example.com,sales,Mobile Team,Ship the new mobile app
Carol Martinez,carol.martinez857@example.com,support,Platform Team,Rebuild the customer portal
Dave Smith,dave.smith858@example.com,support,Data Team,Build the analytics pipeline
Dave Perez,dave.perez859@example.com,support,Growth Team,Expand into new markets
Heidi Taylor,heidi.taylor860@example.com,support,Growth Team,Expand into new markets
Frank Hernandez,frank.hernandez861@example.com,sales,Mobile Team,Ship the new mobile app
Heidi Sanchez,heidi.sanchez862@example.com,support,Mobile Team,Ship the new mobile app
Frank Garcia,frank.garcia863@example.com,sales,Mobile Team,Ship the new mobile app
Alice White,alice.white864@example.com,sales,Growth Team,Expand into new markets
Sybil Wilson,sybil.wilson865@example.com,engineering,Mobile Team,Ship the new mobile app
Wendy Miller,wendy.miller866@example.com,sales,Growth Team,Expand into new markets
Yolanda Thompson,yolanda.thompson867@example.com,support,Platform Team,Rebuild the customer portal
Dave Sanchez,dave.sanchez868@example.com,sales,Growth Team,Expand into new markets
Kevin Miller,kevin.miller869@example.com,engineering,Mobile Team,Ship the new mobile app
Ivan Perez,ivan.perez870@example.com,support,Mobile Team,Ship the new mobile app
Uma Hernandez,uma.hernandez871@example.com,support,Mobile Team,Ship the new mobile app
Mallory Jackson,mallory.jackson872@example.com,sales,Platform Team,Rebuild the customer portal
Laura Ramirez,laura.ramirez873@example.com,support,Mobile Team,Ship the new mobile app
Frank Clark,frank.clark874@example.com,support,Data Team,Build the analytics pipeline
Sybil Williams,sybil.williams875@example.com,sales,Growth Team,Expand into new markets
Dave Davis,dave.davis876@example.com,engineering,Data Team,Build the analytics pipeline
Frank Lopez,frank.lopez877@example.com,support,Growth Team,Expand into new markets
Mallory Wilson,mallory.wilson878@example.com,support,Growth Team,Expand into new markets
Mallory Wilson,mallory.wilson879@example.com,sales,Growth Team,Expand into new markets
Uma Moore,uma.moore880@example.com,support,Growth Team,Expand into new markets
Frank Thomas,frank.thomas881@example.com,engineering,Data Team,Build the analytics pipeline
Frank Hernandez,frank.hernandez882@example.com,support,Mobile Team,Ship the new mobile app
Bob Ramirez,bob.ramirez883@example.com,engineering,Data Team,Build the analytics pipeline
Peggy Jones,peggy.jones884@example.com,sales,Growth Team,Expand into new markets
Ruth Taylor,ruth.taylor885@example.com,sales,Mobile Team,Ship the new mobile app
Victor Thomas,victor.thomas886@example.com,support,Mobile Team,Ship the new mobile app
Amir Anderson,amir.anderson887@example.com,engineering,Mobile Team,Ship the new mobile app
Carol Jackson,carol.jackson888@example.com,engineering,Platform Team,Rebuild the customer portal
Judy Johnson,judy.johnson889@example.com,engineering,Data Team,Build the analytics pipeline
Ruth Martinez,ruth.martinez890@example.com,sales,Growth Team,Expand into new markets
Sybil White,sybil.white891@example.com,support,Mobile Team,Ship the new mobile app
Quentin Brown,quentin.brown892@example.com,sales,Platform Team,Rebuild the customer portal
Yolanda Moore,yolanda.moore893@example.com,support,Data Team,Build the analytics pipeline
Amir Harris,amir.harris894@example.com,support,Platform Team,Rebuild the customer portal
Olivia Moore,olivia.moore895@example.com,sales,Growth Team,Expand into new markets
Dave White,dave.white896@example.com,sales,Growth Team,Expand into new markets
Bianca Johnson,bianca.johnson897@example.com,sales,Mobile Team,Ship the new mobile app
Laura Ramirez,laura.ramirez898@example.com,sales,Platform Team,Rebuild the customer portal
Bianca Brown,bianca.brown899@example.com,engineering,Growth Team,Expand into new markets
Zach White,zach.white900@example.com,support,Data Team,Build the analytics pipeline
Trent Lee,trent.lee901@example.com,engineering,Mobile Team,Ship the new mobile app
Trent Jones,trent.jones902@example.com,engineering,Growth Team,Expand into new markets
Zach Johnson,zach.johnson903@example.com,support,Data Team,Build the analytics pipeline
Ivan Martin,ivan.martin904@example.com,sales,Growth Team,Expand into new markets
Wendy Martinez,wendy.martinez905@example.com,support,Data Team,Build the analytics pipeline
Ivan Ramirez,ivan.ramirez906@example.com,engineering,Platform Team,Rebuild the customer portal
Yolanda Sanchez,yolanda.sanchez907@example.com,engineering,Mobile Team,Ship the new mobile app
Ivan Ramirez,ivan.ramirez908@example.com,support,Growth Team,Expand into new markets
Bianca Jones,bianca.jones909@example.com,engineering,Growth Team,Expand into new markets
Wendy Hernandez,wendy.hernandez910@example.com,support,Growth Team,Expand into new markets
Mallory Thomas,mallory.thomas911@example.com,support,Growth Team,Expand into new markets
Uma Rodriguez,uma.rodriguez912@example.com,sales,Mobile Team,Ship the new mobile app
Olivia Williams,olivia.williams913@example.com,sales,Platform Team,Rebuild the customer portal
Quentin White,quentin.white914@example.com,support,Data Team,Build the analytics pipeline
Diana Lewis,diana.lewis915@example.com,sales,Data Team,Build the analytics pipeline
Peggy Hernandez,peggy.hernandez916@example.com,support,Platform Team,Rebuild the customer portal
Carol White,carol.white917@example.com,support,Mobile Team,Ship the new mobile app
Victor Thompson,victor.thompson918@example.com,engineering,Data Team,Build the analytics pipeline
Zach Moore,zach.moore919@example.com,engineering,Mobile Team,Ship the new mobile app
Niaj Clark,niaj.clark920@example.com,sales,Growth Team,Expand into new markets
Ivan Hernandez,ivan.hernandez921@example.com,sales,Data Team,Build the analytics pipeline
Ruth Jackson,ruth.jackson922@example.com,support,Growth Team,Expand into new markets
Bianca Thomas,bianca.thomas923@example.com,support,Data Team,Build the analytics pipeline
Yolanda Johnson,yolanda.johnson924@example.com,engineering,Platform Team,Rebuild the customer portal
Uma Sanchez,uma.sanchez925@example.com,engineering,Mobile Team,Ship the new mobile app
Dave Robinson,dave.robinson926@example.com,sales,Growth Team,Expand into new markets
Olivia Smith,olivia.smith927@example.com,engineering,Mobile Team,Ship the new mobile app
Wendy Robinson,wendy.robinson928@example.com,support,Growth Team,Expand into new markets
Judy Garcia,judy.garcia929@example.com,engineering,Data Team,Build the analytics pipeline
Uma Lopez,uma.lopez930@example.com,engineering,Data Team,Build the analytics pipeline
Laura Perez,laura.perez931@example.com,engineering,Growth Team,Expand into new markets
Mallory Lee,mallory.lee932@example.com,support,Data Team,Build the analytics pipeline
Wendy Harris,wendy.harris933@example.com,sales,Growth Team,Expand into new markets
Uma Williams,uma.williams934@example.com,engineering,Platform Team,Rebuild the customer portal
Grace Thomas,grace.thomas935@example.com,engineering,Platform Team,Rebuild the customer portal
Sybil Davis,sybil.davis936@example.com,engineering,Mobile Team,Ship the new mobile app
Alice Thompson,alice.thompson937@example.com,engineering,Data Team,Build the analytics pipeline
Bianca Wilson,bianca.wilson938@example.com,sales,Growth Team,Expand into new markets
Carol Davis,carol.davis939@example.com,engineering,Mobile Team,Ship the new mobile app
Xavier Sanchez,xavier.sanchez940@example.com,engineering,Platform Team,Rebuild the customer portal
Kevin Lopez,kevin.lopez941@example.com,engineering,Data Team,Build the analytics pipeline
Mallory Harris,mallory.harris942@example.com,support,Growth Team,Expand into new markets
Victor Jones,victor.jones943@example.com,support,Platform Team,Rebuild the customer portal
Sybil Smith,sybil.smith944@example.com,sales,Growth Team,Expand into new markets
Laura White,laura.white945@example.com,support,Growth Team,Expand into new markets
Xavier Jones,xavier.jones946@example.com,support,Mobile Team,Ship the new mobile app
Victor Anderson,victor.anderson947@example.com,engineering,Growth Team,Expand into new markets
Carlos Brown,carlos.brown948@example.com,engineering,Growth Team,Expand into new markets
Sybil White,sybil.white949@example.com,sales,Mobile Team,Ship the new mobile app
Niaj Hernandez,niaj.hernandez950@example.com,engineering,Growth Team,Expand into new markets
Ivan Lee,ivan.lee951@example.com,engineering,Platform Team,Rebuild the customer portal
Ruth Martin,ruth.martin952@example.com,support,Data Team,Build the analytics pipeline
Alice Ramirez,alice.ramirez953@example.com,engineering,Data Team,Build the analytics pipeline
Quentin Martin,quentin.martin954@example.com,support,Growth Team,Expand into new markets
Mallory Martinez,mallory.martinez955@example.com,engineering,Platform Team,Rebuild the customer portal
Peggy Gonzalez,peggy.gonzalez956@example.com,engineering,Platform Team,Rebuild the customer portal
Peggy Lee,peggy.lee957@example.com,support,Platform Team,Rebuild the customer portal
Carlos Smith,carlos.smith958@example.com,sales,Data Team,Build the analytics pipeline
Eve Gonzalez,eve.gonzalez959@example.com,sales,Mobile Team,Ship the new mobile app
Ruth Perez,ruth.perez960@example.com,sales,Growth Team,Expand into new markets
Yolanda Williams,yolanda.williams961@example.com,support,Platform Team,Rebuild the customer portal
Carol Smith,carol.smith962@example.com,engineering,Data Team,Build the analytics pipeline
Bob Robinson,bob.robinson963@example.com,sales,Platform Team,Rebuild the customer portal
Quentin Martinez,quentin.martinez964@example.com,sales,Mobile Team,Ship the new mobile app
Wendy Gonzalez,wendy.gonzalez965@example.com,support,Platform Team,Rebuild the customer portal
Ruth Moore,ruth.moore966@example.com,sales,Growth Team,Expand into new markets
Carol Martinez,carol.martinez967@example.com,support,Platform Team,Rebuild the customer portal
Diana Miller,diana.miller968@example.com,support,Growth Team,Expand into new markets
Kevin Gonzalez,kevin.gonzalez969@example.com,sales,Platform Team,Rebuild the customer portal
Wendy Wilson,wendy.wilson970@example.com,engineering,Growth Team,Expand into new markets
Heidi Williams,heidi.williams971@example.com,engineering,Mobile Team,Ship the new mobile app
Olivia Martin,olivia.martin972@example.com,sales,Platform Team,Rebuild the customer portal
Victor White,victor.white973@example.com,engineering,Growth Team,Expand into new markets
Alice Thompson,alice.thompson974@example.com,support,Growth Team,Expand into new markets
Alice Garcia,alice.garcia975@example.com,sales,Mobile Team,Ship the new mobile app
Quentin Taylor,quentin.taylor976@example.com,engineering,Data Team,Build the analytics pipeline
Laura Jones,laura.jones977@example.com,support,Data Team,Build the analytics pipeline
Carlos Brown,carlos.brown978@example.com,sales,Platform Team,Rebuild the customer portal
Zach Wilson,zach.wilson979@example.com,support,Data Team,Build the analytics pipeline
Carol Rodriguez,carol.rodriguez980@example.com,sales,Platform Team,Rebuild the customer portal
Olivia Taylor,olivia.taylor981@example.com,engineering,Data Team,Build the analytics pipeline
Peggy Ramirez,peggy.ramirez982@example.com,sales,Growth Team,Expand into new markets
Frank Rodriguez,frank.rodriguez983@example.com,support,Platform Team,Rebuild the customer portal
Victor White,victor.white984@example.com,engineering,Platform Team,Rebuild the customer portal
Xavier Taylor,xavier.taylor985@example.com,engineering,Platform Team,Rebuild the customer portal
Bianca Ramirez,bianca.ramirez986@example.com,engineering,Platform Team,Rebuild the customer portal
Bob Thomas,bob.thomas987@example.com,sales,Data Team,Build the analytics pipeline
Diana Jones,diana.jones988@example.com,engineering,Growth Team,Expand into new markets
Ruth Sanchez,ruth.sanchez989@example.com,engineering,Mobile Team,Ship the new mobile app
Kevin Davis,kevin.davis990@example.com,support,Mobile Team,Ship the new mobile app
Kevin Rodriguez,kevin.rodriguez991@example.com,support,Platform Team,Rebuild the customer portal
Laura Brown,laura.brown992@example.com,engineering,Platform Team,Rebuild the customer portal
Heidi Sanchez,heidi.sanchez993@example.com,sales,Platform Team,Rebuild the customer portal
Carol Lewis,carol.lewis994@example.com,sales,Mobile Team,Ship the new mobile app
Yolanda Ramirez,yolanda.ramirez995@example.com,sales,Data Team,Build the analytics pipeline
Carol Moore,carol.moore996@example.com,engineering,Mobile Team,Ship the new mobile app
Laura Miller,laura.miller997@example.com,support,Data Team,Build the analytics pipeline
Zach Martinez,zach.martinez998@example.com,sales,Growth Team,Expand into new markets
Laura Jackson,laura.jackson999@example.com,engineering,Mobile Team,Ship the new mobile app
Xavier Lewis,xavier.lewis1000@example.com,engineering,Growth Team,Expand into new markets
Alice Robinson,alice.robinson1001@example.com,engineering,Mobile Team,Ship the new mobile app
Heidi Moore,heidi.moore1002@example.com,support,Data Team,Build the analytics pipeline
Amir Thompson,amir.thompson1003@example.com,sales,Platform Team,Rebuild the customer portal
Alice Harris,alice.harris1004@example.com,support,Mobile Team,Ship the new mobile app
Xavier Martinez,xavier.martinez1005@example.com,engineering,Platform Team,Rebuild the customer portal
Quentin Davis,quentin.davis1006@example.com,sales,Mobile Team,Ship the new mobile app
Bob Jones,bob.jones1007@example.com,engineering,Data Team,Build the analytics pipeline
Bob Robinson,bob.robinson1008@example.com,support,Growth Team,Expand into new markets
Niaj Thompson,niaj.thompson1009@example.com,sales,Data Team,Build the analytics pipeline
Xavier Williams,xavier.williams1010@example.com,support,Platform Team,Rebuild the customer portal
Eve Lee,eve.lee1011@example.com,engineering,Mobile Team,Ship the new mobile app
Sybil Jackson,sybil.jackson1012@example.com,sales,Platform Team,Rebuild the customer portal
Victor Jones,victor.jones1013@example.com,sales,Growth Team,Expand into new markets
Ivan Ramirez,ivan.ramirez1014@example.com,sales,Data Team,Build the analytics pipeline
Wendy Clark,wendy.clark1015@example.com,sales,Data Team,Build the analytics pipeline
Olivia Rodriguez,olivia.rodriguez1016@example.com,engineering,Growth Team,Expand into new markets
Grace Jones,grace.jones1017@example.com,engineering,Platform Team,Rebuild the customer portal
Dave Garcia,dave.garcia1018@example.com,sales,Mobile Team,Ship the new mobile app
Kevin Wilson,kevin.wilson1019@example.com,support,Platform Team,Rebuild the customer portal
Laura Harris,laura.harris1020@example.com,sales,Growth Team,Expand into new markets
Judy Anderson,judy.anderson1021@example.com,engineering,Data Team,Build the analytics pipeline
Carol Garcia,carol.garcia1022@example.com,support,Data Team,Build the analytics pipeline
Wendy Martin,wendy.martin1023@example.com,engineering,Platform Team,Rebuild the customer portal
Amir Ramirez,amir.ramirez1024@example.com,engineering,Data Team,Build the analytics pipeline
Carol Thompson,carol.thompson1025@example.com,sales,Growth Team,Expand into new markets
Mallory Taylor,mallory.taylor1026@example.com,support,Platform Team,Rebuild the customer portal
Judy Rodriguez,judy.rodriguez1027@example.com,engineering,Growth Team,Expand into new markets
Mallory Ramirez,mallory.ramirez1028@example.com,support,Mobile Team,Ship the new mobile app
Xavier Moore,xavier.moore1029@example.com,engineering,Growth Team,Expand into new markets
Olivia Brown,olivia.brown1030@example.com,engineering,Growth Team,Expand into new markets
Alice Johnson,alice.johnson1031@example.com,engineering,Growth Team,Expand into new markets
Grace Clark,grace.clark1032@example.com,sales,Mobile Team,Ship the new mobile app
Victor Lee,victor.lee1033@example.com,support,Platform Team,Rebuild the customer portal
Sybil Rodriguez,sybil.rodriguez1034@example.com,engineering,Platform Team,Rebuild the customer portal
Carol Miller,carol.miller1035@example.com,engineering,Mobile Team,Ship the new mobile app
Carol Lewis,carol.lewis1036@example.com,engineering,Data Team,Build the analytics pipeline
Bob Anderson,bob.anderson1037@example.com,engineering,Platform Team,Rebuild the customer portal
Diana Jackson,diana.jackson1038@example.com,support,Mobile Team,Ship the new mobile app
Mallory Thomas,mallory.thomas1039@example.com,sales,Platform Team,Rebuild the customer portal
Victor Wilson,victor.wilson1040@example.com,sales,Growth Team,Expand into new markets
Grace Robinson,grace.robinson1041@example.com,sales,Growth Team,Expand into new markets
Ivan Anderson,ivan.anderson1042@example.com,engineering,Growth Team,Expand into new markets
Trent Martin,trent.martin1043@example.com,support,Growth Team,Expand into new markets
Judy Thomas,judy.thomas1044@example.com,support,Mobile Team,Ship the new mobile app
Peggy Johnson,peggy.johnson1045@example.com,sales,Platform Team,Rebuild the customer portal
Mallory Jones,mallory.jones1046@example.com,engineering,Mobile Team,Ship the new mobile app
Uma Lewis,uma.lewis1047@example.com,support,Growth Team,Expand into new markets
Zach Moore,zach.moore1048@example.com,sales,Platform Team,Rebuild the customer portal
Zach Thompson,zach.thompson1049@example.com,sales,Data Team,Build the analytics pipeline
Ruth Sanchez,ruth.sanchez1050@example.com,sales,Mobile Team,Ship the new mobile app
Diana Jackson,diana.jackson1051@example.com,sales,Data Team,Build the analytics pipeline
Ivan Garcia,ivan.garcia1052@example.com,sales,Platform Team,Rebuild the customer portal
Trent Davis,trent.davis1053@example.com,sales,Platform Team,Rebuild the customer portal
Bob Sanchez,bob.sanchez1054@example.com,support,Mobile Team,Ship the new mobile app
Laura Harris,laura.harris1055@example.com,engineering,Growth Team,Expand into new markets
Dave Davis,dave.davis1056@example.com,sales,Growth Team,Expand into new markets
Ruth Clark,ruth.clark1057@example.com,engineering,Platform Team,Rebuild the customer portal
Sybil Ramirez,sybil.ramirez1058@example.com,sales,Mobile Team,Ship the new mobile app
Diana Clark,diana.clark1059@example.com,engineering,Growth Team,Expand into new markets
Heidi Jackson,heidi.jackson1060@example.com,support,Data Team,Build the analytics pipeline
Wendy Lopez,wendy.lopez1061@example.com,support,Platform Team,Rebuild the customer portal
Wendy Lopez,wendy.lopez1062@example.com,support,Growth Team,Expand into new markets
Grace Clark,grace.clark1063@example.com,support,Mobile Team,Ship the new mobile app
Judy Garcia,judy.garcia1064@example.com,engineering,Mobile Team,Ship the new mobile app
Carol Johnson,carol.johnson1065@example.com,support,Growth Team,Expand into new markets
Heidi Smith,heidi.smith1066@example.com,engineering,Mobile Team,Ship the new mobile app
Kevin Robinson,kevin.robinson1067@example.com,engineering,Growth Team,Expand into new markets
Kevin Thompson,kevin.thompson1068@example.com,sales,Growth Team,Expand into new markets
Bob Smith,bob.smith1069@example.com,support,Growth Team,Expand into new markets
Wendy Robinson,wendy.robinson1070@example.com,engineering,Growth Team,Expand into new markets
Bianca Taylor,bianca.taylor1071@example.com,engineering,Data Team,Build the analytics pipeline
Laura Thompson,laura.thompson1072@example.com,support,Mobile Team,Ship the new mobile app
Dave Hernandez,dave.hernandez1073@example.com,sales,Data Team,Build the analytics pipeline
Eve Garcia,eve.garcia1074@example.com,support,Mobile Team,Ship the new mobile app
Peggy Lee,peggy.lee1075@example.com,engineering,Data Team,Build the analytics pipeline
Wendy Moore,wendy.moore1076@example.com,engineering,Data Team,Build the analytics pipeline
Victor Jackson,victor.jackson1077@example.com,sales,Growth Team,Expand into new markets
Judy White,judy.white1078@example.com,engineering,Data Team,Build the analytics pipeline
Frank White,frank.white1079@example.com,support,Platform Team,Rebuild the customer portal
Sybil Gonzalez,sybil.gonzalez1080@example.com,engineering,Platform Team,Rebuild the customer portal
Trent Hernandez,trent.hernandez1081@example.com,support,Growth Team,Expand into new markets
Sybil Brown,sybil.brown1082@example.com,engineering,Mobile Team,Ship the new mobile app
Kevin White,kevin.white1083@example.com,engineering,Platform Team,Rebuild the customer portal
Laura Hernandez,laura.hernandez1084@example.com,support,Growth Team,Expand into new markets
Carlos Williams,carlos.williams1085@example.com,sales,Data Team,Build the analytics pipeline
Alice Rodriguez,alice.rodriguez1086@example.com,engineering,Growth Team,Expand into new markets
Wendy Williams,wendy.williams1087@example.com,sales,Data Team,Build the analytics pipeline
Zach Brown,zach.brown1088@example.com,engineering,Platform Team,Rebuild the customer portal
Mallory Anderson,mallory.anderson1089@example.com,engineering,Mobile Team,Ship the new mobile app
Carlos Wilson,carlos.wilson1090@example.com,sales,Mobile Team,Ship the new mobile app
Laura Moore,laura.moore1091@example.com,engineering,Mobile Team,Ship the new mobile app
Amir Thomas,amir.thomas1092@example.com,engineering,Growth Team,Expand into new markets
Olivia Williams,olivia.williams1093@example.com,sales,Platform Team,Rebuild the customer portal
Alice Hernandez,alice.hernandez1094@example.com,engineering,Data Team,Build the analytics pipeline
Carol Hernandez,carol.hernandez1095@example.com,sales,Growth Team,Expand into new markets
Frank White,frank.white1096@example.com,support,Platform Team,Rebuild the customer portal
Carlos Williams,carlos.williams1097@example.com,support,Data Team,Build the analytics pipeline
Trent Lewis,trent.lewis1098@example.com,support,Mobile Team,Ship the new mobile app
Alice Wilson,alice.wilson1099@example.com,support,Growth Team,Expand into new markets
Carlos Wilson,carlos.wilson1100@example.com,engineering,Growth Team,Expand into new markets
Dave Hernandez,dave.hernandez1101@example.com,engineering,Growth Team,Expand into new markets
Niaj Thompson,niaj.thompson1102@example.com,support,Data Team,Build the analytics pipeline
Judy Martinez,judy.martinez1103@example.com,engineering,Growth Team,Expand into new markets
Bob Gonzalez,bob.gonzalez1104@example.com,engineering,Mobile Team,Ship the new mobile app
Bob Lopez,bob.lopez1105@example.com,sales,Platform Team,Rebuild the customer portal
Carol Martinez,carol.martinez1106@example.com,engineering,Mobile Team,Ship the new mobile app
Dave Smith,dave.smith1107@example.com,engineering,Growth Team,Expand into new markets
Uma Martinez,uma.martinez1108@example.com,sales,Platform Team,Rebuild the customer portal
Bianca Brown,bianca.brown1109@example.com,sales,Data Team,Build the analytics pipeline
Peggy Thomas,peggy.thomas1110@example.com,engineering,Data Team,Build the analytics pipeline
Uma Moore,uma.moore1111@example.com,engineering,Mobile Team,Ship the new mobile app
Laura Lewis,laura.lewis1112@example.com,sales,Mobile Team,Ship the new mobile app
Frank Anderson,frank.anderson1113@example.com,sales,Platform Team,Rebuild the customer portal
Olivia Anderson,olivia.anderson1114@example.com,engineering,Data Team,Build the analytics pipeline
Amir Rodriguez,amir.rodriguez1115@example.com,engineering,Platform Team,Rebuild the customer portal
Yolanda Thompson,yolanda.thompson1116@example.com,engineering,Platform Team,Rebuild the customer portal
Victor Lopez,victor.lopez1117@example.com,support,Mobile Team,Ship the new mobile app
Heidi Moore,heidi.moore1118@example.com,sales,Platform Team,Rebuild the customer portal
Amir Taylor,amir.taylor1119@example.com,support,Mobile Team,Ship the new mobile app
Victor Ramirez,victor.ramirez1120@example.com,support,Mobile Team,Ship the new mobile app
Carlos Davis,carlos.davis1121@example.com,sales,Mobile Team,Ship the new mobile app
Carol Gonzalez,carol.gonzalez1122@example.com,support,Platform Team,Rebuild the customer portal
Sybil Lewis,sybil.lewis1123@example.com,engineering,Growth Team,Expand into new markets
Yolanda Anderson,yolanda.anderson1124@example.com,engineering,Growth Team,Expand into new markets
Grace Sanchez,grace.sanchez1125@example.com,engineering,Growth Team,Expand into new markets
Bob Wilson,bob.wilson1126@example.com,support,Platform Team,Rebuild the customer portal
Niaj Miller,niaj.miller1127@example.com,support,Growth Team,Expand into new markets
Ivan Hernandez,ivan.hernandez1128@example.com,engineering,Platform Team,Rebuild the customer portal
Mallory Moore,mallory.moore1129@example.com,support,Mobile Team,Ship the new mobile app
Kevin Ramirez,kevin.ramirez1130@example.com,support,Data Team,Build the analytics pipeline
Olivia Robinson,olivia.robinson1131@example.com,support,Platform Team,Rebuild the customer portal
Trent Jackson,trent.jackson1132@example.com,engineering,Mobile Team,Ship the new mobile app
Niaj Jones,niaj.jones1133@example.com,support,Growth Team,Expand into new markets
Sybil Jackson,sybil.jackson1134@example.com,engineering,Platform Team,Rebuild the customer portal
Sybil Harris,sybil.harris1135@example.com,sales,Platform Team,Rebuild the customer portal
Bianca Moore,bianca.moore1136@example.com,sales,Data Team,Build the analytics pipeline
Ivan Gonzalez,ivan.gonzalez1137@example.com,support,Mobile Team,Ship the new mobile app
Trent Thomas,trent.thomas1138@example.com,engineering,Platform Team,Rebuild the customer portal
Ivan Gonzalez,ivan.gonzalez1139@example.com,support,Growth Team,Expand into new markets
Trent Perez,trent.perez1140@example.com,engineering,Mobile Team,Ship the new mobile app
Mallory Lewis,mallory.lewis1141@example.com,support,Data Team,Build the analytics pipeline
Heidi Johnson,heidi.johnson1142@example.com,sales,Mobile Team,Ship the new mobile app
Carlos Lopez,carlos.lopez1143@example.com,sales,Platform Team,Rebuild the customer portal
Amir Sanchez,amir.sanchez1144@example.com,sales,Data Team,Build the analytics pipeline
Ivan Clark,ivan.clark1145@example.com,support,Mobile Team,Ship the new mobile app
Victor Brown,victor.brown1146@example.com,engineering,Growth Team,Expand into new markets
Judy White,judy.white1147@example.com,sales,Mobile Team,Ship the new mobile app
Ivan White,ivan.white1148@example.com,support,Mobile Team,Ship the new mobile app
Uma Williams,uma.williams1149@example.com,sales,Growth Team,Expand into new markets
Grace Robinson,grace.robinson1150@example.com,support,Mobile Team,Ship the new mobile app
Peggy Harris,peggy.harris1151@example.com,engineering,Data Team,Build the analytics pipeline
Quentin Sanchez,quentin.sanchez1152@example.com,engineering,Growth Team,Expand into new markets
Judy Thompson,judy.thompson1153@example.com,engineering,Mobile Team,Ship the new mobile app
Yolanda Ramirez,yolanda.ramirez1154@example.com,engineering,Platform Team,Rebuild the customer portal
Grace Lewis,grace.lewis1155@example.com,engineering,Growth Team,Expand into new markets
Heidi Johnson,heidi.johnson1156@example.com,engineering,Mobile Team,Ship the new mobile app
Diana Lopez,diana.lopez1157@example.com,sales,Growth Team,Expand into new markets
Laura Clark,laura.clark1158@example.com,support,Mobile Team,Ship the new mobile app
Mallory Lee,mallory.lee1159@example.com,support,Platform Team,Rebuild the customer portal
Alice Davis,alice.davis1160@example.com,sales,Data Team,Build the analytics pipeline
Trent Anderson,trent.anderson1161@example.com,sales,Growth Team,Expand into new markets
Sybil Moore,sybil.moore1162@example.com,sales,Data Team,Build the analytics pipeline
Frank Clark,frank.clark1163@example.com,support,Data Team,Build the analytics pipeline
Amir Thompson,amir.thompson1164@example.com,sales,Platform Team,Rebuild the customer portal
Alice Gonzalez,alice.gonzalez1165@example.com,engineering,Platform Team,Rebuild the customer portal
Bianca Jackson,bianca.jackson1166@example.com,engineering,Growth Team,Expand into new markets
Uma Davis,uma.davis1167@example.com,sales,Growth Team,Expand into new markets
Uma Wilson,uma.wilson1168@example.com,support,Platform Team,Rebuild the customer portal
Alice Thomas,alice.thomas1169@example.com,support,Growth Team,Expand into new markets
Frank Martin,frank.martin1170@example.com,engineering,Platform Team,Rebuild the customer portal
Ivan Martin,ivan.martin1171@example.com,support,Data Team,Build the analytics pipeline
Wendy Lee,wendy.lee1172@example.com,sales,Data Team,Build the analytics pipeline
Carlos Gonzalez,carlos.gonzalez1173@example.com,sales,Data Team,Build the analytics pipeline
Ivan Miller,ivan.miller1174@example.com,sales,Mobile Team,Ship the new mobile app
Victor Taylor,victor.taylor1175@example.com,support,Mobile Team,Ship the new mobile app
Dave Smith,dave.smith1176@example.com,support,Data Team,Build the analytics pipeline
Uma Martin,uma.martin1177@example.com,sales,Data Team,Build the analytics pipeline
Victor Brown,victor.brown1178@example.com,engineering,Mobile Team,Ship the new mobile app
Kevin Rodriguez,kevin.rodriguez1179@example.com,sales,Data Team,Build the analytics pipeline
Ivan Lee,ivan.lee1180@example.com,engineering,Data Team,Build the analytics pipeline
Eve Taylor,eve.taylor1181@example.com,engineering,Growth Team,Expand into new markets
Zach Ramirez,zach.ramirez1182@example.com,support,Mobile Team,Ship the new mobile app
Kevin Perez,kevin.perez1183@example.com,support,Growth Team,Expand into new markets
Alice Lee,alice.lee1184@example.com,sales,Mobile Team,Ship the new mobile app
Ivan Robinson,ivan.robinson1185@example.com,sales,Mobile Team,Ship the new mobile app
Mallory White,mallory.white1186@example.com,support,Platform Team,Rebuild the customer portal
Wendy Jackson,wendy.jackson1187@example.com,sales,Growth Team,Expand into new markets
Xavier Thompson,xavier.thompson1188@example.com,support,Growth Team,Expand into new markets
Ruth Lee,ruth.lee1189@example.com,support,Mobile Team,Ship the new mobile app
Laura Taylor,laura.taylor1190@example.com,engineering,Data Team,Build the analytics pipeline
Amir Perez,amir.perez1191@example.com,sales,Growth Team,Expand into new markets
Dave Thomas,dave.thomas1192@example.com,support,Growth Team,Expand into new markets
Ivan White,ivan.white1193@example.com,support,Growth Team,Expand into new markets
Carlos Hernandez,carlos.hernandez1194@example.com,engineering,Platform Team,Rebuild the customer portal
Laura Davis,laura.davis1195@example.com,sales,Data Team,Build the analytics pipeline
Zach Lewis,zach.lewis1196@example.com,sales,Data Team,Build the analytics pipeline
Ivan Jackson,ivan.jackson1197@example.com,sales,Data Team,Build the analytics pipeline
Bianca Brown,bianca.brown1198@example.com,engineering,Mobile Team,Ship the new mobile app
Bianca Lee,bianca.lee1199@example.com,sales,Platform Team,Rebuild the customer portal
Carlos Miller,carlos.miller1200@example.com,support,Platform Team,Rebuild the customer portal
Mallory Taylor,mallory.taylor1201@example.com,sales,Data Team,Build the analytics pipeline
Bob Ramirez,bob.ramirez1202@example.com,engineering,Growth Team,Expand into new markets
Grace Hernandez,grace.hernandez1203@example.com,support,Mobile Team,Ship the new mobile app
Carlos Robinson,carlos.robinson1204@example.com,engineering,Mobile Team,Ship the new mobile app
Kevin Ramirez,kevin.ramirez1205@example.com,engineering,Growth Team,Expand into new markets
Peggy Hernandez,peggy.hernandez1206@example.com,sales,Growth Team,Expand into new markets
Uma Johnson,uma.johnson1207@example.com,sales,Platform Team,Rebuild the customer portal
Ivan Miller,ivan.miller1208@example.com,support,Growth Team,Expand into new markets
Yolanda Garcia,yolanda.garcia1209@example.com,engineering,Mobile Team,Ship the new mobile app
Eve Martin,eve.martin1210@example.com,support,Mobile Team,Ship the new mobile app
Niaj Gonzalez,niaj.gonzalez1211@example.com,sales,Mobile Team,Ship the new mobile app
Mallory Smith,mallory.smith1212@example.com,support,Platform Team,Rebuild the customer portal
Grace White,grace.white1213@example.com,engineering,Data Team,Build the analytics pipeline
Carlos Hernandez,carlos.hernandez1214@example.com,engineering,Growth Team,Expand into new markets
Victor Smith,victor.smith1215@example.com,engineering,Growth Team,Expand into new markets
Wendy Lewis,wendy.lewis1216@example.com,sales,Data Team,Build the analytics pipeline
Eve Brown,eve.brown1217@example.com,support,Mobile Team,Ship the new mobile app
Sybil Martinez,sybil.martinez1218@example.com,engineering,Growth Team,Expand into new markets
Amir Johnson,amir.johnson1219@example.com,sales,Data Team,Build the analytics pipeline
Olivia White,olivia.white1220@example.com,sales,Data Team,Build the analytics pipeline
Carlos Perez,carlos.perez1221@example.com,sales,Growth Team,Expand into new markets
Carlos Thomas,carlos.thomas1222@example.com,engineering,Data Team,Build the analytics pipeline
Frank Robinson,frank.robinson1223@example.com,engineering,Mobile Team,Ship the new mobile app
Heidi Davis,heidi.davis1224@example.com,engineering,Growth Team,Expand into new markets
Xavier Smith,xavier.smith1225@example.com,engineering,Growth Team,Expand into new markets
Laura Thompson,laura.thompson1226@example.com,sales,Platform Team,Rebuild the customer portal
Carlos Lee,carlos.lee1227@example.com,support,Data Team,Build the analytics pipeline
Trent Johnson,trent.johnson1228@example.com,support,Platform Team,Rebuild the customer portal
Dave Lee,dave.lee1229@example.com,engineering,Platform Team,Rebuild the customer portal
Wendy Brown,wendy.brown1230@example.com,sales,Mobile Team,Ship the new mobile app
Mallory Brown,mallory.brown1231@example.com,sales,Data Team,Build the analytics pipeline
Wendy Jones,wendy.jones1232@example.com,support,Growth Team,Expand into new markets
Victor Lee,victor.lee1233@example.com,sales,Platform Team,Rebuild the customer portal
Niaj Perez,niaj.perez1234@example.com,support,Platform Team,Rebuild the customer portal
Quentin Rodriguez,quentin.rodriguez1235@example.com,sales,Growth Team,Expand into new markets
Amir Lewis,amir.lewis1236@example.com,support,Platform Team,Rebuild the customer portal
Xavier Martin,xavier.martin1237@example.com,sales,Platform Team,Rebuild the customer portal
Dave Sanchez,dave.sanchez1238@example.com,sales,Platform Team,Rebuild the customer portal
Grace Martin,grace.martin1239@example.com,sales,Growth Team,Expand into new markets
Amir Taylor,amir.taylor1240@example.com,sales,Growth Team,Expand into new markets
Wendy Wilson,wendy.wilson1241@example.com,engineering,Data Team,Build the analytics pipeline
Bob Moore,bob.moore1242@example.com,engineering,Mobile Team,Ship the new mobile app
Wendy Robinson,wendy.robinson1243@example.com,sales,Mobile Team,Ship the new mobile app
Heidi Smith,heidi.smith1244@example.com,support,Platform Team,Rebuild the customer portal
Carol Robinson,carol.robinson1245@example.com,support,Platform Team,Rebuild the customer portal
Victor Thomas,victor.thomas1246@example.com,engineering,Growth Team,Expand into new markets
Yolanda Taylor,yolanda.taylor1247@example.com,support,Platform Team,Rebuild the customer portal
Xavier Brown,xavier.brown1248@example.com,support,Data Team,Build the analytics pipeline
Heidi Anderson,heidi.anderson1249@example.com,sales,Data Team,Build the analytics pipeline
Olivia Johnson,olivia.johnson1250@example.com,engineering,Platform Team,Rebuild the customer portal
Bianca Johnson,bianca.johnson1251@example.com,sales,Data Team,Build the analytics pipeline
Zach Perez,zach.perez1252@example.com,sales,Data Team,Build the analytics pipeline
Xavier Brown,xavier.brown1253@example.com,engineering,Platform Team,Rebuild the customer portal
Alice Ramirez,alice.ramirez1254@example.com,support,Growth Team,Expand into new markets
Uma Garcia,uma.garcia1255@example.com,sales,Data Team,Build the analytics pipeline
Carlos Anderson,carlos.anderson1256@example.com,support,Data Team,Build the analytics pipeline
Carol Lopez,carol.lopez1257@example.com,engineering,Data Team,Build the analytics pipeline
Dave Gonzalez,dave.gonzalez1258@example.com,sales,Mobile Team,Ship the new mobile app
Ivan Clark,ivan.clark1259@example.com,support,Mobile Team,Ship the new mobile app
Bianca Thomas,bianca.thomas1260@example.com,support,Mobile Team,Ship the new mobile app
Carlos Sanchez,carlos.sanchez1261@example.com,engineering,Growth Team,Expand into new markets
Eve Thompson,eve.thompson1262@example.com,engineering,Platform Team,Rebuild the customer portal
Dave Wilson,dave.wilson1263@example.com,support,Mobile Team,Ship the new mobile app
Victor Anderson,victor.anderson1264@example.com,support,Growth Team,Expand into new markets
Mallory Harris,mallory.harris1265@example.com,support,Data Team,Build the analytics pipeline
Alice Ramirez,alice.ramirez1266@example.com,sales,Growth Team,Expand into new markets
Diana Thomas,diana.thomas1267@example.com,sales,Platform Team,Rebuild the customer portal
Olivia Johnson,olivia.johnson1268@example.com,sales,Platform Team,Rebuild the customer portal
Uma Hernandez,uma.hernandez1269@example.com,support,Platform Team,Rebuild the customer portal
Bianca Perez,bianca.perez1270@example.com,support,Growth Team,Expand into new markets
Bianca Hernandez,bianca.hernandez1271@example.com,sales,Platform Team,Rebuild the customer portal
Victor White,victor.white1272@example.com,sales,Growth Team,Expand into new markets
Laura Perez,laura.perez1273@example.com,engineering,Mobile Team,Ship the new mobile app
Amir Clark,amir.clark1274@example.com,engineering,Platform Team,Rebuild the customer portal
Uma Robinson,uma.robinson1275@example.com,support,Growth Team,Expand into new markets
Bianca Thomas,bianca.thomas1276@example.com,engineering,Mobile Team,Ship the new mobile app
Carol Harris,carol.harris1277@example.com,sales,Mobile Team,Ship the new mobile app
Heidi Hernandez,heidi.hernandez1278@example.com,engineering,Data Team,Build the analytics pipeline
Quentin Davis,quentin.davis1279@example.com,sales,Mobile Team,Ship the new mobile app
Amir Davis,amir.davis1280@example.com,sales,Platform Team,Rebuild the customer portal
Olivia Sanchez,olivia.sanchez1281@example.com,engineering,Mobile Team,Ship the new mobile app
Bianca Thomas,bianca.thomas1282@example.com,sales,Mobile Team,Ship the new mobile app
Dave Thomas,dave.thomas1283@example.com,engineering,Platform Team,Rebuild the customer portal
Mallory Wilson,mallory.wilson1284@example.com,support,Platform Team,Rebuild the customer portal
Ruth Smith,ruth.smith1285@example.com,support,Platform Team,Rebuild the customer portal
Trent Lee,trent.lee1286@example.com,support,Data Team,Build the analytics pipeline
Ruth Miller,ruth.miller1287@example.com,sales,Mobile Team,Ship the new mobile app
Laura Clark,laura.clark1288@example.com,engineering,Platform Team,Rebuild the customer portal
Bianca Anderson,bianca.anderson1289@example.com,support,Data Team,Build the analytics pipeline
Yolanda Martin,yolanda.martin1290@example.com,support,Mobile Team,Ship the new mobile app
Victor Lopez,victor.lopez1291@example.com,engineering,Mobile Team,Ship the new mobile app
Dave Harris,dave.harris1292@example.com,engineering,Growth Team,Expand into new markets
Kevin Lopez,kevin.lopez1293@example.com,support,Data Team,Build the analytics pipeline
Quentin Lopez,quentin.lopez1294@example.com,engineering,Platform Team,Rebuild the customer portal
Carlos Garcia,carlos.garcia1295@example.com,engineering,Mobile Team,Ship the new mobile app
Amir Thompson,amir.thompson1296@example.com,engineering,Mobile Team,Ship the new mobile app
Ivan Martin,ivan.martin1297@example.com,engineering,Growth Team,Expand into new markets
Dave Robinson,dave.robinson1298@example.com,engineering,Mobile Team,Ship the new mobile app
Olivia Clark,olivia.clark1299@example.com,support,Growth Team,Expand into new markets
Kevin Brown,kevin.brown1300@example.com,engineering,Mobile Team,Ship the new mobile app
Diana Lee,diana.lee1301@example.com,sales,Platform Team,Rebuild the customer portal
Olivia Perez,olivia.perez1302@example.com,sales,Growth Team,Expand into new markets
Alice Taylor,alice.taylor1303@example.com,support,Platform Team,Rebuild the customer portal
Diana Wilson,diana.wilson1304@example.com,support,Mobile Team,Ship the new mobile app
Yolanda Robinson,yolanda.robinson1305@example.com,support,Growth Team,Expand into new markets
Sybil Garcia,sybil.garcia1306@example.com,engineering,Growth Team,Expand into new markets
Mallory Perez,mallory.perez1307@example.com,support,Data Team,Build the analytics pipeline
Carlos Gonzalez,carlos.gonzalez1308@example.com,support,Mobile Team,Ship the new mobile app
Diana Thompson,diana.thompson1309@example.com,sales,Growth Team,Expand into new markets
Mallory Hernandez,mallory.hernandez1310@example.com,sales,Data Team,Build the analytics pipeline
Zach Jones,zach.jones1311@example.com,sales,Growth Team,Expand into new markets
Trent Thompson,trent.thompson1312@example.com,support,Data Team,Build the analytics pipeline
Ruth Ramirez,ruth.ramirez1313@example.com,support,Data Team,Build the analytics pipeline
Xavier Robinson,xavier.robinson1314@example.com,engineering,Growth Team,Expand into new markets
Grace Martin,grace.martin1315@example.com,support,Data Team,Build the analytics pipeline
Laura Robinson,laura.robinson1316@example.com,support,Growth Team,Expand into new markets
Uma Garcia,uma.garcia1317@example.com,support,Data Team,Build the analytics pipeline
Dave Harris,dave.harris1318@example.com,support,Data Team,Build the analytics pipeline
Peggy Jackson,peggy.jackson1319@example.com,support,Mobile Team,Ship the new mobile app
Xavier Lewis,xavier.lewis1320@example.com,sales,Data Team,Build the analytics pipeline
Zach Smith,zach.smith1321@example.com,engineering,Platform Team,Rebuild the customer portal
Mallory Jones,mallory.jones1322@example.com,support,Platform Team,Rebuild the customer portal
Bob Miller,bob.miller1323@example.com,engineering,Data Team,Build the analytics pipeline
Judy Perez,judy.perez1324@example.com,engineering,Data Team,Build the analytics pipeline
Amir Johnson,amir.johnson1325@example.com,engineering,Data Team,Build the analytics pipeline
Yolanda Moore,yolanda.moore1326@example.com,sales,Platform Team,Rebuild the customer portal
Amir Anderson,amir.anderson1327@example.com,support,Platform Team,Rebuild the customer portal
Bianca Perez,bianca.perez1328@example.com,support,Growth Team,Expand into new markets
Uma Moore,uma.moore1329@example.com,engineering,Mobile Team,Ship the new mobile app
Quentin Sanchez,quentin.sanchez1330@example.com,support,Data Team,Build the analytics pipeline
Victor Johnson,victor.johnson1331@example.com,sales,Mobile Team,Ship the new mobile app
Niaj Sanchez,niaj.sanchez1332@example.com,support,Data Team,Build the analytics pipeline
Bob Smith,bob.smith1333@example.com,engineering,Data Team,Build the analytics pipeline
Trent Ramirez,trent.ramirez1334@example.com,engineering,Mobile Team,Ship the new mobile app
Diana Lee,diana.lee1335@example.com,support,Data Team,Build the analytics pipeline
Ruth White,ruth.white1336@example.com,support,Growth Team,Expand into new markets
Grace Martinez,grace.martinez1337@example.com,engineering,Mobile Team,Ship the new mobile app
Victor Williams,victor.williams1338@example.com,engineering,Growth Team,Expand into new markets
Xavier Taylor,xavier.taylor1339@example.com,sales,Platform Team,Rebuild the customer portal
Bob Wilson,bob.wilson1340@example.com,support,Data Team,Build the analytics pipeline
Ivan Jones,ivan.jones1341@example.com,support,Growth Team,Expand into new markets
Bianca Rodriguez,bianca.rodriguez1342@example.com,sales,Platform Team,Rebuild the customer portal
Olivia Thompson,olivia.thompson1343@example.com,engineering,Growth Team,Expand into new markets
Eve Robinson,eve.robinson1344@example.com,support,Data Team,Build the analytics pipeline
Bob Harris,bob.harris1345@example.com,sales,Data Team,Build the analytics pipeline
Zach Jackson,zach.jackson1346@example.com,engineering,Data Team,Build the analytics pipeline
Zach Thompson,zach.thompson1347@example.com,support,Data Team,Build the analytics pipeline
Heidi Garcia,heidi.garcia1348@example.com,support,Platform Team,Rebuild the customer portal
Frank Wilson,frank.wilson1349@example.com,engineering,Mobile Team,Ship the new mobile app
Laura Davis,laura.davis1350@example.com,support,Growth Team,Expand into new markets
Kevin Hernandez,kevin.hernandez1351@example.com,sales,Data Team,Build the analytics pipeline
Grace Harris,grace.harris1352@example.com,support,Mobile Team,Ship the new mobile app
Amir Harris,amir.harris1353@example.com,engineering,Platform Team,Rebuild the customer portal
Victor Lopez,victor.lopez1354@example.com,engineering,Mobile Team,Ship the new mobile app
Carlos Lee,carlos.lee1355@example.com,engineering,Growth Team,Expand into new markets
Victor Lewis,victor.lewis1356@example.com,sales,Data Team,Build the analytics pipeline
Diana Sanchez,diana.sanchez1357@example.com,sales,Platform Team,Rebuild the customer portal
Ivan Moore,ivan.moore1358@example.com,engineering,Data Team,Build the analytics pipeline
Diana Taylor,diana.taylor1359@example.com,support,Data Team,Build the analytics pipeline
Zach Taylor,zach.taylor1360@example.com,sales,Mobile Team,Ship the new mobile app
Bob Martinez,bob.martinez1361@example.com,sales,Growth Team,Expand into new markets
Quentin Williams,quentin.williams1362@example.com,engineering,Platform Team,Rebuild the customer portal
Yolanda Moore,yolanda.moore1363@example.com,support,Platform Team,Rebuild the customer portal
Carol Miller,carol.miller1364@example.com,support,Growth Team,Expand into new markets
Niaj Clark,niaj.clark1365@example.com,engineering,Platform Team,Rebuild the customer portal
Ruth Clark,ruth.clark1366@example.com,support,Mobile Team,Ship the new mobile app
Amir Williams,amir.williams1367@example.com,engineering,Growth Team,Expand into new markets
Olivia Thompson,olivia.thompson1368@example.com,engineering,Data Team,Build the analytics pipeline
Carol Williams,carol.williams1369@example.com,engineering,Platform Team,Rebuild the customer portal
Zach Rodriguez,zach.rodriguez1370@example.com,support,Platform Team,Rebuild the customer portal
Amir Davis,amir.davis1371@example.com,sales,Data Team,Build the analytics pipeline
Mallory Anderson,mallory.anderson1372@example.com,sales,Mobile Team,Ship the new mobile app
Kevin Smith,kevin.smith1373@example.com,support,Mobile Team,Ship the new mobile app
Dave Moore,dave.moore1374@example.com,support,Platform Team,Rebuild the customer portal
Xavier Martin,xavier.martin1375@example.com,support,Platform Team,Rebuild the customer portal
Sybil Johnson,sybil.johnson1376@example.com,sales,Platform Team,Rebuild the customer portal
Diana Taylor,diana.taylor1377@example.com,sales,Platform Team,Rebuild the customer portal
Zach Perez,zach.perez1378@example.com,support,Data Team,Build the analytics pipeline
Carol Martinez,carol.martinez1379@example.com,sales,Mobile Team,Ship the new mobile app
Mallory Clark,mallory.clark1380@example.com,sales,Platform Team,Rebuild the customer portal
Frank Moore,frank.moore1381@example.com,engineering,Growth Team,Expand into new markets
Xavier Gonzalez,xavier.gonzalez1382@example.com,support,Data Team,Build the analytics pipeline
Eve Martinez,eve.martinez1383@example.com,engineering,Data Team,Build the analytics pipeline
Ruth Ramirez,ruth.ramirez1384@example.com,engineering,Growth Team,Expand into new markets
Bob Smith,bob.smith1385@example.com,support,Mobile Team,Ship the new mobile app
Ruth Williams,ruth.williams1386@example.com,engineering,Data Team,Build the analytics pipeline
Xavier White,xavier.white1387@example.com,engineering,Data Team,Build the analytics pipeline
Niaj Lewis,niaj.lewis1388@example.com,engineering,Growth Team,Expand into new markets
Frank Davis,frank.davis1389@example.com,engineering,Data Team,Build the analytics pipeline
Dave Garcia,dave.garcia1390@example.com,support,Platform Team,Rebuild the customer portal
Olivia Lee,olivia.lee1391@example.com,sales,Platform Team,Rebuild the customer portal
Victor Williams,victor.williams1392@example.com,engineering,Data Team,Build the analytics pipeline
Grace White,grace.white1393@example.com,sales,Mobile Team,Ship the new mobile app
Laura Jones,laura.jones1394@example.com,engineering,Growth Team,Expand into new markets
Judy Martin,judy.martin1395@example.com,engineering,Platform Team,Rebuild the customer portal
Kevin Thomas,kevin.thomas1396@example.com,sales,Mobile Team,Ship the new mobile app
Trent Perez,trent.perez1397@example.com,support,Data Team,Build the analytics pipeline
Sybil Jones,sybil.jones1398@example.com,sales,Data Team,Build the analytics pipeline
Niaj Garcia,niaj.garcia1399@example.com,sales,Platform Team,Rebuild the customer portal
Heidi Sanchez,heidi.sanchez1400@example.com,support,Growth Team,Expand into new markets
Xavier Lee,xavier.lee1401@example.com,sales,Mobile Team,Ship the new mobile app
Amir Lopez,amir.lopez1402@example.com,support,Growth Team,Expand into new markets
Xavier Hernandez,xavier.hernandez1403@example.com,sales,Mobile Team,Ship the new mobile app
Olivia Lopez,olivia.lopez1404@example.com,sales,Data Team,Build the analytics pipeline
Ruth Brown,ruth.brown1405@example.com,support,Growth Team,Expand into new markets
Trent Williams,trent.williams1406@example.com,engineering,Data Team,Build the analytics pipeline
Carlos Moore,carlos.moore1407@example.com,sales,Growth Team,Expand into new markets
Xavier Lewis,xavier.lewis1408@example.com,support,Platform Team,Rebuild the customer portal
Carol Lewis,carol.lewis1409@example.com,support,Platform Team,Rebuild the customer portal
Uma Smith,uma.smith1410@example.com,support,Mobile Team,Ship the new mobile app
Grace Robinson,grace.robinson1411@example.com,support,Platform Team,Rebuild the customer portal
Ivan Moore,ivan.moore1412@example.com,support,Mobile Team,Ship the new mobile app
Yolanda Jones,yolanda.jones1413@example.com,sales,Data Team,Build the analytics pipeline
Heidi Lewis,heidi.lewis1414@example.com,engineering,Data Team,Build the analytics pipeline
Olivia Taylor,olivia.taylor1415@example.com,sales,Platform Team,Rebuild the customer portal
Laura Taylor,laura.taylor1416@example.com,support,Platform Team,Rebuild the customer portal
Heidi Ramirez,heidi.ramirez1417@example.com,support,Growth Team,Expand into new markets
Eve Anderson,eve.anderson1418@example.com,engineering,Growth Team,Expand into new markets
Sybil Jackson,sybil.jackson1419@example.com,support,Growth Team,Expand into new markets
Xavier Thomas,xavier.thomas1420@example.com,engineering,Data Team,Build the analytics pipeline
Heidi Harris,heidi.harris1421@example.com,engineering,Mobile Team,Ship the new mobile app
Carol Rodriguez,carol.rodriguez1422@example.com,engineering,Data Team,Build the analytics pipeline
Bob Perez,bob.perez1423@example.com,support,Growth Team,Expand into new markets
Diana Sanchez,diana.sanchez1424@example.com,sales,Data Team,Build the analytics pipeline
Peggy Robinson,peggy.robinson1425@example.com,engineering,Mobile Team,Ship the new mobile app
Bob Lee,bob.lee1426@example.com,engineering,Data Team,Build the analytics pipeline
Wendy Taylor,wendy.taylor1427@example.com,support,Data Team,Build the analytics pipeline
Ivan Jackson,ivan.jackson1428@example.com,sales,Growth Team,Expand into new markets
Uma Gonzalez,uma.gonzalez1429@example.com,support,Data Team,Build the analytics pipeline
Uma Lewis,uma.lewis1430@example.com,support,Platform Team,Rebuild the customer portal
Ivan Gonzalez,ivan.gonzalez1431@example.com,support,Growth Team,Expand into new markets
Mallory Lopez,mallory.lopez1432@example.com,sales,Data Team,Build the analytics pipeline
Zach Thomas,zach.thomas1433@example.com,support,Platform Team,Rebuild the customer portal
Carlos Jones,carlos.jones1434@example.com,engineering,Mobile Team,Ship the new mobile app
Heidi Williams,heidi.williams1435@example.com,engineering,Data Team,Build the analytics pipeline
Eve Garcia,eve.garcia1436@example.com,sales,Growth Team,Expand into new markets
Trent Thompson,trent.thompson1437@example.com,support,Platform Team,Rebuild the customer portal
Heidi Wilson,heidi.wilson1438@example.com,support,Data Team,Build the analytics pipeline
Dave Thomas,dave.thomas1439@example.com,sales,Mobile Team,Ship the new mobile app
Grace Jackson,grace.jackson1440@example.com,support,Growth Team,Expand into new markets
Amir Wilson,amir.wilson1441@example.com,engineering,Platform Team,Rebuild the customer portal
Bob Jones,bob.jones1442@example.com,engineering,Growth Team,Expand into new markets
Uma Taylor,uma.taylor1443@example.com,support,Platform Team,Rebuild the customer portal
Eve Johnson,eve.johnson1444@example.com,sales,Growth Team,Expand into new markets
Diana Garcia,diana.garcia1445@example.com,support,Mobile Team,Ship the new mobile app
Sybil Lee,sybil.lee1446@example.com,support,Platform Team,Rebuild the customer portal
Xavier Perez,xavier.perez1447@example.com,engineering,Data Team,Build the analytics pipeline
Grace Anderson,grace.anderson1448@example.com,sales,Mobile Team,Ship the new mobile app
Frank Davis,frank.davis1449@example.com,support,Mobile Team,Ship the new mobile app
Eve Sanchez,eve.sanchez1450@example.com,support,Growth Team,Expand into new markets
Victor Taylor,victor.taylor1451@example.com,engineering,Data Team,Build the analytics pipeline
Xavier Perez,xavier.perez1452@example.com,sales,Data Team,Build the analytics pipeline
Trent Jackson,trent.jackson1453@example.com,engineering,Platform Team,Rebuild the customer portal
Mallory Gonzalez,mallory.gonzalez1454@example.com,engineering,Growth Team,Expand into new markets
Alice Miller,alice.miller1455@example.com,engineering,Mobile Team,Ship the new mobile app
Trent Brown,trent.brown1456@example.com,sales,Growth Team,Expand into new markets
Carlos Martin,carlos.martin1457@example.com,support,Platform Team,Rebuild the customer portal
Quentin Harris,quentin.harris1458@example.com,engineering,Platform Team,Rebuild the customer portal
Peggy Perez,peggy.perez1459@example.com,support,Growth Team,Expand into new markets
Ruth Clark,ruth.clark1460@example.com,support,Platform Team,Rebuild the customer portal
Uma Wilson,uma.wilson1461@example.com,sales,Mobile Team,Ship the new mobile app
Bianca Johnson,bianca.johnson1462@example.com,engineering,Mobile Team,Ship the new mobile app
Zach Thomas,zach.thomas1463@example.com,sales,Mobile Team,Ship the new mobile app
Sybil Sanchez,sybil.sanchez1464@example.com,sales,Platform Team,Rebuild the customer portal
Eve Rodriguez,eve.rodriguez1465@example.com,engineering,Mobile Team,Ship the new mobile app
Diana Ramirez,diana.ramirez1466@example.com,sales,Platform Team,Rebuild the customer portal
Trent Lewis,trent.lewis1467@example.com,sales,Mobile Team,Ship the new mobile app
Grace Smith,grace.smith1468@example.com,support,Platform Team,Rebuild the customer portal
Quentin Brown,quentin.brown1469@example.com,sales,Platform Team,Rebuild the customer portal
Uma Miller,uma.miller1470@example.com,sales,Data Team,Build the analytics pipeline
Laura Brown,laura.brown1471@example.com,sales,Growth Team,Expand into new markets
Uma Jackson,uma.jackson1472@example.com,sales,Data Team,Build the analytics pipeline
Bianca Moore,bianca.moore1473@example.com,support,Mobile Team,Ship the new mobile app
Laura Martin,laura.martin1474@example.com,support,Data Team,Build the analytics pipeline
Mallory Harris,mallory.harris1475@example.com,sales,Growth Team,Expand into new markets
Ruth Sanchez,ruth.sanchez1476@example.com,engineering,Mobile Team,Ship the new mobile app
Laura Moore,laura.moore1477@example.com,sales,Mobile Team,Ship the new mobile app
Judy Jackson,judy.jackson1478@example.com,support,Data Team,Build the analytics pipeline
Mallory White,mallory.white1479@example.com,support,Growth Team,Expand into new markets
Dave White,dave.white1480@example.com,sales,Growth Team,Expand into new markets
Zach Thompson,zach.thompson1481@example.com,engineering,Growth Team,Expand into new markets
Grace Taylor,grace.taylor1482@example.com,sales,Mobile Team,Ship the new mobile app
Zach Moore,zach.moore1483@example.com,engineering,Platform Team,Rebuild the customer portal
Mallory Lee,mallory.lee1484@example.com,engineering,Platform Team,Rebuild the customer portal
Amir Jones,amir.jones1485@example.com,support,Mobile Team,Ship the new mobile app
Niaj Williams,niaj.williams1486@example.com,sales,Platform Team,Rebuild the customer portal
Heidi Lopez,heidi.lopez1487@example.com,support,Platform Team,Rebuild the customer portal
Bob White,bob.white1488@example.com,sales,Mobile Team,Ship the new mobile app
Trent Lee,trent.lee1489@example.com,support,Data Team,Build the analytics pipeline
Trent Johnson,trent.johnson1490@example.com,support,Growth Team,Expand into new markets
Peggy Anderson,peggy.anderson1491@example.com,engineering,Platform Team,Rebuild the customer portal
Bianca Perez,bianca.perez1492@example.com,engineering,Data Team,Build the analytics pipeline
Bob Sanchez,bob.sanchez1493@example.com,support,Growth Team,Expand into new markets
Frank Perez,frank.perez1494@example.com,sales,Platform Team,Rebuild the customer portal
Heidi Lee,heidi.lee1495@example.com,engineering,Platform Team,Rebuild the customer portal
Carol Rodriguez,carol.rodriguez1496@example.com,sales,Mobile Team,Ship the new mobile app
Victor Gonzalez,victor.gonzalez1497@example.com,support,Mobile Team,Ship the new mobile app
Grace Taylor,grace.taylor1498@example.com,support,Platform Team,Rebuild the customer portal
Wendy Williams,wendy.williams1499@example.com,support,Platform Team,Rebuild the customer portal
Judy White,judy.white1500@example.com,sales,Data Team,Build the analytics pipeline
Amir Rodriguez,amir.rodriguez1501@example.com,support,Growth Team,Expand into new markets
Grace Anderson,grace.anderson1502@example.com,support,Mobile Team,Ship the new mobile app
Alice Rodriguez,alice.rodriguez1503@example.com,sales,Growth Team,Expand into new markets
Quentin Brown,quentin.brown1504@example.com,support,Platform Team,Rebuild the customer portal
Judy Hernandez,judy.hernandez1505@example.com,support,Platform Team,Rebuild the customer portal
Ivan Lewis,ivan.lewis1506@example.com,support,Data Team,Build the analytics pipeline
Olivia Gonzalez,olivia.gonzalez1507@example.com,engineering,Mobile Team,Ship the new mobile app
Yolanda Hernandez,yolanda.hernandez1508@example.com,support,Mobile Team,Ship the new mobile app
Olivia Lewis,olivia.lewis1509@example.com,sales,Platform Team,Rebuild the customer portal
Dave Rodriguez,dave.rodriguez1510@example.com,sales,Platform Team,Rebuild the customer portal
Uma Sanchez,uma.sanchez1511@example.com,support,Growth Team,Expand into new markets
Wendy Davis,wendy.davis1512@example.com,sales,Data Team,Build the analytics pipeline
Laura Taylor,laura.taylor1513@example.com,support,Platform Team,Rebuild the customer portal
Amir Rodriguez,amir.rodriguez1514@example.com,sales,Growth Team,Expand into new markets
Carol Gonzalez,carol.gonzalez1515@example.com,engineering,Data Team,Build the analytics pipeline
Ruth Robinson,ruth.robinson1516@example.com,sales,Growth Team,Expand into new markets
Kevin Lopez,kevin.lopez1517@example.com,support,Growth Team,Expand into new markets
Ivan Garcia,ivan.garcia1518@example.com,sales,Growth Team,Expand into new markets
Xavier Miller,xavier.miller1519@example.com,support,Growth Team,Expand into new markets
Heidi Ramirez,heidi.ramirez1520@example.com,engineering,Data Team,Build the analytics pipeline
Heidi Miller,heidi.miller1521@example.com,support,Growth Team,Expand into new markets
Laura Jones,laura.jones1522@example.com,engineering,Platform Team,Rebuild the customer portal
Diana Williams,diana.williams1523@example.com,support,Mobile Team,Ship the new mobile app
Alice Harris,alice.harris1524@example.com,sales,Platform Team,Rebuild the customer portal
Laura Martin,laura.martin1525@example.com,sales,Data Team,Build the analytics pipeline
Carlos Lewis,carlos.lewis1526@example.com,sales,Data Team,Build the analytics pipeline
Frank Harris,frank.harris1527@example.com,sales,Data Team,Build the analytics pipeline
Heidi Harris,heidi.harris1528@example.com,engineering,Growth Team,Expand into new markets
Quentin Sanchez,quentin.sanchez1529@example.com,sales,Mobile Team,Ship the new mobile app
Ruth Johnson,ruth.johnson1530@example.com,sales,Data Team,Build the analytics pipeline
Bianca Perez,bianca.perez1531@example.com,sales,Growth Team,Expand into new markets
Dave Thompson,dave.thompson1532@example.com,sales,Mobile Team,Ship the new mobile app
Wendy Smith,wendy.smith1533@example.com,support,Platform Team,Rebuild the customer portal
Grace Gonzalez,grace.gonzalez1534@example.com,sales,Platform Team,Rebuild the customer portal
Laura Martin,laura.martin1535@example.com,engineering,Data Team,Build the analytics pipeline
Ruth Rodriguez,ruth.rodriguez1536@example.com,sales,Growth Team,Expand into new markets
Peggy Martin,peggy.martin1537@example.com,sales,Data Team,Build the analytics pipeline
Frank Thomas,frank.thomas1538@example.com,engineering,Mobile Team,Ship the new mobile app
Niaj Thompson,niaj.thompson1539@example.com,sales,Data Team,Build the analytics pipeline
Bianca Gonzalez,bianca.gonzalez1540@example.com,sales,Data Team,Build the analytics pipeline
Frank Jackson,frank.jackson1541@example.com,support,Growth Team,Expand into new markets
Victor Davis,victor.davis1542@example.com,support,Platform Team,Rebuild the customer portal
Ivan Sanchez,ivan.sanchez1543@example.com,support,Growth Team,Expand into new markets
Niaj Ramirez,niaj.ramirez1544@example.com,engineering,Mobile Team,Ship the new mobile app
Eve Sanchez,eve.sanchez1545@example.com,sales,Growth Team,Expand into new markets
Zach Smith,zach.smith1546@example.com,sales,Growth Team,Expand into new markets
Peggy Jones,peggy.jones1547@example.com,sales,Data Team,Build the analytics pipeline
Judy Rodriguez,judy.rodriguez1548@example.com,sales,Platform Team,Rebuild the customer portal
Dave Thompson,dave.thompson1549@example.com,engineering,Growth Team,Expand into new markets
Grace Clark,grace.clark1550@example.com,sales,Data Team,Build the analytics pipeline
Amir Lee,amir.lee1551@example.com,sales,Platform Team,Rebuild the customer portal
Xavier Hernandez,xavier.hernandez1552@example.com,sales,Data Team,Build the analytics pipeline
Laura Moore,laura.moore1553@example.com,sales,Data Team,Build the analytics pipeline
Alice Wilson,alice.wilson1554@example.com,sales,Platform Team,Rebuild the customer portal
Bianca Perez,bianca.perez1555@example.com,support,Growth Team,Expand into new markets
Sybil Lee,sybil.lee1556@example.com,sales,Growth Team,Expand into new markets
Laura Hernandez,laura.hernandez1557@example.com,support,Mobile Team,Ship the new mobile app
Olivia Lewis,olivia.lewis1558@example.com,sales,Platform Team,Rebuild the customer portal
Trent Martinez,trent.martinez1559@example.com,support,Mobile Team,Ship the new mobile app
Eve Ramirez,eve.ramirez1560@example.com,support,Growth Team,Expand into new markets
Zach Robinson,zach.robinson1561@example.com,sales,Data Team,Build the analytics pipeline
Uma Martin,uma.martin1562@example.com,engineering,Mobile Team,Ship the new mobile app
Carol Garcia,carol.garcia1563@example.com,engineering,Data Team,Build the analytics pipeline
Kevin Hernandez,kevin.hernandez1564@example.com,support,Data Team,Build the analytics pipeline
Ivan Martin,ivan.martin1565@example.com,sales,Mobile Team,Ship the new mobile app
Carlos Anderson,carlos.anderson1566@example.com,support,Data Team,Build the analytics pipeline
Sybil Taylor,sybil.taylor1567@example.com,sales,Mobile Team,Ship the new mobile app
Frank Garcia,frank.garcia1568@example.com,engineering,Platform Team,Rebuild the customer portal
Xavier Davis,xavier.davis1569@example.com,support,Data Team,Build the analytics pipeline
Wendy White,wendy.white1570@example.com,engineering,Platform Team,Rebuild the customer portal
Frank Gonzalez,frank.gonzalez1571@example.com,engineering,Platform Team,Rebuild the customer portal
Carol Robinson,carol.robinson1572@example.com,support,Mobile Team,Ship the new mobile app
Bob Smith,bob.smith1573@example.com,support,Mobile Team,Ship the new mobile app
Yolanda Williams,yolanda.williams1574@example.com,sales,Platform Team,Rebuild the customer portal
Trent Jones,trent.jones1575@example.com,support,Platform Team,Rebuild the customer portal
Diana Lewis,diana.lewis1576@example.com,sales,Mobile Team,Ship the new mobile app
Heidi Davis,heidi.davis1577@example.com,sales,Data Team,Build the analytics pipeline
Uma Jones,uma.jones1578@example.com,support,Growth Team,Expand into new markets
Amir Garcia,amir.garcia1579@example.com,engineering,Platform Team,Rebuild the customer portal
Victor Lopez,victor.lopez1580@example.com,sales,Data Team,Build the analytics pipeline
Olivia Ramirez,olivia.ramirez1581@example.com,support,Data Team,Build the analytics pipeline
Olivia Jones,olivia.jones1582@example.com,support,Growth Team,Expand into new markets
Trent Anderson,trent.anderson1583@example.com,support,Mobile Team,Ship the new mobile app
Uma Lee,uma.lee1584@example.com,sales,Data Team,Build the analytics pipeline
Peggy Moore,peggy.moore1585@example.com,engineering,Growth Team,Expand into new markets
Olivia Martinez,olivia.martinez1586@example.com,sales,Data Team,Build the analytics pipeline
Ivan Jones,ivan.jones1587@example.com,engineering,Data Team,Build the analytics pipeline
Alice Taylor,alice.taylor1588@example.com,sales,Growth Team,Expand into new markets
Judy Thomas,judy.thomas1589@example.com,support,Platform Team,Rebuild the customer portal
Diana Thomas,diana.thomas1590@example.com,sales,Mobile Team,Ship the new mobile app
Alice Harris,alice.harris1591@example.com,sales,Mobile Team,Ship the new mobile app
Trent Davis,trent.davis1592@example.com,support,Platform Team,Rebuild the customer portal
Laura Miller,laura.miller1593@example.com,support,Mobile Team,Ship the new mobile app
Niaj Gonzalez,niaj.gonzalez1594@example.com,engineering,Growth Team,Expand into new markets
Wendy White,wendy.white1595@example.com,sales,Mobile Team,Ship the new mobile app
Heidi Rodriguez,heidi.rodriguez1596@example.com,sales,Platform Team,Rebuild the customer portal
Uma Davis,uma.davis1597@example.com,sales,Data Team,Build the analytics pipeline
Uma White,uma.white1598@example.com,sales,Data Team,Build the analytics pipeline
Grace Ramirez,grace.ramirez1599@example.com,engineering,Platform Team,Rebuild the customer portal
Eve Martinez,eve.martinez1600@example.com,support,Platform Team,Rebuild the customer portal
Olivia Martin,olivia.martin1601@example.com,sales,Mobile Team,Ship the new mobile app
Wendy Martin,wendy.martin1602@example.com,engineering,Mobile Team,Ship the new mobile app
Kevin Smith,kevin.smith1603@example.com,engineering,Growth Team,Expand into new markets
Ruth Smith,ruth.smith1604@example.com,engineering,Growth Team,Expand into new markets
Judy Rodriguez,judy.rodriguez1605@example.com,support,Growth Team,Expand into new markets
Olivia White,olivia.white1606@example.com,engineering,Platform Team,Rebuild the customer portal
Carol Jones,carol.jones1607@example.com,sales,Platform Team,Rebuild the customer portal
Grace Hernandez,grace.hernandez1608@example.com,sales,Mobile Team,Ship the new mobile app
Zach Sanchez,zach.sanchez1609@example.com,sales,Mobile Team,Ship the new mobile app
Olivia Thompson,olivia.thompson1610@example.com,sales,Platform Team,Rebuild the customer portal
Carol Clark,carol.clark1611@example.com,engineering,Growth Team,Expand into new markets
Ivan Harris,ivan.harris1612@example.com,engineering,Mobile Team,Ship the new mobile app
Ruth Thomas,ruth.thomas1613@example.com,engineering,Growth Team,Expand into new markets
Carlos Clark,carlos.clark1614@example.com,sales,Data Team,Build the analytics pipeline
Amir Smith,amir.smith1615@example.com,support,Platform Team,Rebuild the customer portal
Heidi Gonzalez,heidi.gonzalez1616@example.com,engineering,Mobile Team,Ship the new mobile app
Xavier Johnson,xavier.johnson1617@example.com,sales,Growth Team,Expand into new markets
Xavier Harris,xavier.harris1618@example.com,support,Platform Team,Rebuild the customer portal
Victor Miller,victor.miller1619@example.com,sales,Mobile Team,Ship the new mobile app
Victor Martinez,victor.martinez1620@example.com,engineering,Data Team,Build the analytics pipeline
Uma White,uma.white1621@example.com,support,Platform Team,Rebuild the customer portal
Diana Moore,diana.moore1622@example.com,sales,Platform Team,Rebuild the customer portal
Peggy Lee,peggy.lee1623@example.com,engineering,Data Team,Build the analytics pipeline
Laura Lewis,laura.lewis1624@example.com,support,Platform Team,Rebuild the customer portal
Grace Brown,grace.brown1625@example.com,support,Growth Team,Expand into new markets
Niaj Hernandez,niaj.hernandez1626@example.com,engineering,Platform Team,Rebuild the customer portal
Zach Rodriguez,zach.rodriguez1627@example.com,sales,Platform Team,Rebuild the customer portal
Zach Davis,zach.davis1628@example.com,engineering,Platform Team,Rebuild the customer portal
Sybil Sanchez,sybil.sanchez1629@example.com,support,Mobile Team,Ship the new mobile app
Trent Jones,trent.jones1630@example.com,engineering,Data Team,Build the analytics pipeline
Heidi Garcia,heidi.garcia1631@example.com,engineering,Mobile Team,Ship the new mobile app
Victor Martin,victor.martin1632@example.com,support,Data Team,Build the analytics pipeline
Bob Johnson,bob.johnson1633@example.com,support,Data Team,Build the analytics pipeline
Eve Thompson,eve.thompson1634@example.com,engineering,Platform Team,Rebuild the customer portal
Peggy Davis,peggy.davis1635@example.com,support,Data Team,Build the analytics pipeline
Zach Lee,zach.lee1636@example.com,sales,Data Team,Build the analytics pipeline
Xavier Miller,xavier.miller1637@example.com,support,Platform Team,Rebuild the customer portal
Mallory Lopez,mallory.lopez1638@example.com,sales,Growth Team,Expand into new markets
Carlos Johnson,carlos.johnson1639@example.com,support,Mobile Team,Ship the new mobile app
Olivia Moore,olivia.moore1640@example.com,support,Data Team,Build the analytics pipeline
Wendy Thomas,wendy.thomas1641@example.com,support,Growth Team,Expand into new markets
Frank Moore,frank.moore1642@example.com,sales,Data Team,Build the analytics pipeline
Xavier Anderson,xavier.anderson1643@example.com,support,Data Team,Build the analytics pipeline
Diana Ramirez,diana.ramirez1644@example.com,engineering,Growth Team,Expand into new markets
Quentin Jones,quentin.jones1645@example.com,sales,Mobile Team,Ship the new mobile app
Amir Rodriguez,amir.rodriguez1646@example.com,sales,Data Team,Build the analytics pipeline
Alice Harris,alice.harris1647@example.com,support,Mobile Team,Ship the new mobile app
Frank Lewis,frank.lewis1648@example.com,support,Platform Team,Rebuild the customer portal
Bianca Lopez,bianca.lopez1649@example.com,sales,Growth Team,Expand into new markets
Xavier Williams,xavier.williams1650@example.com,engineering,Mobile Team,Ship the new mobile app
Quentin Perez,quentin.perez1651@example.com,support,Mobile Team,Ship the new mobile app
Eve Martin,eve.martin1652@example.com,sales,Data Team,Build the analytics pipeline
Niaj Lee,niaj.lee1653@example.com,engineering,Data Team,Build the analytics pipeline
Dave Taylor,dave.taylor1654@example.com,engineering,Platform Team,Rebuild the customer portal
Amir Jones,amir.jones1655@example.com,engineering,Growth Team,Expand into new markets
Grace Brown,grace.brown1656@example.com,engineering,Mobile Team,Ship the new mobile app
Dave Johnson,dave.johnson1657@example.com,support,Mobile Team,Ship the new mobile app
Peggy Taylor,peggy.taylor1658@example.com,engineering,Data Team,Build the analytics pipeline
Laura Davis,laura.davis1659@example.com,engineering,Platform Team,Rebuild the customer portal
Diana Robinson,diana.robinson1660@example.com,support,Growth Team,Expand into new markets
Peggy Robinson,peggy.robinson1661@example.com,sales,Platform Team,Rebuild the customer portal
Zach Lee,zach.lee1662@example.com,sales,Platform Team,Rebuild the customer portal
Ruth White,ruth.white1663@example.com,sales,Mobile Team,Ship the new mobile app
Zach Thompson,zach.thompson1664@example.com,support,Platform Team,Rebuild the customer portal
Ivan Taylor,ivan.taylor1665@example.com,support,Platform Team,Rebuild the customer portal
Carol Clark,carol.clark1666@example.com,engineering,Data Team,Build the analytics pipeline
Grace Taylor,grace.taylor1667@example.com,engineering,Platform Team,Rebuild the customer portal
Xavier Davis,xavier.davis1668@example.com,engineering,Mobile Team,Ship the new mobile app
Grace Taylor,grace.taylor1669@example.com,support,Growth Team,Expand into new markets
Uma Garcia,uma.garcia1670@example.com,support,Mobile Team,Ship the new mobile app
Dave Harris,dave.harris1671@example.com,support,Data Team,Build the analytics pipeline
Olivia Thompson,olivia.thompson1672@example.com,engineering,Mobile Team,Ship the new mobile app
Frank Sanchez,frank.sanchez1673@example.com,support,Growth Team,Expand into new markets
Mallory Taylor,mallory.taylor1674@example.com,support,Data Team,Build the analytics pipeline
Frank Moore,frank.moore1675@example.com,sales,Mobile Team,Ship the new mobile app
Carlos Hernandez,carlos.hernandez1676@example.com,sales,Data Team,Build the analytics pipeline
Niaj Harris,niaj.harris1677@example.com,support,Mobile Team,Ship the new mobile app
Kevin Martin,kevin.martin1678@example.com,support,Growth Team,Expand into new markets
Ruth Miller,ruth.miller1679@example.com,support,Mobile Team,Ship the new mobile app
Diana White,diana.white1680@example.com,sales,Data Team,Build the analytics pipeline
Olivia Anderson,olivia.anderson1681@example.com,engineering,Mobile Team,Ship the new mobile app
Xavier Johnson,xavier.johnson1682@example.com,support,Data Team,Build the analytics pipeline
Alice Taylor,alice.taylor1683@example.com,sales,Growth Team,Expand into new markets
Alice Martinez,alice.martinez1684@example.com,engineering,Growth Team,Expand into new markets
Bianca Hernandez,bianca.hernandez1685@example.com,support,Platform Team,Rebuild the customer portal
Amir Rodriguez,amir.rodriguez1686@example.com,engineering,Growth Team,Expand into new markets
Bob Anderson,bob.anderson1687@example.com,engineering,Data Team,Build the analytics pipeline
Eve Rodriguez,eve.rodriguez1688@example.com,support,Data Team,Build the analytics pipeline
Heidi Davis,heidi.davis1689@example.com,sales,Data Team,Build the analytics pipeline
Carol Jackson,carol.jackson1690@example.com,support,Mobile Team,Ship the new mobile app
Diana Miller,diana.miller1691@example.com,support,Platform Team,Rebuild the customer portal
Kevin Sanchez,kevin.sanchez1692@example.com,engineering,Mobile Team,Ship the new mobile app
Peggy Clark,peggy.clark1693@example.com,support,Platform Team,Rebuild the customer portal
Uma Martinez,uma.martinez1694@example.com,support,Platform Team,Rebuild the customer portal
Zach Jackson,zach.jackson1695@example.com,engineering,Mobile Team,Ship the new mobile app
Yolanda Johnson,yolanda.johnson1696@example.com,sales,Data Team,Build the analytics pipeline
Carlos Clark,carlos.clark1697@example.com,sales,Mobile Team,Ship the new mobile app
Diana Ramirez,diana.ramirez1698@example.com,engineering,Platform Team,Rebuild the customer portal
Xavier Lee,xavier.lee1699@example.com,support,Platform Team,Rebuild the customer portal
Yolanda Lee,yolanda.lee1700@example.com,engineering,Mobile Team,Ship the new mobile app
Judy Taylor,judy.taylor1701@example.com,sales,Platform Team,Rebuild the customer portal
Ruth Jackson,ruth.jackson1702@example.com,sales,Growth Team,Expand into new markets
Quentin Thompson,quentin.thompson1703@example.com,engineering,Growth Team,Expand into new markets
Bob Perez,bob.perez1704@example.com,sales,Mobile Team,Ship the new mobile app
Yolanda Martin,yolanda.martin1705@example.com,engineering,Platform Team,Rebuild the customer portal
Niaj Martinez,niaj.martinez1706@example.com,engineering,Mobile Team,Ship the new mobile app
Eve Hernandez,eve.hernandez1707@example.com,sales,Platform Team,Rebuild the customer portal
Sybil White,sybil.white1708@example.com,support,Platform Team,Rebuild the customer portal
Mallory Rodriguez,mallory.rodriguez1709@example.com,sales,Platform Team,Rebuild the customer portal
Quentin Wilson,quentin.wilson1710@example.com,engineering,Growth Team,Expand into new markets
Peggy Moore,peggy.moore1711@example.com,sales,Growth Team,Expand into new markets
Mallory Lee,mallory.lee1712@example.com,support,Growth Team,Expand into new markets
Trent White,trent.white1713@example.com,engineering,Growth Team,Expand into new markets
Carol Rodriguez,carol.rodriguez1714@example.com,sales,Mobile Team,Ship the new mobile app
Victor Robinson,victor.robinson1715@example.com,engineering,Platform Team,Rebuild the customer portal
Victor Wilson,victor.wilson1716@example.com,sales,Mobile Team,Ship the new mobile app
Laura Miller,laura.miller1717@example.com,sales,Data Team,Build the analytics pipeline
Trent Lee,trent.lee1718@example.com,sales,Platform Team,Rebuild the customer portal
Frank Lopez,frank.lopez1719@example.com,support,Mobile Team,Ship the new mobile app
Eve Anderson,eve.anderson1720@example.com,engineering,Platform Team,Rebuild the customer portal
Grace Perez,grace.perez1721@example.com,engineering,Data Team,Build the analytics pipeline
Yolanda White,yolanda.white1722@example.com,engineering,Platform Team,Rebuild the customer portal
Xavier Johnson,xavier.johnson1723@example.com,support,Growth Team,Expand into new markets
Diana Jones,diana.jones1724@example.com,engineering,Data Team,Build the analytics pipeline
Kevin Thompson,kevin.thompson1725@example.com,sales,Platform Team,Rebuild the customer portal
Olivia Thomas,olivia.thomas1726@example.com,sales,Platform Team,Rebuild the customer portal
Grace White,grace.white1727@example.com,engineering,Growth Team,Expand into new markets
Ruth Taylor,ruth.taylor1728@example.com,support,Data Team,Build the analytics pipeline
Peggy Martin,peggy.martin1729@example.com,support,Growth Team,Expand into new markets
Wendy Perez,wendy.perez1730@example.com,sales,Platform Team,Rebuild the customer portal
Sybil Lewis,sybil.lewis1731@example.com,sales,Platform Team,Rebuild the customer portal
Frank Johnson,frank.johnson1732@example.com,engineering,Data Team,Build the analytics pipeline
Zach Thompson,zach.thompson1733@example.com,engineering,Data Team,Build the analytics pipeline
Olivia Lee,olivia.lee1734@example.com,engineering,Platform Team,Rebuild the customer portal
Mallory Perez,mallory.perez1735@example.com,support,Data Team,Build the analytics pipeline
Bianca Robinson,bianca.robinson1736@example.com,engineering,Data Team,Build the analytics pipeline
Alice Martinez,alice.martinez1737@example.com,engineering,Mobile Team,Ship the new mobile app
Mallory Taylor,mallory.taylor1738@example.com,sales,Platform Team,Rebuild the customer portal
Peggy Ramirez,peggy.ramirez1739@example.com,engineering,Platform Team,Rebuild the customer portal
Grace Taylor,grace.taylor1740@example.com,support,Mobile Team,Ship the new mobile app
Diana Thompson,diana.thompson1741@example.com,engineering,Platform Team,Rebuild the customer portal
Heidi Robinson,heidi.robinson1742@example.com,sales,Data Team,Build the analytics pipeline
Peggy Gonzalez,peggy.gonzalez1743@example.com,engineering,Growth Team,Expand into new markets
Laura Perez,laura.perez1744@example.com,sales,Data Team,Build the analytics pipeline
Uma Martinez,uma.martinez1745@example.com,support,Growth Team,Expand into new markets
Ivan Sanchez,ivan.sanchez1746@example.com,support,Platform Team,Rebuild the customer portal
Ivan Lewis,ivan.lewis1747@example.com,engineering,Mobile Team,Ship the new mobile app
Ruth Rodriguez,ruth.rodriguez1748@example.com,engineering,Growth Team,Expand into new markets
Kevin Lewis,kevin.lewis1749@example.com,support,Mobile Team,Ship the new mobile app
Eve Williams,eve.williams1750@example.com,support,Mobile Team,Ship the new mobile app
Victor Martin,victor.martin1751@example.com,sales,Growth Team,Expand into new markets
Heidi Jackson,heidi.jackson1752@example.com,sales,Growth Team,Expand into new markets
Judy Robinson,judy.robinson1753@example.com,sales,Data Team,Build the analytics pipeline
Ruth Jones,ruth.jones1754@example.com,support,Growth Team,Expand into new markets
Eve Jackson,eve.jackson1755@example.com,engineering,Growth Team,Expand into new markets
Judy Thompson,judy.thompson1756@example.com,sales,Growth Team,Expand into new markets
Diana Harris,diana.harris1757@example.com,support,Growth Team,Expand into new markets
Diana Jackson,diana.jackson1758@example.com,sales,Growth Team,Expand into new markets
Carol Moore,carol.moore1759@example.com,engineering,Platform Team,Rebuild the customer portal
Kevin Clark,kevin.clark1760@example.com,support,Growth Team,Expand into new markets
Alice Harris,alice.harris1761@example.com,sales,Data Team,Build the analytics pipeline
Niaj Martinez,niaj.martinez1762@example.com,support,Mobile Team,Ship the new mobile app
Diana Clark,diana.clark1763@example.com,engineering,Data Team,Build the analytics pipeline
Yolanda Miller,yolanda.miller1764@example.com,engineering,Platform Team,Rebuild the customer portal
Frank Smith,frank.smith1765@example.com,support,Data Team,Build the analytics pipeline
Sybil Martin,sybil.martin1766@example.com,support,Growth Team,Expand into new markets
Heidi Davis,heidi.davis1767@example.com,sales,Platform Team,Rebuild the customer portal
Carol Thompson,carol.thompson1768@example.com,engineering,Mobile Team,Ship the new mobile app
Quentin Ramirez,quentin.ramirez1769@example.com,support,Mobile Team,Ship the new mobile app
Uma Lopez,uma.lopez1770@example.com,sales,Growth Team,Expand into new markets
Peggy Thomas,peggy.thomas1771@example.com,engineering,Growth Team,Expand into new markets
Grace Davis,grace.davis1772@example.com,sales,Platform Team,Rebuild the customer portal
Yolanda Smith,yolanda.smith1773@example.com,sales,Data Team,Build the analytics pipeline
Heidi White,heidi.white1774@example.com,engineering,Growth Team,Expand into new markets
Carol Garcia,carol.garcia1775@example.com,support,Mobile Team,Ship the new mobile app
Peggy Thompson,peggy.thompson1776@example.com,sales,Data Team,Build the analytics pipeline
Carlos Davis,carlos.davis1777@example.com,sales,Mobile Team,Ship the new mobile app
Yolanda Johnson,yolanda.johnson1778@example.com,support,Mobile Team,Ship the new mobile app
Kevin Gonzalez,kevin.gonzalez1779@example.com,support,Platform Team,Rebuild the customer portal
Dave Anderson,dave.anderson1780@example.com,engineering,Mobile Team,Ship the new mobile app
Carlos Davis,carlos.davis1781@example.com,support,Mobile Team,Ship the new mobile app
Bob Moore,bob.moore1782@example.com,support,Mobile Team,Ship the new mobile app
Yolanda Lee,yolanda.lee1783@example.com,engineering,Platform Team,Rebuild the customer portal
Judy Anderson,judy.anderson1784@example.com,sales,Mobile Team,Ship the new mobile app
Yolanda Clark,yolanda.clark1785@example.com,sales,Data Team,Build the analytics pipeline
Frank Wilson,frank.wilson1786@example.com,support,Data Team,Build the analytics pipeline
Diana Johnson,diana.johnson1787@example.com,sales,Growth Team,Expand into new markets
Amir Lee,amir.lee1788@example.com,engineering,Mobile Team,Ship the new mobile app
Xavier Taylor,xavier.taylor1789@example.com,engineering,Platform Team,Rebuild the customer portal
Yolanda Jackson,yolanda.jackson1790@example.com,sales,Growth Team,Expand into new markets
Niaj Hernandez,niaj.hernandez1791@example.com,engineering,Mobile Team,Ship the new mobile app
Frank Anderson,frank.anderson1792@example.com,sales,Growth Team,Expand into new markets
Carol Rodriguez,carol.rodriguez1793@example.com,support,Data Team,Build the analytics pipeline
Uma Robinson,uma.robinson1794@example.com,support,Growth Team,Expand into new markets
Xavier Brown,xavier.brown1795@example.com,engineering,Platform Team,Rebuild the customer portal
Wendy Anderson,wendy.anderson1796@example.com,engineering,Data Team,Build the analytics pipeline
Quentin Thompson,quentin.thompson1797@example.com,support,Mobile Team,Ship the new mobile app
Zach Taylor,zach.taylor1798@example.com,sales,Growth Team,Expand into new markets
Ruth Gonzalez,ruth.gonzalez1799@example.com,engineering,Platform Team,Rebuild the customer portal
Diana Hernandez,diana.hernandez1800@example.com,engineering,Growth Team,Expand into new markets
Bianca Jones,bianca.jones1801@example.com,support,Growth Team,Expand into new markets
Bob Wilson,bob.wilson1802@example.com,sales,Data Team,Build the analytics pipeline
Xavier Harris,xavier.harris1803@example.com,sales,Mobile Team,Ship the new mobile app
Uma Garcia,uma.garcia1804@example.com,engineering,Platform Team,Rebuild the customer portal
Grace Smith,grace.smith1805@example.com,engineering,Data Team,Build the analytics pipeline
Olivia Thomas,olivia.thomas1806@example.com,support,Mobile Team,Ship the new mobile app
Zach Smith,zach.smith1807@example.com,engineering,Mobile Team,Ship the new mobile app
Grace Jackson,grace.jackson1808@example.com,sales,Mobile Team,Ship the new mobile app
Niaj Anderson,niaj.anderson1809@example.com,support,Platform Team,Rebuild the customer portal
Trent Smith,trent.smith1810@example.com,support,Growth Team,Expand into new markets
Ivan Martin,ivan.martin1811@example.com,engineering,Growth Team,Expand into new markets
Frank Jones,frank.jones1812@example.com,support,Platform Team,Rebuild the customer portal
Laura Johnson,laura.johnson1813@example.com,engineering,Growth Team,Expand into new markets
Victor Jackson,victor.jackson1814@example.com,sales,Data Team,Build the analytics pipeline
Diana Williams,diana.williams1815@example.com,engineering,Platform Team,Rebuild the customer portal
Niaj Garcia,niaj.garcia1816@example.com,support,Growth Team,Expand into new markets
Judy Martin,judy.martin1817@example.com,sales,Growth Team,Expand into new markets
Xavier Jackson,xavier.jackson1818@example.com,engineering,Data Team,Build the analytics pipeline
Carol Harris,carol.harris1819@example.com,sales,Data Team,Build the analytics pipeline
Laura Lewis,laura.lewis1820@example.com,engineering,Mobile Team,Ship the new mobile app
Yolanda Wilson,yolanda.wilson1821@example.com,sales,Platform Team,Rebuild the customer portal
Peggy Jones,peggy.jones1822@example.com,support,Platform Team,Rebuild the customer portal
Bianca Rodriguez,bianca.rodriguez1823@example.com,support,Data Team,Build the analytics pipeline
Niaj Taylor,niaj.taylor1824@example.com,support,Growth Team,Expand into new markets
Grace Martin,grace.martin1825@example.com,engineering,Platform Team,Rebuild the customer portal
Sybil White,sybil.white1826@example.com,sales,Platform Team,Rebuild the customer portal
Xavier Thompson,xavier.thompson1827@example.com,sales,Data Team,Build the analytics pipeline
Trent Ramirez,trent.ramirez1828@example.com,sales,Data Team,Build the analytics pipeline
Quentin Jackson,quentin.jackson1829@example.com,engineering,Data Team,Build the analytics pipeline
Trent Jackson,trent.jackson1830@example.com,support,Mobile Team,Ship the new mobile app
Xavier Lee,xavier.lee1831@example.com,sales,Mobile Team,Ship the new mobile app
Zach Garcia,zach.garcia1832@example.com,support,Growth Team,Expand into new markets
Judy Miller,judy.miller1833@example.com,engineering,Platform Team,Rebuild the customer portal
Alice Anderson,alice.anderson1834@example.com,support,Platform Team,Rebuild the customer portal
Bianca Miller,bianca.miller1835@example.com,sales,Mobile Team,Ship the new mobile app
Bob Hernandez,bob.hernandez1836@example.com,support,Data Team,Build the analytics pipeline
Zach Lee,zach.lee1837@example.com,engineering,Growth Team,Expand into new markets
Uma Miller,uma.miller1838@example.com,sales,Data Team,Build the analytics pipeline
Zach Williams,zach.williams1839@example.com,sales,Data Team,Build the analytics pipeline
Quentin Moore,quentin.moore1840@example.com,engineering,Data Team,Build the analytics pipeline
Dave Perez,dave.perez1841@example.com,sales,Data Team,Build the analytics pipeline
Mallory White,mallory.white1842@example.com,engineering,Platform Team,Rebuild the customer portal
Grace Hernandez,grace.hernandez1843@example.com,support,Data Team,Build the analytics pipeline
Peggy Robinson,peggy.robinson1844@example.com,engineering,Mobile Team,Ship the new mobile app
Uma Jones,uma.jones1845@example.com,engineering,Mobile Team,Ship the new mobile app
Uma Anderson,uma.anderson1846@example.com,sales,Data Team,Build the analytics pipeline
Zach Clark,zach.clark1847@example.com,support,Mobile Team,Ship the new mobile app
Bob Clark,bob.clark1848@example.com,support,Data Team,Build the analytics pipeline
Xavier Perez,xavier.perez1849@example.com,support,Data Team,Build the analytics pipeline
Ruth Smith,ruth.smith1850@example.com,support,Growth Team,Expand into new markets
Victor Hernandez,victor.hernandez1851@example.com,engineering,Data Team,Build the analytics pipeline
Eve Rodriguez,eve.rodriguez1852@example.com,sales,Platform Team,Rebuild the customer portal
Mallory Lee,mallory.lee1853@example.com,support,Growth Team,Expand into new markets
Trent Gonzalez,trent.gonzalez1854@example.com,support,Growth Team,Expand into new markets
Dave Ramirez,dave.ramirez1855@example.com,support,Data Team,Build the analytics pipeline
Bianca Hernandez,bianca.hernandez1856@example.com,sales,Platform Team,Rebuild the customer portal
Niaj Williams,niaj.williams1857@example.com,engineering,Mobile Team,Ship the new mobile app
Laura Anderson,laura.anderson1858@example.com,engineering,Data Team,Build the analytics pipeline
Quentin Martinez,quentin.martinez1859@example.com,engineering,Growth Team,Expand into new markets
Laura Sanchez,laura.sanchez1860@example.com,engineering,Platform Team,Rebuild the customer portal
Diana Williams,diana.williams1861@example.com,support,Mobile Team,Ship the new mobile app
Alice Sanchez,alice.sanchez1862@example.com,support,Mobile Team,Ship the new mobile app
Eve Miller,eve.miller1863@example.com,sales,Data Team,Build the analytics pipeline
Xavier Ramirez,xavier.ramirez1864@example.com,sales,Data Team,Build the analytics pipeline
Eve Harris,eve.harris1865@example.com,support,Platform Team,Rebuild the customer portal
Victor Jones,victor.jones1866@example.com,support,Growth Team,Expand into new markets
Bob Anderson,bob.anderson1867@example.com,support,Mobile Team,Ship the new mobile app
Bianca Taylor,bianca.taylor1868@example.com,engineering,Platform Team,Rebuild the customer portal
Judy Robinson,judy.robinson1869@example.com,support,Platform Team,Rebuild the customer portal
Bianca Martin,bianca.martin1870@example.com,sales,Platform Team,Rebuild the customer portal
Olivia Lewis,olivia.lewis1871@example.com,engineering,Platform Team,Rebuild the customer portal
Quentin Harris,quentin.harris1872@example.com,engineering,Data Team,Build the analytics pipeline
Sybil Harris,sybil.harris1873@example.com,support,Data Team,Build the analytics pipeline
Carlos Miller,carlos.miller1874@example.com,engineering,Data Team,Build the analytics pipeline
Grace Martinez,grace.martinez1875@example.com,support,Data Team,Build the analytics pipeline
Kevin Harris,kevin.harris1876@example.com,support,Mobile Team,Ship the new mobile app
Dave Rodriguez,dave.rodriguez1877@example.com,engineering,Growth Team,Expand into new markets
Ivan Brown,ivan.brown1878@example.com,support,Platform Team,Rebuild the customer portal
Ruth Taylor,ruth.taylor1879@example.com,engineering,Platform Team,Rebuild the customer portal
Ruth Lopez,ruth.lopez1880@example.com,sales,Data Team,Build the analytics pipeline
Eve Thompson,eve.thompson1881@example.com,support,Data Team,Build the analytics pipeline
Heidi Garcia,heidi.garcia1882@example.com,sales,Platform Team,Rebuild the customer portal
Trent Lewis,trent.lewis1883@example.com,support,Data Team,Build the analytics pipeline
Olivia Johnson,olivia.johnson1884@example.com,engineering,Growth Team,Expand into new markets
Peggy Lewis,peggy.lewis1885@example.com,engineering,Platform Team,Rebuild the customer portal
Mallory Johnson,mallory.johnson1886@example.com,sales,Platform Team,Rebuild the customer portal
Mallory Garcia,mallory.garcia1887@example.com,support,Mobile Team,Ship the new mobile app
Laura Martinez,laura.martinez1888@example.com,engineering,Data Team,Build the analytics pipeline
Wendy Harris,wendy.harris1889@example.com,sales,Platform Team,Rebuild the customer portal
Sybil Jones,sybil.jones1890@example.com,support,Platform Team,Rebuild the customer portal
Olivia Brown,olivia.brown1891@example.com,sales,Mobile Team,Ship the new mobile app
Victor Lee,victor.lee1892@example.com,sales,Mobile Team,Ship the new mobile app
Heidi Davis,heidi.davis1893@example.com,support,Growth Team,Expand into new markets
Ivan Robinson,ivan.robinson1894@example.com,sales,Data Team,Build the analytics pipeline
Frank Thompson,frank.thompson1895@example.com,sales,Data Team,Build the analytics pipeline
Olivia Thomas,olivia.thomas1896@example.com,engineering,Platform Team,Rebuild the customer portal
Peggy Brown,peggy.brown1897@example.com,sales,Data Team,Build the analytics pipeline
Olivia Ramirez,olivia.ramirez1898@example.com,sales,Growth Team,Expand into new markets
Yolanda Lopez,yolanda.lopez1899@example.com,support,Growth Team,Expand into new markets
Dave Gonzalez,dave.gonzalez1900@example.com,sales,Platform Team,Rebuild the customer portal
Ruth Lee,ruth.lee1901@example.com,sales,Platform Team,Rebuild the customer portal
Ruth Anderson,ruth.anderson1902@example.com,support,Mobile Team,Ship the new mobile app
Niaj Davis,niaj.davis1903@example.com,support,Growth Team,Expand into new markets
Frank Thomas,frank.thomas1904@example.com,engineering,Mobile Team,Ship the new mobile app
Kevin Miller,kevin.miller1905@example.com,sales,Mobile Team,Ship the new mobile app
Sybil Sanchez,sybil.sanchez1906@example.com,support,Data Team,Build the analytics pipeline
Wendy Davis,wendy.davis1907@example.com,support,Growth Team,Expand into new markets
Victor Williams,victor.williams1908@example.com,engineering,Mobile Team,Ship the new mobile app
Sybil Martin,sybil.martin1909@example.com,sales,Mobile Team,Ship the new mobile app
Ruth Brown,ruth.brown1910@example.com,engineering,Mobile Team,Ship the new mobile app
Judy Gonzalez,judy.gonzalez1911@example.com,support,Platform Team,Rebuild the customer portal
Dave Perez,dave.perez1912@example.com,sales,Mobile Team,Ship the new mobile app
Peggy Lee,peggy.lee1913@example.com,engineering,Platform Team,Rebuild the customer portal
Grace Clark,grace.clark1914@example.com,support,Growth Team,Expand into new markets
Carlos Harris,carlos.harris1915@example.com,engineering,Platform Team,Rebuild the customer portal
Victor Jones,victor.jones1916@example.com,support,Mobile Team,Ship the new mobile app
Judy Gonzalez,judy.gonzalez1917@example.com,engineering,Mobile Team,Ship the new mobile app
Grace Perez,grace.perez1918@example.com,sales,Data Team,Build the analytics pipeline
Sybil Sanchez,sybil.sanchez1919@example.com,sales,Data Team,Build the analytics pipeline
Wendy Robinson,wendy.robinson1920@example.com,engineering,Data Team,Build the analytics pipeline
Sybil Smith,sybil.smith1921@example.com,engineering,Mobile Team,Ship the new mobile app
Bianca Martinez,bianca.martinez1922@example.com,sales,Platform Team,Rebuild the customer portal
Carlos Moore,carlos.moore1923@example.com,engineering,Platform Team,Rebuild the customer portal
Wendy Moore,wendy.moore1924@example.com,engineering,Data Team,Build the analytics pipeline
Bianca Martinez,bianca.martinez1925@example.com,engineering,Platform Team,Rebuild the customer portal
Niaj Thompson,niaj.thompson1926@example.com,support,Mobile Team,Ship the new mobile app
Kevin Thompson,kevin.thompson1927@example.com,sales,Mobile Team,Ship the new mobile app
Mallory Wilson,mallory.wilson1928@example.com,support,Growth Team,Expand into new markets
Frank Thomas,frank.thomas1929@example.com,engineering,Growth Team,Expand into new markets
Ruth Gonzalez,ruth.gonzalez1930@example.com,sales,Data Team,Build the analytics pipeline
Eve Martinez,eve.martinez1931@example.com,engineering,Growth Team,Expand into new markets
Alice Williams,alice.williams1932@example.com,engineering,Platform Team,Rebuild the customer portal
Xavier Lewis,xavier.lewis1933@example.com,support,Mobile Team,Ship the new mobile app
Niaj Jones,niaj.jones1934@example.com,engineering,Platform Team,Rebuild the customer portal
Uma Sanchez,uma.sanchez1935@example.com,sales,Mobile Team,Ship the new mobile app
Carlos Sanchez,carlos.sanchez1936@example.com,support,Mobile Team,Ship the new mobile app
Frank Anderson,frank.anderson1937@example.com,support,Mobile Team,Ship the new mobile app
Amir Anderson,amir.anderson1938@example.com,sales,Mobile Team,Ship the new mobile app
Heidi Garcia,heidi.garcia1939@example.com,support,Mobile Team,Ship the new mobile app
Alice Jackson,alice.jackson1940@example.com,support,Mobile Team,Ship the new mobile app
Heidi Thompson,heidi.thompson1941@example.com,sales,Data Team,Build the analytics pipeline
Diana Moore,diana.moore1942@example.com,engineering,Data Team,Build the analytics pipeline
Bob Jackson,bob.jackson1943@example.com,support,Mobile Team,Ship the new mobile app
Laura Brown,laura.brown1944@example.com,support,Mobile Team,Ship the new mobile app
Carol Jones,carol.jones1945@example.com,sales,Data Team,Build the analytics pipeline
Quentin Williams,quentin.williams1946@example.com,engineering,Platform Team,Rebuild the customer portal
Peggy Lee,peggy.lee1947@example.com,support,Platform Team,Rebuild the customer portal
Uma Moore,uma.moore1948@example.com,support,Data Team,Build the analytics pipeline
Bob Lewis,bob.lewis1949@example.com,support,Data Team,Build the analytics pipeline
Yolanda Smith,yolanda.smith1950@example.com,sales,Mobile Team,Ship the new mobile app
Quentin Lewis,quentin.lewis1951@example.com,support,Mobile Team,Ship the new mobile app
Xavier Hernandez,xavier.hernandez1952@example.com,sales,Mobile Team,Ship the new mobile app
Zach Martinez,zach.martinez1953@example.com,engineering,Data Team,Build the analytics pipeline
Bob Thompson,bob.thompson1954@example.com,support,Data Team,Build the analytics pipeline
Zach Jackson,zach.jackson1955@example.com,engineering,Data Team,Build the analytics pipeline
Uma Thomas,uma.thomas1956@example.com,support,Growth Team,Expand into new markets
Bob Perez,bob.perez1957@example.com,support,Data Team,Build the analytics pipeline
Trent Smith,trent.smith1958@example.com,sales,Data Team,Build the analytics pipeline
Carol Jones,carol.jones1959@example.com,sales,Platform Team,Rebuild the customer portal
Ivan Jones,ivan.jones1960@example.com,sales,Data Team,Build the analytics pipeline
Bianca Rodriguez,bianca.rodriguez1961@example.com,support,Platform Team,Rebuild the customer portal
Dave Martin,dave.martin1962@example.com,support,Growth Team,Expand into new markets
Xavier Jones,xavier.jones1963@example.com,sales,Mobile Team,Ship the new mobile app
Zach Garcia,zach.garcia1964@example.com,support,Data Team,Build the analytics pipeline
Heidi Thomas,heidi.thomas1965@example.com,support,Growth Team,Expand into new markets
Bianca Johnson,bianca.johnson1966@example.com,engineering,Data Team,Build the analytics pipeline
Eve Martin,eve.martin1967@example.com,sales,Growth Team,Expand into new markets
Yolanda Wilson,yolanda.wilson1968@example.com,engineering,Mobile Team,Ship the new mobile app
Victor Anderson,victor.anderson1969@example.com,engineering,Growth Team,Expand into new markets
Sybil White,sybil.white1970@example.com,engineering,Data Team,Build the analytics pipeline
Uma Rodriguez,uma.rodriguez1971@example.com,engineering,Platform Team,Rebuild the customer portal
Frank Anderson,frank.anderson1972@example.com,sales,Mobile Team,Ship the new mobile app
Judy Thomas,judy.thomas1973@example.com,sales,Growth Team,Expand into new markets
Victor Thompson,victor.thompson1974@example.com,sales,Mobile Team,Ship the new mobile app
Ivan Jones,ivan.jones1975@example.com,engineering,Mobile Team,Ship the new mobile app
Judy Robinson,judy.robinson1976@example.com,sales,Mobile Team,Ship the new mobile app
Victor Hernandez,victor.hernandez1977@example.com,engineering,Platform Team,Rebuild the customer portal
Diana Moore,diana.moore1978@example.com,sales,Data Team,Build the analytics pipeline
Trent Robinson,trent.robinson1979@example.com,sales,Data Team,Build the analytics pipeline
Ivan Rodriguez,ivan.rodriguez1980@example.com,sales,Platform Team,Rebuild the customer portal
Uma Jackson,uma.jackson1981@example.com,sales,Mobile Team,Ship the new mobile app
Yolanda Perez,yolanda.perez1982@example.com,support,Growth Team,Expand into new markets
Victor Jackson,victor.jackson1983@example.com,support,Growth Team,Expand into new markets
Kevin Perez,kevin.perez1984@example.com,sales,Growth Team,Expand into new markets
Ruth Smith,ruth.smith1985@example.com,engineering,Platform Team,Rebuild the customer portal
Alice Wilson,alice.wilson1986@example.com,support,Platform Team,Rebuild the customer portal
Dave Perez,dave.perez1987@example.com,sales,Mobile Team,Ship the new mobile app
Heidi White,heidi.white1988@example.com,sales,Data Team,Build the analytics pipeline
Grace Johnson,grace.johnson1989@example.com,support,Platform Team,Rebuild the customer portal
Carol Johnson,carol.johnson1990@example.com,support,Growth Team,Expand into new markets
Uma Brown,uma.brown1991@example.com,engineering,Platform Team,Rebuild the customer portal
Bianca Martin,bianca.martin1992@example.com,sales,Growth Team,Expand into new markets
Victor Harris,victor.harris1993@example.com,engineering,Growth Team,Expand into new markets
Wendy Garcia,wendy.garcia1994@example.com,sales,Data Team,Build the analytics pipeline
Olivia Perez,olivia.perez1995@example.com,support,Platform Team,Rebuild the customer portal
Olivia Robinson,olivia.robinson1996@example.com,sales,Data Team,Build the analytics pipeline
Wendy Lewis,wendy.lewis1997@example.com,sales,Data Team,Build the analytics pipeline
Frank Harris,frank.harris1998@example.com,sales,Platform Team,Rebuild the customer portal
Yolanda Johnson,yolanda.johnson1999@example.com,sales,Mobile Team,Ship the new mobile app
Kevin Johnson,kevin.johnson2000@example.com,sales,Data Team,Build the analytics pipeline
Frank Anderson,frank.anderson2001@example.com,sales,Platform Team,Rebuild the customer portal
Diana Miller,diana.miller2002@example.com,engineering,Mobile Team,Ship the new mobile app
Uma Thomas,uma.thomas2003@example.com,engineering,Platform Team,Rebuild the customer portal
Ruth Harris,ruth.harris2004@example.com,engineering,Mobile Team,Ship the new mobile app
Trent Lee,trent.lee2005@example.com,sales,Platform Team,Rebuild the customer portal
Wendy Rodriguez,wendy.rodriguez2006@example.com,engineering,Platform Team,Rebuild the customer portal
Carol Williams,carol.williams2007@example.com,sales,Data Team,Build the analytics pipeline
Alice Lewis,alice.lewis2008@example.com,engineering,Mobile Team,Ship the new mobile app
Uma Lee,uma.lee2009@example.com,engineering,Platform Team,Rebuild the customer portal
Victor Gonzalez,victor.gonzalez2010@example.com,engineering,Data Team,Build the analytics pipeline
Wendy Hernandez,wendy.hernandez2011@example.com,support,Mobile Team,Ship the new mobile app
Alice Taylor,alice.taylor2012@example.com,sales,Mobile Team,Ship the new mobile app
Niaj Gonzalez,niaj.gonzalez2013@example.com,support,Platform Team,Rebuild the customer portal
Heidi Smith,heidi.smith2014@example.com,support,Mobile Team,Ship the new mobile app
Amir Harris,amir.harris2015@example.com,engineering,Mobile Team,Ship the new mobile app
Sybil Moore,sybil.moore2016@example.com,sales,Data Team,Build the analytics pipeline
Victor Martinez,victor.martinez2017@example.com,engineering,Mobile Team,Ship the new mobile app
Uma Lee,uma.lee2018@example.com,sales,Platform Team,Rebuild the customer portal
Ruth Ramirez,ruth.ramirez2019@example.com,engineering,Data Team,Build the analytics pipeline
Amir Anderson,amir.anderson2020@example.com,support,Data Team,Build the analytics pipeline
Grace Garcia,grace.garcia2021@example.com,sales,Platform Team,Rebuild the customer portal
Victor Miller,victor.miller2022@example.com,support,Data Team,Build the analytics pipeline
Mallory Lewis,mallory.lewis2023@example.com,support,Platform Team,Rebuild the customer portal
Wendy Lopez,wendy.lopez2024@example.com,engineering,Mobile Team,Ship the new mobile app
Carlos Lee,carlos.lee2025@example.com,support,Mobile Team,Ship the new mobile app
Grace Jones,grace.jones2026@example.com,engineering,Platform Team,Rebuild the customer portal
Alice White,alice.white2027@example.com,sales,Growth Team,Expand into new markets
Mallory Williams,mallory.williams2028@example.com,sales,Data Team,Build the analytics pipeline
Ruth Clark,ruth.clark2029@example.com,engineering,Mobile Team,Ship the new mobile app
Bob Hernandez,bob.hernandez2030@example.com,sales,Platform Team,Rebuild the customer portal
Zach White,zach.white2031@example.com,sales,Platform Team,Rebuild the customer portal
Dave Miller,dave.miller2032@example.com,support,Mobile Team,Ship the new mobile app
Bianca Ramirez,bianca.ramirez2033@example.com,support,Growth Team,Expand into new markets
Sybil Davis,sybil.davis2034@example.com,engineering,Platform Team,Rebuild the customer portal
Xavier Jones,xavier.jones2035@example.com,support,Mobile Team,Ship the new mobile app
Alice Thomas,alice.thomas2036@example.com,engineering,Platform Team,Rebuild the customer portal
Wendy Lee,wendy.lee2037@example.com,engineering,Growth Team,Expand into new markets
Frank Lee,frank.lee2038@example.com,sales,Platform Team,Rebuild the customer portal
Amir Sanchez,amir.sanchez2039@example.com,sales,Platform Team,Rebuild the customer portal
Trent Garcia,trent.garcia2040@example.com,engineering,Platform Team,Rebuild the customer portal
Dave Thomas,dave.thomas2041@example.com,engineering,Growth Team,Expand into new markets
Zach Miller,zach.miller2042@example.com,sales,Mobile Team,Ship the new mobile app
Zach Clark,zach.clark2043@example.com,sales,Mobile Team,Ship the new mobile app
Dave Perez,dave.perez2044@example.com,sales,Growth Team,Expand into new markets
Amir Sanchez,amir.sanchez2045@example.com,engineering,Growth Team,Expand into new markets
Sybil Garcia,sybil.garcia2046@example.com,engineering,Data Team,Build the analytics pipeline
Dave Rodriguez,dave.rodriguez2047@example.com,sales,Growth Team,Expand into new markets
Frank Thompson,frank.thompson2048@example.com,support,Data Team,Build the analytics pipeline
Frank Anderson,frank.anderson2049@example.com,support,Growth Team,Expand into new markets
Bob Jones,bob.jones2050@example.com,support,Platform Team,Rebuild the customer portal
Trent Gonzalez,trent.gonzalez2051@example.com,engineering,Growth Team,Expand into new markets
Carlos Thomas,carlos.thomas2052@example.com,engineering,Platform Team,Rebuild the customer portal
Alice Garcia,alice.garcia2053@example.com,support,Platform Team,Rebuild the customer portal
Uma Jackson,uma.jackson2054@example.com,sales,Data Team,Build the analytics pipeline
Wendy Sanchez,wendy.sanchez2055@example.com,support,Mobile Team,Ship the new mobile app
Eve Miller,eve.miller2056@example.com,support,Growth Team,Expand into new markets
Ivan Taylor,ivan.taylor2057@example.com,sales,Mobile Team,Ship the new mobile app
Heidi Garcia,heidi.garcia2058@example.com,support,Platform Team,Rebuild the customer portal
Frank Thompson,frank.thompson2059@example.com,support,Mobile Team,Ship the new mobile app
Carol Lee,carol.lee2060@example.com,sales,Data Team,Build the analytics pipeline
Niaj Smith,niaj.smith2061@example.com,engineering,Growth Team,Expand into new markets
Dave Taylor,dave.taylor2062@example.com,support,Platform Team,Rebuild the customer portal
Laura Ramirez,laura.ramirez2063@example.com,sales,Growth Team,Expand into new markets
Yolanda Lee,yolanda.lee2064@example.com,sales,Growth Team,Expand into new markets
Bob Miller,bob.miller2065@example.com,engineering,Platform Team,Rebuild the customer portal
Victor Ramirez,victor.ramirez2066@example.com,sales,Mobile Team,Ship the new mobile app
Frank Garcia,frank.garcia2067@example.com,engineering,Platform Team,Rebuild the customer portal
Uma Lopez,uma.lopez2068@example.com,engineering,Data Team,Build the analytics pipeline
Niaj Rodriguez,niaj.rodriguez2069@example.com,support,Data Team,Build the analytics pipeline
Zach Lewis,zach.lewis2070@example.com,engineering,Mobile Team,Ship the new mobile app
Dave White,dave.white2071@example.com,support,Platform Team,Rebuild the customer portal
Frank Garcia,frank.garcia2072@example.com,sales,Platform Team,Rebuild the customer portal
Quentin Brown,quentin.brown2073@example.com,engineering,Platform Team,Rebuild the customer portal
Xavier Anderson,xavier.anderson2074@example.com,sales,Data Team,Build the analytics pipeline
Grace White,grace.white2075@example.com,engineering,Data Team,Build the analytics pipeline
Yolanda Brown,yolanda.brown2076@example.com,engineering,Data Team,Build the analytics pipeline
Dave Davis,dave.davis2077@example.com,engineering,Mobile Team,Ship the new mobile app
Mallory Lewis,mallory.lewis2078@example.com,engineering,Growth Team,Expand into new markets
Peggy Jackson,peggy.jackson2079@example.com,engineering,Mobile Team,Ship the new mobile app
Carlos Wilson,carlos.wilson2080@example.com,engineering,Growth Team,Expand into new markets
Diana Martin,diana.martin2081@example.com,engineering,Mobile Team,Ship the new mobile app
Mallory Lopez,mallory.lopez2082@example.com,sales,Growth Team,Expand into new markets
Xavier Miller,xavier.miller2083@example.com,sales,Data Team,Build the analytics pipeline
Grace Hernandez,grace.hernandez2084@example.com,engineering,Growth Team,Expand into new markets
Wendy Jackson,wendy.jackson2085@example.com,sales,Platform Team,Rebuild the customer portal
Eve Brown,eve.brown2086@example.com,sales,Mobile Team,Ship the new mobile app
Niaj Garcia,niaj.garcia2087@example.com,engineering,Data Team,Build the analytics pipeline
Carlos Martinez,carlos.martinez2088@example.com,support,Growth Team,Expand into new markets
Trent Lewis,trent.lewis2089@example.com,support,Growth Team,Expand into new markets
Ruth Ramirez,ruth.ramirez2090@example.com,engineering,Growth Team,Expand into new markets
Niaj Ramirez,niaj.ramirez2091@example.com,engineering,Mobile Team,Ship the new mobile app
Sybil Thomas,sybil.thomas2092@example.com,sales,Mobile Team,Ship the new mobile app
Alice White,alice.white2093@example.com,support,Mobile Team,Ship the new mobile app
Bianca Davis,bianca.davis2094@example.com,sales,Growth Team,Expand into new markets
Niaj Jackson,niaj.jackson2095@example.com,support,Growth Team,Expand into new markets
Eve Robinson,eve.robinson2096@example.com,sales,Platform Team,Rebuild the customer portal
Bob Johnson,bob.johnson2097@example.com,support,Mobile Team,Ship the new mobile app
Yolanda Taylor,yolanda.taylor2098@example.com,sales,Platform Team,Rebuild the customer portal
Quentin Gonzalez,quentin.gonzalez2099@example.com,support,Mobile Team,Ship the new mobile app
Amir Brown,amir.brown2100@example.com,sales,Mobile Team,Ship the new mobile app
Heidi Williams,heidi.williams2101@example.com,support,Platform Team,Rebuild the customer portal
Xavier Wilson,xavier.wilson2102@example.com,engineering,Growth Team,Expand into new markets
Laura Martinez,laura.martinez2103@example.com,support,Growth Team,Expand into new markets
Carol Smith,carol.smith2104@example.com,support,Mobile Team,Ship the new mobile app
Judy Garcia,judy.garcia2105@example.com,support,Mobile Team,Ship the new mobile app
Xavier Jackson,xavier.jackson2106@example.com,sales,Platform Team,Rebuild the customer portal
Olivia Harris,olivia.harris2107@example.com,support,Growth Team,Expand into new markets
Mallory Garcia,mallory.garcia2108@example.com,support,Data Team,Build the analytics pipeline
Olivia Thompson,olivia.thompson2109@example.com,support,Platform Team,Rebuild the customer portal
Carol Gonzalez,carol.gonzalez2110@example.com,support,Data Team,Build the analytics pipeline
Bob Martinez,bob.martinez2111@example.com,sales,Mobile Team,Ship the new mobile app
Wendy Martin,wendy.martin2112@example.com,support,Growth Team,Expand into new markets
Carol Martin,carol.martin2113@example.com,support,Data Team,Build the analytics pipeline
Diana Johnson,diana.johnson2114@example.com,engineering,Data Team,Build the analytics pipeline
Dave Gonzalez,dave.gonzalez2115@example.com,sales,Data Team,Build the analytics pipeline
Trent Johnson,trent.johnson2116@example.com,sales,Data Team,Build the analytics pipeline
Frank Lee,frank.lee2117@example.com,support,Platform Team,Rebuild the customer portal
Wendy Harris,wendy.harris2118@example.com,engineering,Growth Team,Expand into new markets
Kevin Davis,kevin.davis2119@example.com,support,Platform Team,Rebuild the customer portal
Peggy White,peggy.white2120@example.com,support,Growth Team,Expand into new markets
Yolanda Davis,yolanda.davis2121@example.com,sales,Data Team,Build the analytics pipeline
Carlos Rodriguez,carlos.rodriguez2122@example.com,sales,Mobile Team,Ship the new mobile app
Bob Williams,bob.williams2123@example.com,sales,Data Team,Build the analytics pipeline
Olivia Thomas,olivia.thomas2124@example.com,sales,Platform Team,Rebuild the customer portal
Wendy Moore,wendy.moore2125@example.com,sales,Data Team,Build the analytics pipeline
Trent Lopez,trent.lopez2126@example.com,engineering,Platform Team,Rebuild the customer portal
Carlos Lewis,carlos.lewis2127@example.com,engineering,Mobile Team,Ship the new mobile app
Carol Gonzalez,carol.gonzalez2128@example.com,sales,Growth Team,Expand into new markets
Carol Brown,carol.brown2129@example.com,sales,Growth Team,Expand into new markets
Dave Thompson,dave.thompson2130@example.com,sales,Growth Team,Expand into new markets
Eve Ramirez,eve.ramirez2131@example.com,support,Growth Team,Expand into new markets
Uma Smith,uma.smith2132@example.com,sales,Data Team,Build the analytics pipeline
Victor Moore,victor.moore2133@example.com,sales,Growth Team,Expand into new markets
Laura Wilson,laura.wilson2134@example.com,support,Mobile Team,Ship the new mobile app
Uma Smith,uma.smith2135@example.com,engineering,Data Team,Build the analytics pipeline
Carol Smith,carol.smith2136@example.com,support,Growth Team,Expand into new markets
Uma Hernandez,uma.hernandez2137@example.com,support,Mobile Team,Ship the new mobile app
Kevin Lee,kevin.lee2138@example.com,sales,Data Team,Build the analytics pipeline
Sybil Perez,sybil.perez2139@example.com,sales,Mobile Team,Ship the new mobile app
Judy Jackson,judy.jackson2140@example.com,sales,Growth Team,Expand into new markets
Frank Sanchez,frank.sanchez2141@example.com,engineering,Data Team,Build the analytics pipeline
Peggy Lopez,peggy.lopez2142@example.com,engineering,Data Team,Build the analytics pipeline
Eve Lopez,eve.lopez2143@example.com,sales,Data Team,Build the analytics pipeline
Frank Martin,frank.martin2144@example.com,support,Growth Team,Expand into new markets
Ruth Martinez,ruth.martinez2145@example.com,engineering,Growth Team,Expand into new markets
Amir Thompson,amir.thompson2146@example.com,engineering,Growth Team,Expand into new markets
Heidi Brown,heidi.brown2147@example.com,sales,Platform Team,Rebuild the customer portal
Sybil Jones,sybil.jones2148@example.com,sales,Mobile Team,Ship the new mobile app
Laura Garcia,laura.garcia2149@example.com,support,Growth Team,Expand into new markets
Wendy Johnson,wendy.johnson2150@example.com,sales,Data Team,Build the analytics pipeline
Eve Lopez,eve.lopez2151@example.com,support,Mobile Team,Ship the new mobile app
Frank Moore,frank.moore2152@example.com,engineering,Data Team,Build the analytics pipeline
Diana Smith,diana.smith2153@example.com,sales,Mobile Team,Ship the new mobile app
Yolanda Jones,yolanda.jones2154@example.com,sales,Mobile Team,Ship the new mobile app
Eve Smith,eve.smith2155@example.com,support,Data Team,Build the analytics pipeline
Wendy Martinez,wendy.martinez2156@example.com,sales,Mobile Team,Ship the new mobile app
Yolanda Jackson,yolanda.jackson2157@example.com,support,Growth Team,Expand into new markets
Xavier Robinson,xavier.robinson2158@example.com,sales,Mobile Team,Ship the new mobile app
Wendy Brown,wendy.brown2159@example.com,engineering,Mobile Team,Ship the new mobile app
Eve Perez,eve.perez2160@example.com,sales,Platform Team,Rebuild the customer portal
Alice Gonzalez,alice.gonzalez2161@example.com,sales,Growth Team,Expand into new markets
Laura Williams,laura.williams2162@example.com,engineering,Data Team,Build the analytics pipeline
Trent Lee,trent.lee2163@example.com,support,Growth Team,Expand into new markets
Quentin Davis,quentin.davis2164@example.com,engineering,Data Team,Build the analytics pipeline
Alice Williams,alice.williams2165@example.com,support,Mobile Team,Ship the new mobile app
Victor Williams,victor.williams2166@example.com,engineering,Mobile Team,Ship the new mobile app
Peggy Hernandez,peggy.hernandez2167@example.com,support,Platform Team,Rebuild the customer portal
Laura Gonzalez,laura.gonzalez2168@example.com,support,Growth Team,Expand into new markets
Bianca Wilson,bianca.wilson2169@example.com,sales,Data Team,Build the analytics pipeline
Laura Smith,laura.smith2170@example.com,sales,Data Team,Build the analytics pipeline
Laura Martinez,laura.martinez2171@example.com,support,Mobile Team,Ship the new mobile app
Carol Miller,carol.miller2172@example.com,support,Mobile Team,Ship the new mobile app
Niaj Sanchez,niaj.sanchez2173@example.com,sales,Mobile Team,Ship the new mobile app
Frank Sanchez,frank.sanchez2174@example.com,support,Mobile Team,Ship the new mobile app
Carlos Wilson,carlos.wilson2175@example.com,support,Growth Team,Expand into new markets
Trent Williams,trent.williams2176@example.com,engineering,Growth Team,Expand into new markets
Judy Thomas,judy.thomas2177@example.com,engineering,Data Team,Build the analytics pipeline
Diana Jackson,diana.jackson2178@example.com,engineering,Mobile Team,Ship the new mobile app
Alice Wilson,alice.wilson2179@example.com,sales,Data Team,Build the analytics pipeline
Frank Moore,frank.moore2180@example.com,support,Mobile Team,Ship the new mobile app
Sybil Harris,sybil.harris2181@example.com,engineering,Growth Team,Expand into new markets
Frank Clark,frank.clark2182@example.com,sales,Mobile Team,Ship the new mobile app
Ruth Thomas,ruth.thomas2183@example.com,sales,Platform Team,Rebuild the customer portal
Amir Jackson,amir.jackson2184@example.com,sales,Data Team,Build the analytics pipeline
Ruth White,ruth.white2185@example.com,engineering,Mobile Team,Ship the new mobile app
Alice Sanchez,alice.sanchez2186@example.com,engineering,Platform Team,Rebuild the customer portal
Ivan Martinez,ivan.martinez2187@example.com,engineering,Mobile Team,Ship the new mobile app
Uma Perez,uma.perez2188@example.com,sales,Data Team,Build the analytics pipeline
Frank Thomas,frank.thomas2189@example.com,engineering,Growth Team,Expand into new markets
Dave Harris,dave.harris2190@example.com,sales,Data Team,Build the analytics pipeline
Carol Martin,carol.martin2191@example.com,support,Data Team,Build the analytics pipeline
Peggy Jackson,peggy.jackson2192@example.com,sales,Mobile Team,Ship the new mobile app
Uma Perez,uma.perez2193@example.com,support,Mobile Team,Ship the new mobile app
Amir Brown,amir.brown2194@example.com,support,Data Team,Build the analytics pipeline
Xavier Jackson,xavier.jackson2195@example.com,sales,Platform Team,Rebuild the customer portal
Frank Jackson,frank.jackson2196@example.com,engineering,Platform Team,Rebuild the customer portal
Kevin Anderson,kevin.anderson2197@example.com,sales,Growth Team,Expand into new markets
Frank Johnson,frank.johnson2198@example.com,sales,Data Team,Build the analytics pipeline
Niaj Lee,niaj.lee2199@example.com,engineering,Data Team,Build the analytics pipeline
Judy Martinez,judy.martinez2200@example.com,support,Platform Team,Rebuild the customer portal
Grace Harris,grace.harris2201@example.com,engineering,Growth Team,Expand into new markets
Trent Harris,trent.harris2202@example.com,support,Growth Team,Expand into new markets
Kevin Ramirez,kevin.ramirez2203@example.com,support,Data Team,Build the analytics pipeline
Zach Martinez,zach.martinez2204@example.com,support,Data Team,Build the analytics pipeline
Wendy Thompson,wendy.thompson2205@example.com,engineering,Data Team,Build the analytics pipeline
Ruth Jackson,ruth.jackson2206@example.com,engineering,Data Team,Build the analytics pipeline
Alice Jones,alice.jones2207@example.com,sales,Data Team,Build the analytics pipeline
Yolanda Thomas,yolanda.thomas2208@example.com,sales,Mobile Team,Ship the new mobile app
Diana Robinson,diana.robinson2209@example.com,engineering,Growth Team,Expand into new markets
Grace Jones,grace.jones2210@example.com,engineering,Growth Team,Expand into new markets
Zach Lewis,zach.lewis2211@example.com,sales,Platform Team,Rebuild the customer portal
Olivia Robinson,olivia.robinson2212@example.com,engineering,Platform Team,Rebuild the customer portal
Amir Jones,amir.jones2213@example.com,sales,Platform Team,Rebuild the customer portal
Laura Martinez,laura.martinez2214@example.com,engineering,Data Team,Build the analytics pipeline
Amir Anderson,amir.anderson2215@example.com,engineering,Data Team,Build the analytics pipeline
Wendy Martinez,wendy.martinez2216@example.com,support,Platform Team,Rebuild the customer portal
Amir Brown,amir.brown2217@example.com,engineering,Growth Team,Expand into new markets
Bianca Thompson,bianca.thompson2218@example.com,support,Growth Team,Expand into new markets
Heidi Martinez,heidi.martinez2219@example.com,engineering,Growth Team,Expand into new markets
Eve Williams,eve.williams2220@example.com,support,Mobile Team,Ship the new mobile app
Yolanda Sanchez,yolanda.sanchez2221@example.com,engineering,Platform Team,Rebuild the customer portal
Alice Harris,alice.harris2222@example.com,sales,Mobile Team,Ship the new mobile app
Bob Miller,bob.miller2223@example.com,engineering,Platform Team,Rebuild the customer portal
Zach Perez,zach.perez2224@example.com,sales,Platform Team,Rebuild the customer portal
Dave Robinson,dave.robinson2225@example.com,engineering,Data Team,Build the analytics pipeline
Carol Martinez,carol.martinez2226@example.com,engineering,Platform Team,Rebuild the customer portal
Zach Brown,zach.brown2227@example.com,support,Growth Team,Expand into new markets
Carlos Miller,carlos.miller2228@example.com,support,Growth Team,Expand into new markets
Laura Smith,laura.smith2229@example.com,engineering,Platform Team,Rebuild the customer portal
Bianca White,bianca.white2230@example.com,support,Data Team,Build the analytics pipeline
Laura Lopez,laura.lopez2231@example.com,support,Growth Team,Expand into new markets
Yolanda White,yolanda.white2232@example.com,support,Growth Team,Expand into new markets
Sybil Williams,sybil.williams2233@example.com,support,Platform Team,Rebuild the customer portal
Yolanda Smith,yolanda.smith2234@example.com,support,Growth Team,Expand into new markets
Grace Martinez,grace.martinez2235@example.com,support,Growth Team,Expand into new markets
Alice White,alice.white2236@example.com,engineering,Platform Team,Rebuild the customer portal
Diana Taylor,diana.taylor2237@example.com,sales,Mobile Team,Ship the new mobile app
Wendy Jackson,wendy.jackson2238@example.com,sales,Growth Team,Expand into new markets
Victor Brown,victor.brown2239@example.com,sales,Growth Team,Expand into new markets
Mallory Wilson,mallory.wilson2240@example.com,support,Growth Team,Expand into new markets
Heidi Wilson,heidi.wilson2241@example.com,sales,Platform Team,Rebuild the customer portal
Dave Anderson,dave.anderson2242@example.com,support,Platform Team,Rebuild the customer portal
Eve Thomas,eve.thomas2243@example.com,support,Data Team,Build the analytics pipeline
Judy Moore,judy.moore2244@example.com,engineering,Platform Team,Rebuild the customer portal
Kevin Thomas,kevin.thomas2245@example.com,sales,Platform Team,Rebuild the customer portal
Judy Anderson,judy.anderson2246@example.com,support,Data Team,Build the analytics pipeline
Amir Anderson,amir.anderson2247@example.com,support,Growth Team,Expand into new markets
Niaj Martinez,niaj.martinez2248@example.com,engineering,Mobile Team,Ship the new mobile app
Bianca Williams,bianca.williams2249@example.com,support,Mobile Team,Ship the new mobile app
Laura Garcia,laura.garcia2250@example.com,support,Platform Team,Rebuild the customer portal
Peggy Perez,peggy.perez2251@example.com,sales,Platform Team,Rebuild the customer portal
Olivia Taylor,olivia.taylor2252@example.com,engineering,Platform Team,Rebuild the customer portal
Eve Gonzalez,eve.gonzalez2253@example.com,support,Mobile Team,Ship the new mobile app
Sybil Brown,sybil.brown2254@example.com,engineering,Growth Team,Expand into new markets
Laura Miller,laura.miller2255@example.com,engineering,Data Team,Build the analytics pipeline
Trent Ramirez,trent.ramirez2256@example.com,engineering,Mobile Team,Ship the new mobile app
Heidi Clark,heidi.clark2257@example.com,support,Mobile Team,Ship the new mobile app
Peggy Rodriguez,peggy.rodriguez2258@example.com,support,Data Team,Build the analytics pipeline
Mallory Lopez,mallory.lopez2259@example.com,support,Mobile Team,Ship the new mobile app
Trent Gonzalez,trent.gonzalez2260@example.com,support,Mobile Team,Ship the new mobile app
Ivan Jones,ivan.jones2261@example.com,engineering,Mobile Team,Ship the new mobile app
Dave Rodriguez,dave.rodriguez2262@example.com,sales,Mobile Team,Ship the new mobile app
Heidi Lee,heidi.lee2263@example.com,engineering,Growth Team,Expand into new markets
Dave White,dave.white2264@example.com,engineering,Platform Team,Rebuild the customer portal
Peggy Perez,peggy.perez2265@example.com,engineering,Platform Team,Rebuild the customer portal
Mallory Martin,mallory.martin2266@example.com,engineering,Data Team,Build the analytics pipeline
Judy Martin,judy.martin2267@example.com,engineering,Platform Team,Rebuild the customer portal
Victor Harris,victor.harris2268@example.com,sales,Mobile Team,Ship the new mobile app
Grace Martinez,grace.martinez2269@example.com,sales,Mobile Team,Ship the new mobile app
Quentin Rodriguez,quentin.rodriguez2270@example.com,support,Data Team,Build the analytics pipeline
Ruth Smith,ruth.smith2271@example.com,sales,Platform Team,Rebuild the customer portal
Carlos Robinson,carlos.robinson2272@example.com,sales,Platform Team,Rebuild the customer portal
Olivia Hernandez,olivia.hernandez2273@example.com,sales,Mobile Team,Ship the new mobile app
Olivia Johnson,olivia.johnson2274@example.com,engineering,Platform Team,Rebuild the customer portal
Ruth Perez,ruth.perez2275@example.com,support,Data Team,Build the analytics pipeline
Frank Thomas,frank.thomas2276@example.com,engineering,Mobile Team,Ship the new mobile app
Judy Thompson,judy.thompson2277@example.com,sales,Mobile Team,Ship the new mobile app
Yolanda Brown,yolanda.brown2278@example.com,support,Mobile Team,Ship the new mobile app
Ruth Perez,ruth.perez2279@example.com,sales,Mobile Team,Ship the new mobile app
Ruth Ramirez,ruth.ramirez2280@example.com,support,Growth Team,Expand into new markets
Bob Gonzalez,bob.gonzalez2281@example.com,sales,Data Team,Build the analytics pipeline
Sybil Gonzalez,sybil.gonzalez2282@example.com,sales,Data Team,Build the analytics pipeline
Kevin Johnson,kevin.johnson2283@example.com,support,Platform Team,Rebuild the customer portal
Bob Jones,bob.jones2284@example.com,sales,Data Team,Build the analytics pipeline
Zach White,zach.white2285@example.com,support,Platform Team,Rebuild the customer portal
Kevin Gonzalez,kevin.gonzalez2286@example.com,sales,Platform Team,Rebuild the customer portal
Laura Lopez,laura.lopez2287@example.com,sales,Mobile Team,Ship the new mobile app
Bob Perez,bob.perez2288@example.com,engineering,Growth Team,Expand into new markets
Heidi Lee,heidi.lee2289@example.com,support,Data Team,Build the analytics pipeline
Carol Robinson,carol.robinson2290@example.com,sales,Platform Team,Rebuild the customer portal
Dave Hernandez,dave.hernandez2291@example.com,engineering,Growth Team,Expand into new markets
Ruth Hernandez,ruth.hernandez2292@example.com,sales,Platform Team,Rebuild the customer portal
Victor Ramirez,victor.ramirez2293@example.com,support,Mobile Team,Ship the new mobile app
Quentin Lewis,quentin.lewis2294@example.com,sales,Mobile Team,Ship the new mobile app
Alice Thompson,alice.thompson2295@example.com,support,Mobile Team,Ship the new mobile app
Alice Hernandez,alice.hernandez2296@example.com,support,Mobile Team,Ship the new mobile app
Mallory Hernandez,mallory.hernandez2297@example.com,sales,Platform Team,Rebuild the customer portal
Dave Thompson,dave.thompson2298@example.com,sales,Growth Team,Expand into new markets
Peggy Taylor,peggy.taylor2299@example.com,engineering,Data Team,Build the analytics pipeline
Trent Martinez,trent.martinez2300@example.com,sales,Data Team,Build the analytics pipeline
Grace Thomas,grace.thomas2301@example.com,support,Platform Team,Rebuild the customer portal
Grace Martinez,grace.martinez2302@example.com,engineering,Data Team,Build the analytics pipeline
Judy Jackson,judy.jackson2303@example.com,engineering,Mobile Team,Ship the new mobile app
Trent White,trent.white2304@example.com,support,Platform Team,Rebuild the customer portal
Bianca Jackson,bianca.jackson2305@example.com,support,Platform Team,Rebuild the customer portal
Kevin Rodriguez,kevin.rodriguez2306@example.com,support,Platform Team,Rebuild the customer portal
Zach Taylor,zach.taylor2307@example.com,sales,Mobile Team,Ship the new mobile app
Grace Lopez,grace.lopez2308@example.com,support,Platform Team,Rebuild the customer portal
Amir Martinez,amir.martinez2309@example.com,sales,Data Team,Build the analytics pipeline
Victor Moore,victor.moore2310@example.com,engineering,Data Team,Build the analytics pipeline
Niaj Gonzalez,niaj.gonzalez2311@example.com,support,Data Team,Build the analytics pipeline
Quentin Anderson,quentin.anderson2312@example.com,engineering,Growth Team,Expand into new markets
Uma Thompson,uma.thompson2313@example.com,support,Growth Team,Expand into new markets
Peggy Miller,peggy.miller2314@example.com,sales,Mobile Team,Ship the new mobile app
Diana Lee,diana.lee2315@example.com,support,Mobile Team,Ship the new mobile app
Xavier Lee,xavier.lee2316@example.com,support,Platform Team,Rebuild the customer portal
Grace Lopez,grace.lopez2317@example.com,engineering,Mobile Team,Ship the new mobile app
Heidi Jones,heidi.jones2318@example.com,sales,Data Team,Build the analytics pipeline
Niaj Hernandez,niaj.hernandez2319@example.com,support,Platform Team,Rebuild the customer portal
Grace Ramirez,grace.ramirez2320@example.com,sales,Mobile Team,Ship the new mobile app
Amir Martinez,amir.martinez2321@example.com,sales,Growth Team,Expand into new markets
Victor Martin,victor.martin2322@example.com,sales,Growth Team,Expand into new markets
Heidi Brown,heidi.brown2323@example.com,engineering,Growth Team,Expand into new markets
Alice Davis,alice.davis2324@example.com,sales,Data Team,Build the analytics pipeline
Peggy Moore,peggy.moore2325@example.com,sales,Mobile Team,Ship the new mobile app
Uma Lewis,uma.lewis2326@example.com,engineering,Platform Team,Rebuild the customer portal
Frank Rodriguez,frank.rodriguez2327@example.com,engineering,Growth Team,Expand into new markets
Ivan Sanchez,ivan.sanchez2328@example.com,support,Data Team,Build the analytics pipeline
Ruth Garcia,ruth.garcia2329@example.com,support,Platform Team,Rebuild the customer portal
Peggy Sanchez,peggy.sanchez2330@example.com,engineering,Platform Team,Rebuild the customer portal
Bianca Lewis,bianca.lewis2331@example.com,sales,Platform Team,Rebuild the customer portal
Trent Martinez,trent.martinez2332@example.com,sales,Platform Team,Rebuild the customer portal
Carlos Lopez,carlos.lopez2333@example.com,sales,Platform Team,Rebuild the customer portal
Amir White,amir.white2334@example.com,engineering,Growth Team,Expand into new markets
Dave Jackson,dave.jackson2335@example.com,support,Platform Team,Rebuild the customer portal
Victor Clark,victor.clark2336@example.com,sales,Data Team,Build the analytics pipeline
Carlos Williams,carlos.williams2337@example.com,support,Growth Team,Expand into new markets
Dave Harris,dave.harris2338@example.com,sales,Data Team,Build the analytics pipeline
Amir Jackson,amir.jackson2339@example.com,support,Mobile Team,Ship the new mobile app
Xavier Davis,xavier.davis2340@example.com,engineering,Mobile Team,Ship the new mobile app
Eve Brown,eve.brown2341@example.com,engineering,Growth Team,Expand into new markets
Ivan Anderson,ivan.anderson2342@example.com,sales,Mobile Team,Ship the new mobile app
Bianca Jackson,bianca.jackson2343@example.com,sales,Platform Team,Rebuild the customer portal
Ruth Lopez,ruth.lopez2344@example.com,sales,Platform Team,Rebuild the customer portal
Ruth Wilson,ruth.wilson2345@example.com,support,Mobile Team,Ship the new mobile app
Heidi Rodriguez,heidi.rodriguez2346@example.com,sales,Growth Team,Expand into new markets
Peggy Thompson,peggy.thompson2347@example.com,sales,Data Team,Build the analytics pipeline
Alice Lee,alice.lee2348@example.com,support,Platform Team,Rebuild the customer portal
Victor Sanchez,victor.sanchez2349@example.com,support,Platform Team,Rebuild the customer portal
Diana Sanchez,diana.sanchez2350@example.com,sales,Growth Team,Expand into new markets
Ruth Gonzalez,ruth.gonzalez2351@example.com,support,Data Team,Build the analytics pipeline
Wendy Lopez,wendy.lopez2352@example.com,support,Platform Team,Rebuild the customer portal
Bianca Davis,bianca.davis2353@example.com,sales,Mobile Team,Ship the new mobile app
Alice Robinson,alice.robinson2354@example.com,sales,Mobile Team,Ship the new mobile app
Judy Williams,judy.williams2355@example.com,sales,Growth Team,Expand into new markets
Grace Ramirez,grace.ramirez2356@example.com,sales,Growth Team,Expand into new markets
Uma Hernandez,uma.hernandez2357@example.com,engineering,Mobile Team,Ship the new mobile app
Ivan Ramirez,ivan.ramirez2358@example.com,sales,Platform Team,Rebuild the customer portal
Peggy White,peggy.white2359@example.com,sales,Mobile Team,Ship the new mobile app
Wendy Wilson,wendy.wilson2360@example.com,engineering,Platform Team,Rebuild the customer portal
Wendy Rodriguez,wendy.rodriguez2361@example.com,sales,Platform Team,Rebuild the customer portal
Niaj Martin,niaj.martin2362@example.com,sales,Data Team,Build the analytics pipeline
Wendy Smith,wendy.smith2363@example.com,support,Platform Team,Rebuild the customer portal
Uma Garcia,uma.garcia2364@example.com,support,Mobile Team,Ship the new mobile app
Eve Smith,eve.smith2365@example.com,engineering,Mobile Team,Ship the new mobile app
Uma Martinez,uma.martinez2366@example.com,support,Data Team,Build the analytics pipeline
Carol Brown,carol.brown2367@example.com,engineering,Growth Team,Expand into new markets
Quentin Thompson,quentin.thompson2368@example.com,support,Growth Team,Expand into new markets
Victor Wilson,victor.wilson2369@example.com,sales,Data Team,Build the analytics pipeline
Peggy Ramirez,peggy.ramirez2370@example.com,sales,Growth Team,Expand into new markets
Frank Perez,frank.perez2371@example.com,sales,Data Team,Build the analytics pipeline
Grace Williams,grace.williams2372@example.com,sales,Mobile Team,Ship the new mobile app
Frank Gonzalez,frank.gonzalez2373@example.com,support,Mobile Team,Ship the new mobile app
Heidi Smith,heidi.smith2374@example.com,support,Platform Team,Rebuild the customer portal
Uma Martin,uma.martin2375@example.com,engineering,Growth Team,Expand into new markets
Olivia Miller,olivia.miller2376@example.com,support,Data Team,Build the analytics pipeline
Bianca Garcia,bianca.garcia2377@example.com,sales,Platform Team,Rebuild the customer portal
Trent Wilson,trent.wilson2378@example.com,engineering,Data Team,Build the analytics pipeline
Carol Lopez,carol.lopez2379@example.com,support,Growth Team,Expand into new markets
Dave Smith,dave.smith2380@example.com,sales,Mobile Team,Ship the new mobile app
Amir Perez,amir.perez2381@example.com,engineering,Mobile Team,Ship the new mobile app
Heidi Thompson,heidi.thompson2382@example.com,engineering,Growth Team,Expand into new markets
Bianca Clark,bianca.clark2383@example.com,sales,Data Team,Build the analytics pipeline
Xavier Thomas,xavier.thomas2384@example.com,engineering,Mobile Team,Ship the new mobile app
Niaj Ramirez,niaj.ramirez2385@example.com,support,Growth Team,Expand into new markets
Grace Clark,grace.clark2386@example.com,support,Data Team,Build the analytics pipeline
Victor Miller,victor.miller2387@example.com,engineering,Mobile Team,Ship the new mobile app
Niaj Sanchez,niaj.sanchez2388@example.com,engineering,Growth Team,Expand into new markets
Judy Rodriguez,judy.rodriguez2389@example.com,support,Growth Team,Expand into new markets
Olivia Robinson,olivia.robinson2390@example.com,sales,Growth Team,Expand into new markets
Sybil Perez,sybil.perez2391@example.com,engineering,Mobile Team,Ship the new mobile app
Alice Thomas,alice.thomas2392@example.com,sales,Growth Team,Expand into new markets
Wendy Gonzalez,wendy.gonzalez2393@example.com,support,Growth Team,Expand into new markets
Mallory Thompson,mallory.thompson2394@example.com,support,Mobile Team,Ship the new mobile app
Trent Rodriguez,trent.rodriguez2395@example.com,engineering,Platform Team,Rebuild the customer portal
Ruth Johnson,ruth.johnson2396@example.com,sales,Platform Team,Rebuild the customer portal
Diana Davis,diana.davis2397@example.com,sales,Mobile Team,Ship the new mobile app
Trent Perez,trent.perez2398@example.com,engineering,Platform Team,Rebuild the customer portal
Ivan Taylor,ivan.taylor2399@example.com,sales,Mobile Team,Ship the new mobile app
Mallory Perez,mallory.perez2400@example.com,engineering,Data Team,Build the analytics pipeline
Carlos Moore,carlos.moore2401@example.com,support,Platform Team,Rebuild the customer portal
Frank Rodriguez,frank.rodriguez2402@example.com,support,Growth Team,Expand into new markets
Peggy Robinson,peggy.robinson2403@example.com,sales,Data Team,Build the analytics pipeline
Eve Williams,eve.williams2404@example.com,support,Data Team,Build the analytics pipeline
Quentin Wilson,quentin.wilson2405@example.com,sales,Growth Team,Expand into new markets
Dave Hernandez,dave.hernandez2406@example.com,engineering,Platform Team,Rebuild the customer portal
Peggy Ramirez,peggy.ramirez2407@example.com,support,Data Team,Build the analytics pipeline
Laura Robinson,laura.robinson2408@example.com,sales,Mobile Team,Ship the new mobile app
Carlos Lewis,carlos.lewis2409@example.com,support,Data Team,Build the analytics pipeline
Amir Harris,amir.harris2410@example.com,support,Data Team,Build the analytics pipeline
Kevin Wilson,kevin.wilson2411@example.com,sales,Growth Team,Expand into new markets
Xavier Thomas,xavier.thomas2412@example.com,support,Growth Team,Expand into new markets
Bianca Robinson,bianca.robinson2413@example.com,engineering,Mobile Team,Ship the new mobile app
Grace Jones,grace.jones2414@example.com,engineering,Platform Team,Rebuild the customer portal
Frank Johnson,frank.johnson2415@example.com,sales,Mobile Team,Ship the new mobile app
Frank Thompson,frank.thompson2416@example.com,sales,Mobile Team,Ship the new mobile app
Dave Lewis,dave.lewis2417@example.com,engineering,Mobile Team,Ship the new mobile app
Olivia Lopez,olivia.lopez2418@example.com,sales,Mobile Team,Ship the new mobile app
Peggy Brown,peggy.brown2419@example.com,engineering,Growth Team,Expand into new markets
Laura Williams,laura.williams2420@example.com,sales,Growth Team,Expand into new markets
Frank Clark,frank.clark2421@example.com,support,Growth Team,Expand into new markets
Quentin Clark,quentin.clark2422@example.com,support,Data Team,Build the analytics pipeline
Carlos Perez,carlos.perez2423@example.com,support,Growth Team,Expand into new markets
Alice Taylor,alice.taylor2424@example.com,sales,Growth Team,Expand into new markets
Diana Williams,diana.williams2425@example.com,sales,Growth Team,Expand into new markets
Victor Brown,victor.brown2426@example.com,engineering,Data Team,Build the analytics pipeline
Judy Perez,judy.perez2427@example.com,sales,Platform Team,Rebuild the customer portal
Laura Jackson,laura.jackson2428@example.com,sales,Platform Team,Rebuild the customer portal
Eve Smith,eve.smith2429@example.com,sales,Platform Team,Rebuild the customer portal
Amir Thompson,amir.thompson2430@example.com,sales,Mobile Team,Ship the new mobile app
Uma Rodriguez,uma.rodriguez2431@example.com,sales,Platform Team,Rebuild the customer portal
Bob Lee,bob.lee2432@example.com,sales,Mobile Team,Ship the new mobile app
Xavier White,xavier.white2433@example.com,engineering,Growth Team,Expand into new markets
Bianca Johnson,bianca.johnson2434@example.com,sales,Data Team,Build the analytics pipeline
Zach Johnson,zach.johnson2435@example.com,support,Platform Team,Rebuild the customer portal
Trent Gonzalez,trent.gonzalez2436@example.com,sales,Platform Team,Rebuild the customer portal
Ivan Garcia,ivan.garcia2437@example.com,sales,Growth Team,Expand into new markets
Carol Smith,carol.smith2438@example.com,engineering,Growth Team,Expand into new markets
Mallory Harris,mallory.harris2439@example.com,sales,Mobile Team,Ship the new mobile app
Uma Harris,uma.harris2440@example.com,engineering,Growth Team,Expand into new markets
Judy Thomas,judy.thomas2441@example.com,support,Mobile Team,Ship the new mobile app
Zach Robinson,zach.robinson2442@example.com,support,Data Team,Build the analytics pipeline
Trent Jones,trent.jones2443@example.com,support,Data Team,Build the analytics pipeline
Dave Clark,dave.clark2444@example.com,support,Data Team,Build the analytics pipeline
Grace Thomas,grace.thomas2445@example.com,sales,Mobile Team,Ship the new mobile app
Peggy Rodriguez,peggy.rodriguez2446@example.com,engineering,Mobile Team,Ship the new mobile app
Yolanda Wilson,yolanda.wilson2447@example.com,support,Data Team,Build the analytics pipeline
Frank Wilson,frank.wilson2448@example.com,engineering,Mobile Team,Ship the new mobile app
Bob Taylor,bob.taylor2449@example.com,sales,Data Team,Build the analytics pipeline
Victor Davis,victor.davis2450@example.com,sales,Growth Team,Expand into new markets
Quentin Lee,quentin.lee2451@example.com,sales,Platform Team,Rebuild the customer portal
Olivia Wilson,olivia.wilson2452@example.com,sales,Platform Team,Rebuild the customer portal
Judy Jones,judy.jones2453@example.com,support,Growth Team,Expand into new markets
Carlos Martinez,carlos.martinez2454@example.com,support,Growth Team,Expand into new markets
Niaj Martinez,niaj.martinez2455@example.com,support,Platform Team,Rebuild the customer portal
Carol Robinson,carol.robinson2456@example.com,support,Platform Team,Rebuild the customer portal
Dave Taylor,dave.taylor2457@example.com,sales,Mobile Team,Ship the new mobile app
Dave Anderson,dave.anderson2458@example.com,sales,Data Team,Build the analytics pipeline
Ivan Jackson,ivan.jackson2459@example.com,support,Platform Team,Rebuild the customer portal
Alice Brown,alice.brown2460@example.com,engineering,Mobile Team,Ship the new mobile app
Zach Garcia,zach.garcia2461@example.com,engineering,Mobile Team,Ship the new mobile app
Carol Wilson,carol.wilson2462@example.com,sales,Data Team,Build the analytics pipeline
Sybil White,sybil.white2463@example.com,support,Mobile Team,Ship the new mobile app
Olivia Martin,olivia.martin2464@example.com,sales,Data Team,Build the analytics pipeline
Diana Ramirez,diana.ramirez2465@example.com,engineering,Growth Team,Expand into new markets
Frank Williams,frank.williams2466@example.com,support,Data Team,Build the analytics pipeline
Dave Wilson,dave.wilson2467@example.com,engineering,Platform Team,Rebuild the customer portal
Mallory Brown,mallory.brown2468@example.com,engineering,Platform Team,Rebuild the customer portal
Uma Thomas,uma.thomas2469@example.com,support,Mobile Team,Ship the new mobile app
Mallory Ramirez,mallory.ramirez2470@example.com,sales,Mobile Team,Ship the new mobile app
Trent Clark,trent.clark2471@example.com,support,Data Team,Build the analytics pipeline
Victor Thompson,victor.thompson2472@example.com,sales,Mobile Team,Ship the new mobile app
Carol Jones,carol.jones2473@example.com,engineering,Growth Team,Expand into new markets
Grace Brown,grace.brown2474@example.com,support,Platform Team,Rebuild the customer portal
Grace Ramirez,grace.ramirez2475@example.com,engineering,Platform Team,Rebuild the customer portal
Peggy Lee,peggy.lee2476@example.com,support,Growth Team,Expand into new markets
Heidi Wilson,heidi.wilson2477@example.com,engineering,Growth Team,Expand into new markets
Judy Harris,judy.harris2478@example.com,engineering,Mobile Team,Ship the new mobile app
Peggy Wilson,peggy.wilson2479@example.com,engineering,Platform Team,Rebuild the customer portal
Frank Lewis,frank.lewis2480@example.com,support,Growth Team,Expand into new markets
Wendy Anderson,wendy.anderson2481@example.com,sales,Mobile Team,Ship the new mobile app
Alice Ramirez,alice.ramirez2482@example.com,support,Mobile Team,Ship the new mobile app
Heidi Miller,heidi.miller2483@example.com,support,Data Team,Build the analytics pipeline
Amir Clark,amir.clark2484@example.com,engineering,Mobile Team,Ship the new mobile app
Kevin Smith,kevin.smith2485@example.com,support,Platform Team,Rebuild the customer portal
Bianca Thompson,bianca.thompson2486@example.com,sales,Mobile Team,Ship the new mobile app
Bianca Thomas,bianca.thomas2487@example.com,engineering,Data Team,Build the analytics pipeline
Peggy Gonzalez,peggy.gonzalez2488@example.com,support,Mobile Team,Ship the new mobile app
Sybil White,sybil.white2489@example.com,engineering,Mobile Team,Ship the new mobile app
Wendy Johnson,wendy.johnson2490@example.com,sales,Platform Team,Rebuild the customer portal
Sybil Hernandez,sybil.hernandez2491@example.com,sales,Platform Team,Rebuild the customer portal
Carlos Lee,carlos.lee2492@example.com,sales,Mobile Team,Ship the new mobile app
Dave Thomas,dave.thomas2493@example.com,sales,Data Team,Build the analytics pipeline
Wendy Wilson,wendy.wilson2494@example.com,engineering,Platform Team,Rebuild the customer portal
Judy White,judy.white2495@example.com,sales,Growth Team,Expand into new markets
Laura Anderson,laura.anderson2496@example.com,support,Growth Team,Expand into new markets
Heidi Jackson,heidi.jackson2497@example.com,support,Data Team,Build the analytics pipeline
Bianca Clark,bianca.clark2498@example.com,engineering,Mobile Team,Ship the new mobile app
Carlos Martinez,carlos.martinez2499@example.com,sales,Mobile Team,Ship the new mobile app
Amir Perez,amir.perez2500@example.com,sales,Data Team,Build the analytics pipeline
Zach Ramirez,zach.ramirez2501@example.com,support,Growth Team,Expand into new markets
Grace Martinez,grace.martinez2502@example.com,support,Platform Team,Rebuild the customer portal
Peggy Jones,peggy.jones2503@example.com,engineering,Growth Team,Expand into new markets
Frank Martin,frank.martin2504@example.com,engineering,Mobile Team,Ship the new mobile app
Zach Wilson,zach.wilson2505@example.com,sales,Mobile Team,Ship the new mobile app
Heidi Miller,heidi.miller2506@example.com,engineering,Platform Team,Rebuild the customer portal
Laura Lewis,laura.lewis2507@example.com,sales,Data Team,Build the analytics pipeline
Victor Garcia,victor.garcia2508@example.com,support,Growth Team,Expand into new markets
Bob Sanchez,bob.sanchez2509@example.com,sales,Platform Team,Rebuild the customer portal
Niaj Brown,niaj.brown2510@example.com,engineering,Growth Team,Expand into new markets
Ruth Davis,ruth.davis2511@example.com,sales,Mobile Team,Ship the new mobile app
Kevin Sanchez,kevin.sanchez2512@example.com,engineering,Data Team,Build the analytics pipeline
Yolanda Lewis,yolanda.lewis2513@example.com,engineering,Data Team,Build the analytics pipeline
Bianca Thompson,bianca.thompson2514@example.com,support,Platform Team,Rebuild the customer portal
Bob Robinson,bob.robinson2515@example.com,sales,Mobile Team,Ship the new mobile app
Amir Harris,amir.harris2516@example.com,engineering,Platform Team,Rebuild the customer portal
Zach Martin,zach.martin2517@example.com,support,Platform Team,Rebuild the customer portal
Bob Taylor,bob.taylor2518@example.com,engineering,Platform Team,Rebuild the customer portal
Uma Brown,uma.brown2519@example.com,sales,Growth Team,Expand into new markets
Frank White,frank.white2520@example.com,support,Data Team,Build the analytics pipeline
Olivia Harris,olivia.harris2521@example.com,support,Mobile Team,Ship the new mobile app
Bianca Brown,bianca.brown2522@example.com,support,Growth Team,Expand into new markets
Laura Hernandez,laura.hernandez2523@example.com,engineering,Growth Team,Expand into new markets
Bianca Miller,bianca.miller2524@example.com,sales,Mobile Team,Ship the new mobile app
Yolanda Harris,yolanda.harris2525@example.com,engineering,Platform Team,Rebuild the customer portal
Amir Sanchez,amir.sanchez2526@example.com,sales,Mobile Team,Ship the new mobile app
Judy Taylor,judy.taylor2527@example.com,engineering,Growth Team,Expand into new markets
Ivan Lopez,ivan.lopez2528@example.com,sales,Mobile Team,Ship the new mobile app
Uma Perez,uma.perez2529@example.com,engineering,Growth Team,Expand into new markets
Yolanda Harris,yolanda.harris2530@example.com,engineering,Mobile Team,Ship the new mobile app
Eve Sanchez,eve.sanchez2531@example.com,sales,Mobile Team,Ship the new mobile app
Diana Wilson,diana.wilson2532@example.com,support,Mobile Team,Ship the new mobile app
Zach Perez,zach.perez2533@example.com,engineering,Data Team,Build the analytics pipeline
Olivia Jones,olivia.jones2534@example.com,support,Platform Team,Rebuild the customer portal
Zach Taylor,zach.taylor2535@example.com,engineering,Platform Team,Rebuild the customer portal
Kevin Hernandez,kevin.hernandez2536@example.com,engineering,Mobile Team,Ship the new mobile app
Niaj Johnson,niaj.johnson2537@example.com,engineering,Mobile Team,Ship the new mobile app
Victor Robinson,victor.robinson2538@example.com,support,Growth Team,Expand into new markets
Bob Lee,bob.lee2539@example.com,sales,Data Team,Build the analytics pipeline
Mallory Lewis,mallory.lewis2540@example.com,support,Data Team,Build the analytics pipeline
Xavier Hernandez,xavier.hernandez2541@example.com,engineering,Data Team,Build the analytics pipeline
Amir Rodriguez,amir.rodriguez2542@example.com,support,Growth Team,Expand into new markets
Mallory Anderson,mallory.anderson2543@example.com,support,Growth Team,Expand into new markets
Trent Sanchez,trent.sanchez2544@example.com,support,Mobile Team,Ship the new mobile app
Laura Lewis,laura.lewis2545@example.com,engineering,Mobile Team,Ship the new mobile app
Carlos Martinez,carlos.martinez2546@example.com,engineering,Platform Team,Rebuild the customer portal
Ruth Hernandez,ruth.hernandez2547@example.com,support,Mobile Team,Ship the new mobile app
Xavier White,xavier.white2548@example.com,support,Growth Team,Expand into new markets
Ruth Martinez,ruth.martinez2549@example.com,engineering,Growth Team,Expand into new markets
Quentin Moore,quentin.moore2550@example.com,support,Data Team,Build the analytics pipeline
Kevin Harris,kevin.harris2551@example.com,engineering,Growth Team,Expand into new markets
Alice Lewis,alice.lewis2552@example.com,engineering,Data Team,Build the analytics pipeline
Amir Harris,amir.harris2553@example.com,support,Data Team,Build the analytics pipeline
Niaj Taylor,niaj.taylor2554@example.com,support,Platform Team,Rebuild the customer portal
Bob Clark,bob.clark2555@example.com,sales,Data Team,Build the analytics pipeline
Uma Taylor,uma.taylor2556@example.com,engineering,Data Team,Build the analytics pipeline
Bob Harris,bob.harris2557@example.com,sales,Platform Team,Rebuild the customer portal
Judy Jackson,judy.jackson2558@example.com,sales,Platform Team,Rebuild the customer portal
Kevin Davis,kevin.davis2559@example.com,sales,Growth Team,Expand into new markets
Judy Martinez,judy.martinez2560@example.com,support,Growth Team,Expand into new markets
Mallory Taylor,mallory.taylor2561@example.com,engineering,Growth Team,Expand into new markets
Kevin Taylor,kevin.taylor2562@example.com,sales,Growth Team,Expand into new markets
Olivia Brown,olivia.brown2563@example.com,support,Growth Team,Expand into new markets
Niaj Clark,niaj.clark2564@example.com,engineering,Mobile Team,Ship the new mobile app
Carol Johnson,carol.johnson2565@example.com,engineering,Mobile Team,Ship the new mobile app
Peggy Miller,peggy.miller2566@example.com,engineering,Mobile Team,Ship the new mobile app
Laura Perez,laura.perez2567@example.com,support,Mobile Team,Ship the new mobile app
Ruth Taylor,ruth.taylor2568@example.com,sales,Mobile Team,Ship the new mobile app
Sybil Thomas,sybil.thomas2569@example.com,sales,Mobile Team,Ship the new mobile app
Wendy Robinson,wendy.robinson2570@example.com,support,Mobile Team,Ship the new mobile app
Niaj Clark,niaj.clark2571@example.com,engineering,Growth Team,Expand into new markets
Quentin Jones,quentin.jones2572@example.com,support,Mobile Team,Ship the new mobile app
Olivia Jones,olivia.jones2573@example.com,support,Platform Team,Rebuild the customer portal
Grace Anderson,grace.anderson2574@example.com,engineering,Mobile Team,Ship the new mobile app
Xavier Garcia,xavier.garcia2575@example.com,engineering,Data Team,Build the analytics pipeline
Trent Ramirez,trent.ramirez2576@example.com,engineering,Mobile Team,Ship the new mobile app
Dave Lopez,dave.lopez2577@example.com,engineering,Data Team,Build the analytics pipeline
Quentin Jones,quentin.jones2578@example.com,sales,Platform Team,Rebuild the customer portal
Judy Lopez,judy.lopez2579@example.com,sales,Data Team,Build the analytics pipeline
Peggy Smith,peggy.smith2580@example.com,engineering,Growth Team,Expand into new markets
Zach Jackson,zach.jackson2581@example.com,engineering,Mobile Team,Ship the new mobile app
Diana Lewis,diana.lewis2582@example.com,sales,Data Team,Build the analytics pipeline
Grace Garcia,grace.garcia2583@example.com,engineering,Mobile Team,Ship the new mobile app
Dave Moore,dave.moore2584@example.com,engineering,Data Team,Build the analytics pipeline
Bianca Johnson,bianca.johnson2585@example.com,sales,Mobile Team,Ship the new mobile app
Sybil Martinez,sybil.martinez2586@example.com,sales,Mobile Team,Ship the new mobile app
Zach Gonzalez,zach.gonzalez2587@example.com,support,Mobile Team,Ship the new mobile app
Amir Martin,amir.martin2588@example.com,engineering,Growth Team,Expand into new markets
Quentin Lee,quentin.lee2589@example.com,sales,Mobile Team,Ship the new mobile app
Victor Anderson,victor.anderson2590@example.com,support,Growth Team,Expand into new markets
Kevin Williams,kevin.williams2591@example.com,sales,Mobile Team,Ship the new mobile app
Heidi Lewis,heidi.lewis2592@example.com,sales,Mobile Team,Ship the new mobile app
Ruth Johnson,ruth.johnson2593@example.com,support,Mobile Team,Ship the new mobile app
Ivan Lee,ivan.lee2594@example.com,engineering,Platform Team,Rebuild the customer portal
Wendy Smith,wendy.smith2595@example.com,support,Data Team,Build the analytics pipeline
Uma Brown,uma.brown2596@example.com,engineering,Platform Team,Rebuild the customer portal
Trent Moore,trent.moore2597@example.com,support,Platform Team,Rebuild the customer portal
Quentin Miller,quentin.miller2598@example.com,support,Mobile Team,Ship the new mobile app
Carlos Smith,carlos.smith2599@example.com,support,Platform Team,Rebuild the customer portal
Diana Moore,diana.moore2600@example.com,engineering,Growth Team,Expand into new markets
Ivan Sanchez,ivan.sanchez2601@example.com,engineering,Growth Team,Expand into new markets
Amir Thompson,amir.thompson2602@example.com,engineering,Mobile Team,Ship the new mobile app
Zach Moore,zach.moore2603@example.com,sales,Data Team,Build the analytics pipeline
Sybil Johnson,sybil.johnson2604@example.com,engineering,Mobile Team,Ship the new mobile app
Kevin Wilson,kevin.wilson2605@example.com,sales,Growth Team,Expand into new markets
Alice Ramirez,alice.ramirez2606@example.com,sales,Data Team,Build the analytics pipeline
Ivan Williams,ivan.williams2607@example.com,engineering,Platform Team,Rebuild the customer portal
Ruth Garcia,ruth.garcia2608@example.com,engineering,Data Team,Build the analytics pipeline
Frank Rodriguez,frank.rodriguez2609@example.com,engineering,Platform Team,Rebuild the customer portal
Judy Wilson,judy.wilson2610@example.com,engineering,Growth Team,Expand into new markets
Trent Hernandez,trent.hernandez2611@example.com,engineering,Growth Team,Expand into new markets
Wendy Johnson,wendy.johnson2612@example.com,sales,Data Team,Build the analytics pipeline
Dave Hernandez,dave.hernandez2613@example.com,sales,Growth Team,Expand into new markets
Carlos Hernandez,carlos.hernandez2614@example.com,sales,Data Team,Build the analytics pipeline
Amir Lewis,amir.lewis2615@example.com,engineering,Platform Team,Rebuild the customer portal
Grace Davis,grace.davis2616@example.com,sales,Growth Team,Expand into new markets
Quentin Harris,quentin.harris2617@example.com,engineering,Mobile Team,Ship the new mobile app
Ivan Johnson,ivan.johnson2618@example.com,sales,Data Team,Build the analytics pipeline
Ruth Wilson,ruth.wilson2619@example.com,sales,Platform Team,Rebuild the customer portal
Alice Wilson,alice.wilson2620@example.com,engineering,Growth Team,Expand into new markets
Ivan Moore,ivan.moore2621@example.com,engineering,Platform Team,Rebuild the customer portal
Yolanda Moore,yolanda.moore2622@example.com,sales,Growth Team,Expand into new markets
Sybil Wilson,sybil.wilson2623@example.com,engineering,Mobile Team,Ship the new mobile app
Bianca Lee,bianca.lee2624@example.com,engineering,Growth Team,Expand into new markets
Laura Moore,laura.moore2625@example.com,engineering,Growth Team,Expand into new markets
Ruth Wilson,ruth.wilson2626@example.com,engineering,Mobile Team,Ship the new mobile app
Alice Clark,alice.clark2627@example.com,support,Mobile Team,Ship the new mobile app
Judy Lee,judy.lee2628@example.com,engineering,Growth Team,Expand into new markets
Bob Robinson,bob.robinson2629@example.com,sales,Mobile Team,Ship the new mobile app
Trent Rodriguez,trent.rodriguez2630@example.com,sales,Mobile Team,Ship the new mobile app
Amir Lee,amir.lee2631@example.com,support,Growth Team,Expand into new markets
Amir Taylor,amir.taylor2632@example.com,engineering,Data Team,Build the analytics pipeline
Frank White,frank.white2633@example.com,sales,Platform Team,Rebuild the customer portal
Carol Gonzalez,carol.gonzalez2634@example.com,engineering,Platform Team,Rebuild the customer portal
Xavier Moore,xavier.moore2635@example.com,sales,Data Team,Build the analytics pipeline
Grace Martin,grace.martin2636@example.com,support,Data Team,Build the analytics pipeline
Kevin Lee,kevin.lee2637@example.com,support,Data Team,Build the analytics pipeline
Olivia Rodriguez,olivia.rodriguez2638@example.com,support,Growth Team,Expand into new markets
Kevin Hernandez,kevin.hernandez2639@example.com,sales,Growth Team,Expand into new markets
Trent Hernandez,trent.hernandez2640@example.com,support,Platform Team,Rebuild the customer portal
Eve Lee,eve.lee2641@example.com,support,Platform Team,Rebuild the customer portal
Peggy Smith,peggy.smith2642@example.com,support,Platform Team,Rebuild the customer portal
Frank Wilson,frank.wilson2643@example.com,sales,Mobile Team,Ship the new mobile app
Ruth Williams,ruth.williams2644@example.com,support,Platform Team,Rebuild the customer portal
Alice Lewis,alice.lewis2645@example.com,support,Mobile Team,Ship the new mobile app
Dave Lopez,dave.lopez2646@example.com,support,Mobile Team,Ship the new mobile app
Laura Gonzalez,laura.gonzalez2647@example.com,support,Growth Team,Expand into new markets
Alice Brown,alice.brown2648@example.com,sales,Mobile Team,Ship the new mobile app
Diana Miller,diana.miller2649@example.com,engineering,Mobile Team,Ship the new mobile app
Heidi White,heidi.white2650@example.com,sales,Platform Team,Rebuild the customer portal
Victor Robinson,victor.robinson2651@example.com,engineering,Data Team,Build the analytics pipeline
Carol Clark,carol.clark2652@example.com,support,Data Team,Build the analytics pipeline
Heidi Davis,heidi.davis2653@example.com,sales,Mobile Team,Ship the new mobile app
Bob Rodriguez,bob.rodriguez2654@example.com,support,Mobile Team,Ship the new mobile app
Wendy Martin,wendy.martin2655@example.com,engineering,Growth Team,Expand into new markets
Grace Clark,grace.clark2656@example.com,engineering,Mobile Team,Ship the new mobile app
Bianca Rodriguez,bianca.rodriguez2657@example.com,engineering,Mobile Team,Ship the new mobile app
Ruth Miller,ruth.miller2658@example.com,engineering,Growth Team,Expand into new markets
Sybil Jones,sybil.jones2659@example.com,engineering,Platform Team,Rebuild the customer portal
Ivan Robinson,ivan.robinson2660@example.com,support,Growth Team,Expand into new markets
Xavier Sanchez,xavier.sanchez2661@example.com,engineering,Data Team,Build the analytics pipeline
Bianca Perez,bianca.perez2662@example.com,support,Platform Team,Rebuild the customer portal
Victor Moore,victor.moore2663@example.com,support,Data Team,Build the analytics pipeline
Ruth Lewis,ruth.lewis2664@example.com,engineering,Mobile Team,Ship the new mobile app
Niaj Lee,niaj.lee2665@example.com,sales,Platform Team,Rebuild the customer portal
Niaj Ramirez,niaj.ramirez2666@example.com,sales,Mobile Team,Ship the new mobile app
Dave Perez,dave.perez2667@example.com,sales,Mobile Team,Ship the new mobile app
Laura Taylor,laura.taylor2668@example.com,support,Platform Team,Rebuild the customer portal
Heidi Johnson,heidi.johnson2669@example.com,sales,Data Team,Build the analytics pipeline
Ruth Anderson,ruth.anderson2670@example.com,engineering,Data Team,Build the analytics pipeline
Mallory Miller,mallory.miller2671@example.com,engineering,Data Team,Build the analytics pipeline
Carlos Jackson,carlos.jackson2672@example.com,support,Platform Team,Rebuild the customer portal
Heidi Thompson,heidi.thompson2673@example.com,engineering,Mobile Team,Ship the new mobile app
Diana Davis,diana.davis2674@example.com,engineering,Growth Team,Expand into new markets
Kevin Martinez,kevin.martinez2675@example.com,support,Platform Team,Rebuild the customer portal
Uma Brown,uma.brown2676@example.com,sales,Platform Team,Rebuild the customer portal
Niaj Sanchez,niaj.sanchez2677@example.com,support,Platform Team,Rebuild the customer portal
Zach Lee,zach.lee2678@example.com,sales,Data Team,Build the analytics pipeline
Heidi Brown,heidi.brown2679@example.com,engineering,Mobile Team,Ship the new mobile app
Kevin Clark,kevin.clark2680@example.com,sales,Platform Team,Rebuild the customer portal
Quentin Sanchez,quentin.sanchez2681@example.com,engineering,Growth Team,Expand into new markets
Yolanda Martin,yolanda.martin2682@example.com,engineering,Mobile Team,Ship the new mobile app
Uma Anderson,uma.anderson2683@example.com,engineering,Platform Team,Rebuild the customer portal
Bob Robinson,bob.robinson2684@example.com,sales,Platform Team,Rebuild the customer portal
Kevin Lewis,kevin.lewis2685@example.com,engineering,Platform Team,Rebuild the customer portal
Bob Robinson,bob.robinson2686@example.com,engineering,Mobile Team,Ship the new mobile app
Judy Martin,judy.martin2687@example.com,engineering,Mobile Team,Ship the new mobile app
Dave Perez,dave.perez2688@example.com,support,Platform Team,Rebuild the customer portal
Bob Martinez,bob.martinez2689@example.com,sales,Mobile Team,Ship the new mobile app
Dave Martin,dave.martin2690@example.com,engineering,Mobile Team,Ship the new mobile app
Bianca Martin,bianca.martin2691@example.com,sales,Platform Team,Rebuild the customer portal
Mallory Anderson,mallory.anderson2692@example.com,support,Mobile Team,Ship the new mobile app
Trent Brown,trent.brown2693@example.com,support,Data Team,Build the analytics pipeline
Victor Sanchez,victor.sanchez2694@example.com,sales,Platform Team,Rebuild the customer portal
Quentin Hernandez,quentin.hernandez2695@example.com,engineering,Growth Team,Expand into new markets
Dave Smith,dave.smith2696@example.com,support,Platform Team,Rebuild the customer portal
Zach Clark,zach.clark2697@example.com,support,Growth Team,Expand into new markets
Eve Lee,eve.lee2698@example.com,sales,Data Team,Build the analytics pipeline
Niaj Thomas,niaj.thomas2699@example.com,engineering,Mobile Team,Ship the new mobile app
Heidi Jones,heidi.jones2700@example.com,engineering,Platform Team,Rebuild the customer portal
Eve Martinez,eve.martinez2701@example.com,support,Mobile Team,Ship the new mobile app
Uma Harris,uma.harris2702@example.com,sales,Data Team,Build the analytics pipeline
Sybil Lewis,sybil.lewis2703@example.com,engineering,Growth Team,Expand into new markets
Peggy Martinez,peggy.martinez2704@example.com,sales,Data Team,Build the analytics pipeline
Laura Smith,laura.smith2705@example.com,engineering,Growth Team,Expand into new markets
Heidi Taylor,heidi.taylor2706@example.com,sales,Platform Team,Rebuild the customer portal
Laura Miller,laura.miller2707@example.com,support,Growth Team,Expand into new markets
Diana Miller,diana.miller2708@example.com,sales,Platform Team,Rebuild the customer portal
Grace Perez,grace.perez2709@example.com,support,Mobile Team,Ship the new mobile app
Wendy Anderson,wendy.anderson2710@example.com,support,Data Team,Build the analytics pipeline
Sybil Hernandez,sybil.hernandez2711@example.com,sales,Data Team,Build the analytics pipeline
Kevin Garcia,kevin.garcia2712@example.com,sales,Platform Team,Rebuild the customer portal
Carlos Sanchez,carlos.sanchez2713@example.com,sales,Platform Team,Rebuild the customer portal
Heidi Robinson,heidi.robinson2714@example.com,support,Platform Team,Rebuild the customer portal
Heidi Thompson,heidi.thompson2715@example.com,sales,Growth Team,Expand into new markets
Trent Miller,trent.miller2716@example.com,sales,Growth Team,Expand into new markets
Xavier Harris,xavier.harris2717@example.com,support,Data Team,Build the analytics pipeline
Mallory Miller,mallory.miller2718@example.com,engineering,Mobile Team,Ship the new mobile app
Amir Smith,amir.smith2719@example.com,engineering,Data Team,Build the analytics pipeline
Carol Lopez,carol.lopez2720@example.com,support,Platform Team,Rebuild the customer portal
Dave Jones,dave.jones2721@example.com,sales,Data Team,Build the analytics pipeline
Grace Lee,grace.lee2722@example.com,engineering,Data Team,Build the analytics pipeline
Alice Miller,alice.miller2723@example.com,sales,Growth Team,Expand into new markets
Frank Davis,frank.davis2724@example.com,support,Data Team,Build the analytics pipeline
Frank Hernandez,frank.hernandez2725@example.com,engineering,Growth Team,Expand into new markets
Grace Smith,grace.smith2726@example.com,sales,Growth Team,Expand into new markets
Diana Brown,diana.brown2727@example.com,support,Platform Team,Rebuild the customer portal
Eve Gonzalez,eve.gonzalez2728@example.com,sales,Platform Team,Rebuild the customer portal
Diana Miller,diana.miller2729@example.com,sales,Data Team,Build the analytics pipeline
Heidi Lopez,heidi.lopez2730@example.com,support,Data Team,Build the analytics pipeline
Frank Taylor,frank.taylor2731@example.com,support,Mobile Team,Ship the new mobile app
Carol Brown,carol.brown2732@example.com,engineering,Growth Team,Expand into new markets
Zach Miller,zach.miller2733@example.com,support,Growth Team,Expand into new markets
Mallory Thompson,mallory.thompson2734@example.com,sales,Data Team,Build the analytics pipeline
Trent Wilson,trent.wilson2735@example.com,engineering,Growth Team,Expand into new markets
Yolanda Martin,yolanda.martin2736@example.com,support,Growth Team,Expand into new markets
Judy Sanchez,judy.sanchez2737@example.com,sales,Growth Team,Expand into new markets
Heidi Johnson,heidi.johnson2738@example.com,engineering,Data Team,Build the analytics pipeline
Bianca Taylor,bianca.taylor2739@example.com,engineering,Mobile Team,Ship the new mobile app
Xavier Williams,xavier.williams2740@example.com,support,Mobile Team,Ship the new mobile app
Trent Williams,trent.williams2741@example.com,support,Growth Team,Expand into new markets
Mallory Harris,mallory.harris2742@example.com,sales,Data Team,Build the analytics pipeline
Quentin Anderson,quentin.anderson2743@example.com,sales,Growth Team,Expand into new markets
Wendy Lopez,wendy.lopez2744@example.com,support,Mobile Team,Ship the new mobile app
Peggy Thomas,peggy.thomas2745@example.com,support,Data Team,Build the analytics pipeline
Mallory Lee,mallory.lee2746@example.com,engineering,Platform Team,Rebuild the customer portal
Heidi Lewis,heidi.lewis2747@example.com,sales,Growth Team,Expand into new markets
Bianca Davis,bianca.davis2748@example.com,engineering,Mobile Team,Ship the new mobile app
Judy Wilson,judy.wilson2749@example.com,support,Mobile Team,Ship the new mobile app
Frank Robinson,frank.robinson2750@example.com,sales,Data Team,Build the analytics pipeline
Ruth Williams,ruth.williams2751@example.com,engineering,Growth Team,Expand into new markets
Judy Anderson,judy.anderson2752@example.com,engineering,Data Team,Build the analytics pipeline
Sybil Johnson,sybil.johnson2753@example.com,support,Mobile Team,Ship the new mobile app
Trent Hernandez,trent.hernandez2754@example.com,sales,Mobile Team,Ship the new mobile app
Olivia Wilson,olivia.wilson2755@example.com,sales,Mobile Team,Ship the new mobile app
Zach Thomas,zach.thomas2756@example.com,sales,Data Team,Build the analytics pipeline
Mallory Smith,mallory.smith2757@example.com,sales,Growth Team,Expand into new markets
Heidi Rodriguez,heidi.rodriguez2758@example.com,sales,Platform Team,Rebuild the customer portal
Carlos Williams,carlos.williams2759@example.com,support,Data Team,Build the analytics pipeline
Quentin Moore,quentin.moore2760@example.com,sales,Platform Team,Rebuild the customer portal
Diana Davis,diana.davis2761@example.com,engineering,Platform Team,Rebuild the customer portal
Carol Lopez,carol.lopez2762@example.com,support,Platform Team,Rebuild the customer portal
Grace Hernandez,grace.hernandez2763@example.com,support,Growth Team,Expand into new markets
Kevin Rodriguez,kevin.rodriguez2764@example.com,support,Data Team,Build the analytics pipeline
Amir Harris,amir.harris2765@example.com,engineering,Data Team,Build the analytics pipeline
Wendy Martin,wendy.martin2766@example.com,support,Growth Team,Expand into new markets
Xavier Moore,xavier.moore2767@example.com,engineering,Data Team,Build the analytics pipeline
Yolanda Martinez,yolanda.martinez2768@example.com,sales,Data Team,Build the analytics pipeline
Zach Gonzalez,zach.gonzalez2769@example.com,support,Mobile Team,Ship the new mobile app
Yolanda Lee,yolanda.lee2770@example.com,sales,Platform Team,Rebuild the customer portal
Uma Taylor,uma.taylor2771@example.com,sales,Growth Team,Expand into new markets
Heidi Davis,heidi.davis2772@example.com,sales,Growth Team,Expand into new markets
Heidi Taylor,heidi.taylor2773@example.com,support,Mobile Team,Ship the new mobile app
Amir Anderson,amir.anderson2774@example.com,engineering,Data Team,Build the analytics pipeline
Kevin Ramirez,kevin.ramirez2775@example.com,sales,Growth Team,Expand into new markets
Yolanda Thompson,yolanda.thompson2776@example.com,engineering,Mobile Team,Ship the new mobile app
Olivia Anderson,olivia.anderson2777@example.com,sales,Platform Team,Rebuild the customer portal
Eve Jackson,eve.jackson2778@example.com,sales,Growth Team,Expand into new markets
Xavier Smith,xavier.smith2779@example.com,support,Mobile Team,Ship the new mobile app
Amir Lopez,amir.lopez2780@example.com,engineering,Data Team,Build the analytics pipeline
Niaj Wilson,niaj.wilson2781@example.com,support,Mobile Team,Ship the new mobile app
Ruth Martinez,ruth.martinez2782@example.com,support,Data Team,Build the analytics pipeline
Alice Jackson,alice.jackson2783@example.com,engineering,Platform Team,Rebuild the customer portal
Eve Hernandez,eve.hernandez2784@example.com,sales,Mobile Team,Ship the new mobile app
Grace Gonzalez,grace.gonzalez2785@example.com,support,Platform Team,Rebuild the customer portal
Mallory Miller,mallory.miller2786@example.com,engineering,Mobile Team,Ship the new mobile app
Kevin Jackson,kevin.jackson2787@example.com,support,Mobile Team,Ship the new mobile app
Carlos Martinez,carlos.martinez2788@example.com,engineering,Platform Team,Rebuild the customer portal
Dave Perez,dave.perez2789@example.com,engineering,Growth Team,Expand into new markets
Amir Thompson,amir.thompson2790@example.com,engineering,Mobile Team,Ship the new mobile app
Frank Miller,frank.miller2791@example.com,sales,Platform Team,Rebuild the customer portal
Judy Miller,judy.miller2792@example.com,sales,Growth Team,Expand into new markets
Victor Taylor,victor.taylor2793@example.com,sales,Platform Team,Rebuild the customer portal
Bob Lopez,bob.lopez2794@example.com,engineering,Platform Team,Rebuild the customer portal
Kevin Ramirez,kevin.ramirez2795@example.com,sales,Mobile Team,Ship the new mobile app
Frank Brown,frank.brown2796@example.com,support,Growth Team,Expand into new markets
Niaj Thomas,niaj.thomas2797@example.com,sales,Platform Team,Rebuild the customer portal
Carlos Ramirez,carlos.ramirez2798@example.com,engineering,Growth Team,Expand into new markets
Bianca Miller,bianca.miller2799@example.com,sales,Data Team,Build the analytics pipeline
Amir Thompson,amir.thompson2800@example.com,engineering,Mobile Team,Ship the new mobile app
Trent Jackson,trent.jackson2801@example.com,support,Data Team,Build the analytics pipeline
Grace Taylor,grace.taylor2802@example.com,sales,Mobile Team,Ship the new mobile app
Grace Smith,grace.smith2803@example.com,sales,Growth Team,Expand into new markets
Carol Clark,carol.clark2804@example.com,support,Mobile Team,Ship the new mobile app
Zach Davis,zach.davis2805@example.com,support,Data Team,Build the analytics pipeline
Carlos Thomas,carlos.thomas2806@example.com,sales,Mobile Team,Ship the new mobile app
Sybil Johnson,sybil.johnson2807@example.com,sales,Platform Team,Rebuild the customer portal
Uma Lewis,uma.lewis2808@example.com,sales,Mobile Team,Ship the new mobile app
Wendy Clark,wendy.clark2809@example.com,sales,Data Team,Build the analytics pipeline
Trent Clark,trent.clark2810@example.com,sales,Growth Team,Expand into new markets
Heidi Garcia,heidi.garcia2811@example.com,sales,Mobile Team,Ship the new mobile app
Mallory Robinson,mallory.robinson2812@example.com,support,Growth Team,Expand into new markets
Sybil Brown,sybil.brown2813@example.com,support,Mobile Team,Ship the new mobile app
Bob Davis,bob.davis2814@example.com,sales,Growth Team,Expand into new markets
Carlos Lee,carlos.lee2815@example.com,support,Data Team,Build the analytics pipeline
Diana Williams,diana.williams2816@example.com,sales,Growth Team,Expand into new markets
Niaj Harris,niaj.harris2817@example.com,sales,Platform Team,Rebuild the customer portal
Carol Harris,carol.harris2818@example.com,support,Platform Team,Rebuild the customer portal
Yolanda Harris,yolanda.harris2819@example.com,sales,Data Team,Build the analytics pipeline
Olivia Garcia,olivia.garcia2820@example.com,engineering,Data Team,Build the analytics pipeline
Quentin Johnson,quentin.johnson2821@example.com,engineering,Mobile Team,Ship the new mobile app
Carol Lee,carol.lee2822@example.com,sales,Mobile Team,Ship the new mobile app
Kevin White,kevin.white2823@example.com,engineering,Mobile Team,Ship the new mobile app
Mallory Johnson,mallory.johnson2824@example.com,sales,Platform Team,Rebuild the customer portal
Dave Thompson,dave.thompson2825@example.com,sales,Growth Team,Expand into new markets
Victor White,victor.white2826@example.com,sales,Mobile Team,Ship the new mobile app
Olivia Williams,olivia.williams2827@example.com,support,Platform Team,Rebuild the customer portal
Victor Davis,victor.davis2828@example.com,engineering,Mobile Team,Ship the new mobile app
Peggy Clark,peggy.clark2829@example.com,engineering,Data Team,Build the analytics pipeline
Frank Clark,frank.clark2830@example.com,support,Platform Team,Rebuild the customer portal
Dave Garcia,dave.garcia2831@example.com,engineering,Data Team,Build the analytics pipeline
Ruth White,ruth.white2832@example.com,engineering,Mobile Team,Ship the new mobile app
Carol Perez,carol.perez2833@example.com,support,Platform Team,Rebuild the customer portal
Ivan Jones,ivan.jones2834@example.com,sales,Mobile Team,Ship the new mobile app
Frank Miller,frank.miller2835@example.com,support,Platform Team,Rebuild the customer portal
Ruth Miller,ruth.miller2836@example.com,support,Mobile Team,Ship the new mobile app
Bob Clark,bob.clark2837@example.com,sales,Platform Team,Rebuild the customer portal
Wendy Martinez,wendy.martinez2838@example.com,engineering,Mobile Team,Ship the new mobile app
Trent Smith,trent.smith2839@example.com,sales,Platform Team,Rebuild the customer portal
Yolanda Miller,yolanda.miller2840@example.com,sales,Growth Team,Expand into new markets
Diana Davis,diana.davis2841@example.com,engineering,Growth Team,Expand into new markets
Alice Wilson,alice.wilson2842@example.com,engineering,Platform Team,Rebuild the customer portal
Kevin Clark,kevin.clark2843@example.com,support,Growth Team,Expand into new markets
Victor Williams,victor.williams2844@example.com,engineering,Growth Team,Expand into new markets
Zach Clark,zach.clark2845@example.com,support,Growth Team,Expand into new markets
Frank Johnson,frank.johnson2846@example.com,support,Mobile Team,Ship the new mobile app
Dave Clark,dave.clark2847@example.com,sales,Data Team,Build the analytics pipeline
Ruth Lee,ruth.lee2848@example.com,support,Growth Team,Expand into new markets
Grace Robinson,grace.robinson2849@example.com,sales,Mobile Team,Ship the new mobile app
Dave Davis,dave.davis2850@example.com,engineering,Growth Team,Expand into new markets
Laura Hernandez,laura.hernandez2851@example.com,engineering,Growth Team,Expand into new markets
Mallory Lee,mallory.lee2852@example.com,engineering,Data Team,Build the analytics pipeline
Mallory Miller,mallory.miller2853@example.com,engineering,Mobile Team,Ship the new mobile app
Carol Perez,carol.perez2854@example.com,support,Data Team,Build the analytics pipeline
Trent Lopez,trent.lopez2855@example.com,engineering,Platform Team,Rebuild the customer portal
Carlos Miller,carlos.miller2856@example.com,sales,Mobile Team,Ship the new mobile app
Yolanda Martin,yolanda.martin2857@example.com,engineering,Mobile Team,Ship the new mobile app
Wendy Moore,wendy.moore2858@example.com,sales,Growth Team,Expand into new markets
Dave Martin,dave.martin2859@example.com,support,Data Team,Build the analytics pipeline
Wendy Gonzalez,wendy.gonzalez2860@example.com,sales,Growth Team,Expand into new markets
Frank Lee,frank.lee2861@example.com,support,Data Team,Build the analytics pipeline
Peggy Williams,peggy.williams2862@example.com,engineering,Data Team,Build the analytics pipeline
Trent Robinson,trent.robinson2863@example.com,sales,Mobile Team,Ship the new mobile app
Quentin Lee,quentin.lee2864@example.com,support,Growth Team,Expand into new markets
Sybil Thompson,sybil.thompson2865@example.com,engineering,Platform Team,Rebuild the customer portal
Alice Martin,alice.martin2866@example.com,sales,Platform Team,Rebuild the customer portal
Heidi White,heidi.white2867@example.com,engineering,Mobile Team,Ship the new mobile app
Trent Williams,trent.williams2868@example.com,engineering,Platform Team,Rebuild the customer portal
Laura Thomas,laura.thomas2869@example.com,engineering,Data Team,Build the analytics pipeline
Eve Gonzalez,eve.gonzalez2870@example.com,support,Growth Team,Expand into new markets
Bob Davis,bob.davis2871@example.com,support,Mobile Team,Ship the new mobile app
Carlos Hernandez,carlos.hernandez2872@example.com,sales,Growth Team,Expand into new markets
Kevin Lee,kevin.lee2873@example.com,support,Platform Team,Rebuild the customer portal
Zach Wilson,zach.wilson2874@example.com,engineering,Data Team,Build the analytics pipeline
Heidi Ramirez,heidi.ramirez2875@example.com,sales,Data Team,Build the analytics pipeline
Heidi Miller,heidi.miller2876@example.com,support,Platform Team,Rebuild the customer portal
Heidi Sanchez,heidi.sanchez2877@example.com,support,Growth Team,Expand into new markets
Bianca Gonzalez,bianca.gonzalez2878@example.com,engineering,Data Team,Build the analytics pipeline
Olivia Lee,olivia.lee2879@example.com,engineering,Platform Team,Rebuild the customer portal
Bianca Thomas,bianca.thomas2880@example.com,engineering,Platform Team,Rebuild the customer portal
Bob Lee,bob.lee2881@example.com,engineering,Growth Team,Expand into new markets
Eve Williams,eve.williams2882@example.com,support,Growth Team,Expand into new markets
Ruth Clark,ruth.clark2883@example.com,engineering,Growth Team,Expand into new markets
Quentin Williams,quentin.williams2884@example.com,support,Mobile Team,Ship the new mobile app
Olivia Martinez,olivia.martinez2885@example.com,support,Growth Team,Expand into new markets
Grace Davis,grace.davis2886@example.com,engineering,Mobile Team,Ship the new mobile app
Trent Davis,trent.davis2887@example.com,sales,Data Team,Build the analytics pipeline
Sybil Anderson,sybil.anderson2888@example.com,sales,Growth Team,Expand into new markets
Bianca Sanchez,bianca.sanchez2889@example.com,engineering,Mobile Team,Ship the new mobile app
Laura Gonzalez,laura.gonzalez2890@example.com,engineering,Mobile Team,Ship the new mobile app
Peggy Anderson,peggy.anderson2891@example.com,support,Mobile Team,Ship the new mobile app
Trent White,trent.white2892@example.com,engineering,Mobile Team,Ship the new mobile app
Amir Sanchez,amir.sanchez2893@example.com,engineering,Mobile Team,Ship the new mobile app
Yolanda Gonzalez,yolanda.gonzalez2894@example.com,engineering,Mobile Team,Ship the new mobile app
Yolanda Robinson,yolanda.robinson2895@example.com,support,Data Team,Build the analytics pipeline
Ruth Jones,ruth.jones2896@example.com,sales,Growth Team,Expand into new markets
Mallory Anderson,mallory.anderson2897@example.com,sales,Data Team,Build the analytics pipeline
Judy Gonzalez,judy.gonzalez2898@example.com,engineering,Mobile Team,Ship the new mobile app
Kevin Jones,kevin.jones2899@example.com,engineering,Mobile Team,Ship the new mobile app
Eve Robinson,eve.robinson2900@example.com,engineering,Growth Team,Expand into new markets
Alice Ramirez,alice.ramirez2901@example.com,sales,Data Team,Build the analytics pipeline
Mallory Robinson,mallory.robinson2902@example.com,sales,Mobile Team,Ship the new mobile app
Xavier Lopez,xavier.lopez2903@example.com,sales,Mobile Team,Ship the new mobile app
Judy Lee,judy.lee2904@example.com,sales,Platform Team,Rebuild the customer portal
Carlos Johnson,carlos.johnson2905@example.com,sales,Platform Team,Rebuild the customer portal
Diana Jackson,diana.jackson2906@example.com,engineering,Growth Team,Expand into new markets
Yolanda Wilson,yolanda.wilson2907@example.com,support,Data Team,Build the analytics pipeline
Laura Taylor,laura.taylor2908@example.com,support,Mobile Team,Ship the new mobile app
Wendy Lopez,wendy.lopez2909@example.com,support,Platform Team,Rebuild the customer portal
Mallory Robinson,mallory.robinson2910@example.com,support,Mobile Team,Ship the new mobile app
Heidi Davis,heidi.davis2911@example.com,engineering,Mobile Team,Ship the new mobile app
Diana Clark,diana.clark2912@example.com,support,Data Team,Build the analytics pipeline
Wendy Perez,wendy.perez2913@example.com,support,Platform Team,Rebuild the customer portal
Victor Lee,victor.lee2914@example.com,sales,Growth Team,Expand into new markets
Trent Anderson,trent.anderson2915@example.com,sales,Growth Team,Expand into new markets
Heidi Martin,heidi.martin2916@example.com,engineering,Growth Team,Expand into new markets
Dave Harris,dave.harris2917@example.com,support,Platform Team,Rebuild the customer portal
Wendy Robinson,wendy.robinson2918@example.com,sales,Mobile Team,Ship the new mobile app
Wendy Jackson,wendy.jackson2919@example.com,support,Platform Team,Rebuild the customer portal
Diana Miller,diana.miller2920@example.com,engineering,Mobile Team,Ship the new mobile app
Amir Wilson,amir.wilson2921@example.com,support,Data Team,Build the analytics pipeline
Judy Taylor,judy.taylor2922@example.com,support,Mobile Team,Ship the new mobile app
Judy White,judy.white2923@example.com,support,Mobile Team,Ship the new mobile app
Bianca Williams,bianca.williams2924@example.com,support,Platform Team,Rebuild the customer portal
Sybil Harris,sybil.harris2925@example.com,engineering,Data Team,Build the analytics pipeline
Ivan White,ivan.white2926@example.com,support,Growth Team,Expand into new markets
Mallory Thompson,mallory.thompson2927@example.com,engineering,Data Team,Build the analytics pipeline
Frank Clark,frank.clark2928@example.com,engineering,Mobile Team,Ship the new mobile app
Dave Williams,dave.williams2929@example.com,support,Mobile Team,Ship the new mobile app
Niaj Lee,niaj.lee2930@example.com,support,Data Team,Build the analytics pipeline
Niaj Garcia,niaj.garcia2931@example.com,sales,Growth Team,Expand into new markets
Frank Thompson,frank.thompson2932@example.com,engineering,Growth Team,Expand into new markets
Peggy Garcia,peggy.garcia2933@example.com,sales,Platform Team,Rebuild the customer portal
Sybil Clark,sybil.clark2934@example.com,engineering,Growth Team,Expand into new markets
Grace Johnson,grace.johnson2935@example.com,engineering,Growth Team,Expand into new markets
Ivan Lewis,ivan.lewis2936@example.com,sales,Mobile Team,Ship the new mobile app
Uma Robinson,uma.robinson2937@example.com,support,Platform Team,Rebuild the customer portal
Frank Williams,frank.williams2938@example.com,engineering,Data Team,Build the analytics pipeline
Mallory Brown,mallory.brown2939@example.com,engineering,Data Team,Build the analytics pipeline
Kevin Smith,kevin.smith2940@example.com,sales,Growth Team,Expand into new markets
Peggy Perez,peggy.perez2941@example.com,engineering,Platform Team,Rebuild the customer portal
Bob Rodriguez,bob.rodriguez2942@example.com,support,Platform Team,Rebuild the customer portal
Sybil Sanchez,sybil.sanchez2943@example.com,engineering,Platform Team,Rebuild the customer portal
Grace Taylor,grace.taylor2944@example.com,sales,Platform Team,Rebuild the customer portal
Trent Taylor,trent.taylor2945@example.com,sales,Data Team,Build the analytics pipeline
Peggy Harris,peggy.harris2946@example.com,support,Data Team,Build the analytics pipeline
Niaj Hernandez,niaj.hernandez2947@example.com,support,Data Team,Build the analytics pipeline
Carlos Hernandez,carlos.hernandez2948@example.com,engineering,Data Team,Build the analytics pipeline
Laura Perez,laura.perez2949@example.com,sales,Mobile Team,Ship the new mobile app
Trent Johnson,trent.johnson2950@example.com,sales,Data Team,Build the analytics pipeline
Zach Brown,zach.brown2951@example.com,sales,Platform Team,Rebuild the customer portal
Bianca Thompson,bianca.thompson2952@example.com,support,Mobile Team,Ship the new mobile app
Amir Lewis,amir.lewis2953@example.com,engineering,Growth Team,Expand into new markets
Trent Brown,trent.brown2954@example.com,support,Data Team,Build the analytics pipeline
Yolanda Clark,yolanda.clark2955@example.com,sales,Growth Team,Expand into new markets
Olivia Martin,olivia.martin2956@example.com,support,Mobile Team,Ship the new mobile app
Niaj Perez,niaj.perez2957@example.com,engineering,Growth Team,Expand into new markets
Uma Clark,uma.clark2958@example.com,engineering,Data Team,Build the analytics pipeline
Uma Lopez,uma.lopez2959@example.com,support,Platform Team,Rebuild the customer portal
Kevin Perez,kevin.perez2960@example.com,engineering,Mobile Team,Ship the new mobile app
Trent Thomas,trent.thomas2961@example.com,support,Mobile Team,Ship the new mobile app
Trent Sanchez,trent.sanchez2962@example.com,sales,Platform Team,Rebuild the customer portal
Niaj Robinson,niaj.robinson2963@example.com,support,Mobile Team,Ship the new mobile app
Bianca Thompson,bianca.thompson2964@example.com,support,Platform Team,Rebuild the customer portal
Mallory Martinez,mallory.martinez2965@example.com,support,Growth Team,Expand into new markets
Eve Ramirez,eve.ramirez2966@example.com,engineering,Platform Team,Rebuild the customer portal
Peggy Sanchez,peggy.sanchez2967@example.com,sales,Platform Team,Rebuild the customer portal
Amir Perez,amir.perez2968@example.com,engineering,Mobile Team,Ship the new mobile app
Carlos Anderson,carlos.anderson2969@example.com,sales,Platform Team,Rebuild the customer portal
Victor Moore,victor.moore2970@example.com,engineering,Growth Team,Expand into new markets
Grace Garcia,grace.garcia2971@example.com,engineering,Platform Team,Rebuild the customer portal
Niaj Thompson,niaj.thompson2972@example.com,engineering,Platform Team,Rebuild the customer portal
Diana Robinson,diana.robinson2973@example.com,sales,Data Team,Build the analytics pipeline
Yolanda Rodriguez,yolanda.rodriguez2974@example.com,support,Growth Team,Expand into new markets
Ivan Perez,ivan.perez2975@example.com,support,Mobile Team,Ship the new mobile app
Dave Perez,dave.perez2976@example.com,support,Growth Team,Expand into new markets
Uma White,uma.white2977@example.com,engineering,Mobile Team,Ship the new mobile app
Zach Thompson,zach.thompson2978@example.com,engineering,Data Team,Build the analytics pipeline
Diana Jackson,diana.jackson2979@example.com,support,Platform Team,Rebuild the customer portal
Kevin Gonzalez,kevin.gonzalez2980@example.com,support,Mobile Team,Ship the new mobile app
Uma Sanchez,uma.sanchez2981@example.com,engineering,Mobile Team,Ship the new mobile app
Heidi Rodriguez,heidi.rodriguez2982@example.com,sales,Platform Team,Rebuild the customer portal
Carol Brown,carol.brown2983@example.com,sales,Platform Team,Rebuild the customer portal
Xavier Jackson,xavier.jackson2984@example.com,support,Growth Team,Expand into new markets
Dave Jackson,dave.jackson2985@example.com,engineering,Data Team,Build the analytics pipeline
Bianca Hernandez,bianca.hernandez2986@example.com,support,Mobile Team,Ship the new mobile app
Xavier Smith,xavier.smith2987@example.com,engineering,Data Team,Build the analytics pipeline
Sybil Moore,sybil.moore2988@example.com,sales,Growth Team,Expand into new markets
Niaj Hernandez,niaj.hernandez2989@example.com,support,Data Team,Build the analytics pipeline
Diana Sanchez,diana.sanchez2990@example.com,support,Growth Team,Expand into new markets
Victor Martin,victor.martin2991@example.com,engineering,Growth Team,Expand into new markets
Mallory Smith,mallory.smith2992@example.com,sales,Mobile Team,Ship the new mobile app
Eve Clark,eve.clark2993@example.com,engineering,Data Team,Build the analytics pipeline
Peggy Perez,peggy.perez2994@example.com,engineering,Mobile Team,Ship the new mobile app
Trent Martinez,trent.martinez2995@example.com,support,Growth Team,Expand into new markets
Victor Ramirez,victor.ramirez2996@example.com,support,Platform Team,Rebuild the customer portal
Kevin Martinez,kevin.martinez2997@example.com,sales,Platform Team,Rebuild the customer portal
Bianca Thompson,bianca.thompson2998@example.com,support,Mobile Team,Ship the new mobile app
Amir Miller,amir.miller2999@example.com,sales,Mobile Team,Ship the new mobile app
Wendy Gonzalez,wendy.gonzalez3000@example.com,sales,Platform Team,Rebuild the customer portal
Eve Clark,eve.clark3001@example.com,support,Growth Team,Expand into new markets
Diana Sanchez,diana.sanchez3002@example.com,support,Growth Team,Expand into new markets
Xavier Johnson,xavier.johnson3003@example.com,sales,Growth Team,Expand into new markets
Xavier Gonzalez,xavier.gonzalez3004@example.com,support,Data Team,Build the analytics pipeline
Diana Ramirez,diana.ramirez3005@example.com,engineering,Growth Team,Expand into new markets
Ruth Gonzalez,ruth.gonzalez3006@example.com,sales,Data Team,Build the analytics pipeline
Victor Thomas,victor.thomas3007@example.com,sales,Data Team,Build the analytics pipeline
Mallory Williams,mallory.williams3008@example.com,sales,Data Team,Build the analytics pipeline
Wendy Robinson,wendy.robinson3009@example.com,support,Growth Team,Expand into new markets
Bianca Moore,bianca.moore3010@example.com,engineering,Mobile Team,Ship the new mobile app
Eve Hernandez,eve.hernandez3011@example.com,support,Platform Team,Rebuild the customer portal
Judy Anderson,judy.anderson3012@example.com,support,Growth Team,Expand into new markets
Eve Anderson,eve.anderson3013@example.com,sales,Mobile Team,Ship the new mobile app
Carlos Jones,carlos.jones3014@example.com,engineering,Growth Team,Expand into new markets
Zach White,zach.white3015@example.com,support,Growth Team,Expand into new markets
Uma Smith,uma.smith3016@example.com,support,Data Team,Build the analytics pipeline
Bianca Jackson,bianca.jackson3017@example.com,support,Platform Team,Rebuild the customer portal
Zach Ramirez,zach.ramirez3018@example.com,sales,Growth Team,Expand into new markets
Niaj Perez,niaj.perez3019@example.com,engineering,Growth Team,Expand into new markets
Dave Lopez,dave.lopez3020@example.com,engineering,Mobile Team,Ship the new mobile app
Bob Brown,bob.brown3021@example.com,support,Data Team,Build the analytics pipeline
Niaj Jones,niaj.jones3022@example.com,engineering,Mobile Team,Ship the new mobile app
Bob Brown,bob.brown3023@example.com,sales,Growth Team,Expand into new markets
Peggy Martinez,peggy.martinez3024@example.com,support,Growth Team,Expand into new markets
Xavier Gonzalez,xavier.gonzalez3025@example.com,sales,Platform Team,Rebuild the customer portal
Bianca Clark,bianca.clark3026@example.com,sales,Mobile Team,Ship the new mobile app
Uma Lee,uma.lee3027@example.com,sales,Mobile Team,Ship the new mobile app
Alice Brown,alice.brown3028@example.com,engineering,Platform Team,Rebuild the customer portal
Dave Thomas,dave.thomas3029@example.com,engineering,Growth Team,Expand into new markets
Sybil Jackson,sybil.jackson3030@example.com,sales,Mobile Team,Ship the new mobile app
Wendy White,wendy.white3031@example.com,support,Platform Team,Rebuild the customer portal
Frank Gonzalez,frank.gonzalez3032@example.com,support,Mobile Team,Ship the new mobile app
Wendy Wilson,wendy.wilson3033@example.com,support,Data Team,Build the analytics pipeline
Eve Brown,eve.brown3034@example.com,engineering,Data Team,Build the analytics pipeline
Wendy Robinson,wendy.robinson3035@example.com,sales,Growth Team,Expand into new markets
Amir Thompson,amir.thompson3036@example.com,sales,Platform Team,Rebuild the customer portal
Ruth Clark,ruth.clark3037@example.com,engineering,Mobile Team,Ship the new mobile app
Quentin Clark,quentin.clark3038@example.com,engineering,Platform Team,Rebuild the customer portal
Victor Lewis,victor.lewis3039@example.com,engineering,Platform Team,Rebuild the customer portal
Bianca Martin,bianca.martin3040@example.com,engineering,Growth Team,Expand into new markets
Ruth Anderson,ruth.anderson3041@example.com,engineering,Data Team,Build the analytics pipeline
Bob Jones,bob.jones3042@example.com,support,Growth Team,Expand into new markets
Frank Williams,frank.williams3043@example.com,engineering,Data Team,Build the analytics pipeline
Carol Brown,carol.brown3044@example.com,sales,Data Team,Build the analytics pipeline
Ruth Garcia,ruth.garcia3045@example.com,support,Mobile Team,Ship the new mobile app
Alice Davis,alice.davis3046@example.com,engineering,Data Team,Build the analytics pipeline
Quentin Lewis,quentin.lewis3047@example.com,support,Data Team,Build the analytics pipeline
Ruth Anderson,ruth.anderson3048@example.com,support,Growth Team,Expand into new markets
Peggy Thompson,peggy.thompson3049@example.com,support,Data Team,Build the analytics pipeline
Diana Lopez,diana.lopez3050@example.com,support,Growth Team,Expand into new markets
Dave Perez,dave.perez3051@example.com,engineering,Platform Team,Rebuild the customer portal
Bob Miller,bob.miller3052@example.com,sales,Growth Team,Expand into new markets
Bianca Clark,bianca.clark3053@example.com,engineering,Growth Team,Expand into new markets
Trent Moore,trent.moore3054@example.com,support,Growth Team,Expand into new markets
Laura Rodriguez,laura.rodriguez3055@example.com,support,Growth Team,Expand into new markets
Trent Wilson,trent.wilson3056@example.com,support,Platform Team,Rebuild the customer portal
Ivan Rodriguez,ivan.rodriguez3057@example.com,support,Mobile Team,Ship the new mobile app
Carlos Garcia,carlos.garcia3058@example.com,sales,Mobile Team,Ship the new mobile app
Carol Rodriguez,carol.rodriguez3059@example.com,support,Mobile Team,Ship the new mobile app
Eve Moore,eve.moore3060@example.com,engineering,Growth Team,Expand into new markets
Uma White,uma.white3061@example.com,support,Data Team,Build the analytics pipeline
Wendy Lee,wendy.lee3062@example.com,support,Growth Team,Expand into new markets
Laura Jackson,laura.jackson3063@example.com,sales,Growth Team,Expand into new markets
Amir Jones,amir.jones3064@example.com,sales,Data Team,Build the analytics pipeline
Mallory Smith,mallory.smith3065@example.com,engineering,Growth Team,Expand into new markets
Ivan Brown,ivan.brown3066@example.com,support,Platform Team,Rebuild the customer portal
Ruth Wilson,ruth.wilson3067@example.com,sales,Platform Team,Rebuild the customer portal
Uma Williams,uma.williams3068@example.com,sales,Data Team,Build the analytics pipeline
Yolanda Rodriguez,yolanda.rodriguez3069@example.com,engineering,Growth Team,Expand into new markets
Ivan Smith,ivan.smith3070@example.com,sales,Platform Team,Rebuild the customer portal
Heidi Gonzalez,heidi.gonzalez3071@example.com,engineering,Platform Team,Rebuild the customer portal
Frank Taylor,frank.taylor3072@example.com,support,Data Team,Build the analytics pipeline
Amir Sanchez,amir.sanchez3073@example.com,engineering,Mobile Team,Ship the new mobile app
Quentin Lopez,quentin.lopez3074@example.com,support,Data Team,Build the analytics pipeline
Ivan Martin,ivan.martin3075@example.com,engineering,Platform Team,Rebuild the customer portal
Frank Hernandez,frank.hernandez3076@example.com,engineering,Mobile Team,Ship the new mobile app
Laura Sanchez,laura.sanchez3077@example.com,sales,Mobile Team,Ship the new mobile app
Sybil Jones,sybil.jones3078@example.com,engineering,Data Team,Build the analytics pipeline
Victor Taylor,victor.taylor3079@example.com,support,Growth Team,Expand into new markets
Eve Jones,eve.jones3080@example.com,support,Mobile Team,Ship the new mobile app
Xavier Rodriguez,xavier.rodriguez3081@example.com,support,Platform Team,Rebuild the customer portal
Uma Lopez,uma.lopez3082@example.com,support,Growth Team,Expand into new markets
Trent Wilson,trent.wilson3083@example.com,engineering,Mobile Team,Ship the new mobile app
Olivia Lopez,olivia.lopez3084@example.com,support,Mobile Team,Ship the new mobile app
Judy Rodriguez,judy.rodriguez3085@example.com,support,Mobile Team,Ship the new mobile app
Wendy Lewis,wendy.lewis3086@example.com,sales,Growth Team,Expand into new markets
Uma Ramirez,uma.ramirez3087@example.com,sales,Platform Team,Rebuild the customer portal
Niaj Harris,niaj.harris3088@example.com,engineering,Data Team,Build the analytics pipeline
Uma Williams,uma.williams3089@example.com,support,Platform Team,Rebuild the customer portal
Heidi Williams,heidi.williams3090@example.com,support,Growth Team,Expand into new markets
Bob Williams,bob.williams3091@example.com,support,Data Team,Build the analytics pipeline
Diana Thomas,diana.thomas3092@example.com,sales,Platform Team,Rebuild the customer portal
Victor Taylor,victor.taylor3093@example.com,sales,Growth Team,Expand into new markets
Peggy Taylor,peggy.taylor3094@example.com,sales,Platform Team,Rebuild the customer portal
Alice Martin,alice.martin3095@example.com,support,Growth Team,Expand into new markets
Alice Thompson,alice.thompson3096@example.com,support,Mobile Team,Ship the new mobile app
Ruth White,ruth.white3097@example.com,engineering,Data Team,Build the analytics pipeline
Xavier Perez,xavier.perez3098@example.com,support,Platform Team,Rebuild the customer portal
Olivia Garcia,olivia.garcia3099@example.com,engineering,Growth Team,Expand into new markets
Carol Lopez,carol.lopez3100@example.com,support,Growth Team,Expand into new markets
Laura Johnson,laura.johnson3101@example.com,sales,Mobile Team,Ship the new mobile app
Mallory Garcia,mallory.garcia3102@example.com,engineering,Data Team,Build the analytics pipeline
Kevin Robinson,kevin.robinson3103@example.com,support,Growth Team,Expand into new markets
Bianca Harris,bianca.harris3104@example.com,sales,Platform Team,Rebuild the customer portal
Judy Thomas,judy.thomas3105@example.com,sales,Data Team,Build the analytics pipeline
Grace Smith,grace.smith3106@example.com,engineering,Mobile Team,Ship the new mobile app
Diana Martinez,diana.martinez3107@example.com,sales,Platform Team,Rebuild the customer portal
Carlos Martin,carlos.martin3108@example.com,engineering,Mobile Team,Ship the new mobile app
Laura Smith,laura.smith3109@example.com,sales,Mobile Team,Ship the new mobile app
Judy Lopez,judy.lopez3110@example.com,engineering,Platform Team,Rebuild the customer portal
Laura Lewis,laura.lewis3111@example.com,sales,Growth Team,Expand into new markets
Laura Smith,laura.smith3112@example.com,sales,Platform Team,Rebuild the customer portal
Peggy Miller,peggy.miller3113@example.com,support,Platform Team,Rebuild the customer portal
Quentin Lewis,quentin.lewis3114@example.com,sales,Growth Team,Expand into new markets
Dave Robinson,dave.robinson3115@example.com,engineering,Mobile Team,Ship the new mobile app
Eve Harris,eve.harris3116@example.com,engineering,Data Team,Build the analytics pipeline
Peggy Gonzalez,peggy.gonzalez3117@example.com,sales,Data Team,Build the analytics pipeline
Laura Wilson,laura.wilson3118@example.com,support,Growth Team,Expand into new markets
Zach Rodriguez,zach.rodriguez3119@example.com,sales,Platform Team,Rebuild the customer portal
Victor Clark,victor.clark3120@example.com,engineering,Mobile Team,Ship the new mobile app
Eve Lopez,eve.lopez3121@example.com,engineering,Mobile Team,Ship the new mobile app
Laura Lewis,laura.lewis3122@example.com,engineering,Growth Team,Expand into new markets
Grace Martinez,grace.martinez3123@example.com,engineering,Platform Team,Rebuild the customer portal
Mallory Wilson,mallory.wilson3124@example.com,engineering,Data Team,Build the analytics pipeline
Frank Perez,frank.perez3125@example.com,sales,Growth Team,Expand into new markets
Victor Rodriguez,victor.rodriguez3126@example.com,sales,Platform Team,Rebuild the customer portal
Peggy Moore,peggy.moore3127@example.com,support,Mobile Team,Ship the new mobile app
Wendy Jones,wendy.jones3128@example.com,sales,Data Team,Build the analytics pipeline
Quentin White,quentin.white3129@example.com,engineering,Mobile Team,Ship the new mobile app
Dave Brown,dave.brown3130@example.com,engineering,Platform Team,Rebuild the customer portal
Eve Lopez,eve.lopez3131@example.com,support,Platform Team,Rebuild the customer portal
Heidi Johnson,heidi.johnson3132@example.com,sales,Data Team,Build the analytics pipeline
Trent White,trent.white3133@example.com,sales,Platform Team,Rebuild the customer portal
Peggy Martinez,peggy.martinez3134@example.com,sales,Data Team,Build the analytics pipeline
Carol Harris,carol.harris3135@example.com,engineering,Mobile Team,Ship the new mobile app
Trent Jones,trent.jones3136@example.com,engineering,Growth Team,Expand into new markets
Ivan Harris,ivan.harris3137@example.com,sales,Platform Team,Rebuild the customer portal
Wendy Davis,wendy.davis3138@example.com,engineering,Mobile Team,Ship the new mobile app
Peggy Thompson,peggy.thompson3139@example.com,support,Platform Team,Rebuild the customer portal
Xavier Taylor,xavier.taylor3140@example.com,engineering,Growth Team,Expand into new markets
Bianca Jackson,bianca.jackson3141@example.com,engineering,Growth Team,Expand into new markets
Dave Jones,dave.jones3142@example.com,engineering,Mobile Team,Ship the new mobile app
Ivan Miller,ivan.miller3143@example.com,sales,Growth Team,Expand into new markets
Alice Martin,alice.martin3144@example.com,engineering,Growth Team,Expand into new markets
Bianca Johnson,bianca.johnson3145@example.com,sales,Mobile Team,Ship the new mobile app
Quentin Martinez,quentin.martinez3146@example.com,engineering,Growth Team,Expand into new markets
Kevin Wilson,kevin.wilson3147@example.com,engineering,Mobile Team,Ship the new mobile app
Quentin Wilson,quentin.wilson3148@example.com,sales,Platform Team,Rebuild the customer portal
Dave Rodriguez,dave.rodriguez3149@example.com,sales,Data Team,Build the analytics pipeline
Laura Thompson,laura.thompson3150@example.com,engineering,Mobile Team,Ship the new mobile app
Kevin Lewis,kevin.lewis3151@example.com,engineering,Platform Team,Rebuild the customer portal
Bob Smith,bob.smith3152@example.com,support,Platform Team,Rebuild the customer portal
Xavier Hernandez,xavier.hernandez3153@example.com,sales,Growth Team,Expand into new markets
Peggy Rodriguez,peggy.rodriguez3154@example.com,sales,Platform Team,Rebuild the customer portal
Frank Rodriguez,frank.rodriguez3155@example.com,sales,Mobile Team,Ship the new mobile app
Kevin Martinez,kevin.martinez3156@example.com,engineering,Platform Team,Rebuild the customer portal
Victor Smith,victor.smith3157@example.com,sales,Growth Team,Expand into new markets
Laura White,laura.white3158@example.com,support,Data Team,Build the analytics pipeline
Yolanda Jackson,yolanda.jackson3159@example.com,engineering,Data Team,Build the analytics pipeline
Uma Rodriguez,uma.rodriguez3160@example.com,support,Growth Team,Expand into new markets
Mallory Williams,mallory.williams3161@example.com,engineering,Platform Team,Rebuild the customer portal
Uma White,uma.white3162@example.com,engineering,Platform Team,Rebuild the customer portal
Sybil Robinson,sybil.robinson3163@example.com,engineering,Growth Team,Expand into new markets
Wendy Anderson,wendy.anderson3164@example.com,engineering,Platform Team,Rebuild the customer portal
Ruth Martin,ruth.martin3165@example.com,sales,Data Team,Build the analytics pipeline
Xavier Thomas,xavier.thomas3166@example.com,support,Growth Team,Expand into new markets
Xavier Jones,xavier.jones3167@example.com,engineering,Platform Team,Rebuild the customer portal
Grace Wilson,grace.wilson3168@example.com,support,Data Team,Build the analytics pipeline
Laura Lewis,laura.lewis3169@example.com,sales,Data Team,Build the analytics pipeline
Uma Thompson,uma.thompson3170@example.com,sales,Platform Team,Rebuild the customer portal
Carol Thomas,carol.thomas3171@example.com,support,Mobile Team,Ship the new mobile app
Diana Taylor,diana.taylor3172@example.com,engineering,Platform Team,Rebuild the customer portal
Trent Rodriguez,trent.rodriguez3173@example.com,sales,Growth Team,Expand into new markets
Bob Jackson,bob.jackson3174@example.com,support,Platform Team,Rebuild the customer portal
Grace White,grace.white3175@example.com,sales,Mobile Team,Ship the new mobile app
Victor Moore,victor.moore3176@example.com,engineering,Platform Team,Rebuild the customer portal
Olivia Harris,olivia.harris3177@example.com,support,Mobile Team,Ship the new mobile app
Yolanda Gonzalez,yolanda.gonzalez3178@example.com,support,Mobile Team,Ship the new mobile app
Ivan Miller,ivan.miller3179@example.com,engineering,Growth Team,Expand into new markets
Frank Jackson,frank.jackson3180@example.com,support,Growth Team,Expand into new markets
Wendy Smith,wendy.smith3181@example.com,support,Mobile Team,Ship the new mobile app
Wendy White,wendy.white3182@example.com,sales,Data Team,Build the analytics pipeline
Bianca Davis,bianca.davis3183@example.com,support,Data Team,Build the analytics pipeline
Ivan Moore,ivan.moore3184@example.com,engineering,Platform Team,Rebuild the customer portal
Heidi Johnson,heidi.johnson3185@example.com,sales,Growth Team,Expand into new markets
Bob Lee,bob.lee3186@example.com,sales,Growth Team,Expand into new markets
Diana Jones,diana.jones3187@example.com,engineering,Data Team,Build the analytics pipeline
Uma Davis,uma.davis3188@example.com,support,Growth Team,Expand into new markets
Dave Smith,dave.smith3189@example.com,support,Data Team,Build the analytics pipeline
Trent Lopez,trent.lopez3190@example.com,engineering,Data Team,Build the analytics pipeline
Wendy Lewis,wendy.lewis3191@example.com,support,Data Team,Build the analytics pipeline
Eve Wilson,eve.wilson3192@example.com,sales,Data Team,Build the analytics pipeline
Bob Lee,bob.lee3193@example.com,sales,Platform Team,Rebuild the customer portal
Heidi White,heidi.white3194@example.com,engineering,Data Team,Build the analytics pipeline
Ivan Smith,ivan.smith3195@example.com,support,Platform Team,Rebuild the customer portal
Xavier Thompson,xavier.thompson3196@example.com,support,Mobile Team,Ship the new mobile app
Ivan Ramirez,ivan.ramirez3197@example.com,sales,Growth Team,Expand into new markets
Heidi Hernandez,heidi.hernandez3198@example.com,engineering,Data Team,Build the analytics pipeline
Sybil Lee,sybil.lee3199@example.com,engineering,Mobile Team,Ship the new mobile app
Olivia Davis,olivia.davis3200@example.com,sales,Mobile Team,Ship the new mobile app
Eve Lewis,eve.lewis3201@example.com,engineering,Mobile Team,Ship the new mobile app
Peggy Garcia,peggy.garcia3202@example.com,engineering,Mobile Team,Ship the new mobile app
Amir Ramirez,amir.ramirez3203@example.com,engineering,Growth Team,Expand into new markets
Sybil Thomas,sybil.thomas3204@example.com,support,Growth Team,Expand into new markets
Judy Smith,judy.smith3205@example.com,engineering,Data Team,Build the analytics pipeline
Carlos Garcia,carlos.garcia3206@example.com,support,Mobile Team,Ship the new mobile app
Trent Miller,trent.miller3207@example.com,engineering,Platform Team,Rebuild the customer portal
Carol Wilson,carol.wilson3208@example.com,sales,Growth Team,Expand into new markets
Diana Lee,diana.lee3209@example.com,engineering,Mobile Team,Ship the new mobile app
Xavier Taylor,xavier.taylor3210@example.com,support,Growth Team,Expand into new markets
Yolanda Sanchez,yolanda.sanchez3211@example.com,support,Platform Team,Rebuild the customer portal
Dave Gonzalez,dave.gonzalez3212@example.com,engineering,Mobile Team,Ship the new mobile app
Dave Clark,dave.clark3213@example.com,support,Platform Team,Rebuild the customer portal
Diana Johnson,diana.johnson3214@example.com,engineering,Growth Team,Expand into new markets
Yolanda Williams,yolanda.williams3215@example.com,engineering,Data Team,Build the analytics pipeline
Uma Martin,uma.martin3216@example.com,engineering,Platform Team,Rebuild the customer portal
Zach Brown,zach.brown3217@example.com,support,Data Team,Build the analytics pipeline
Carol Miller,carol.miller3218@example.com,sales,Growth Team,Expand into new markets
Yolanda Jackson,yolanda.jackson3219@example.com,engineering,Mobile Team,Ship the new mobile app
Judy Hernandez,judy.hernandez3220@example.com,engineering,Mobile Team,Ship the new mobile app
Heidi Johnson,heidi.johnson3221@example.com,support,Data Team,Build the analytics pipeline
Ruth Brown,ruth.brown3222@example.com,engineering,Platform Team,Rebuild the customer portal
Dave Moore,dave.moore3223@example.com,engineering,Data Team,Build the analytics pipeline
Quentin Lewis,quentin.lewis3224@example.com,engineering,Mobile Team,Ship the new mobile app
Alice Robinson,alice.robinson3225@example.com,engineering,Growth Team,Expand into new markets
Heidi Wilson,heidi.wilson3226@example.com,engineering,Mobile Team,Ship the new mobile app
Laura Lee,laura.lee3227@example.com,engineering,Data Team,Build the analytics pipeline
Diana Lewis,diana.lewis3228@example.com,support,Mobile Team,Ship the new mobile app
Carlos Thompson,carlos.thompson3229@example.com,sales,Platform Team,Rebuild the customer portal
Frank Brown,frank.brown3230@example.com,engineering,Growth Team,Expand into new markets
Judy Lopez,judy.lopez3231@example.com,support,Platform Team,Rebuild the customer portal
Kevin Brown,kevin.brown3232@example.com,engineering,Data Team,Build the analytics pipeline
Carlos Johnson,carlos.johnson3233@example.com,engineering,Growth Team,Expand into new markets
Niaj Taylor,niaj.taylor3234@example.com,support,Data Team,Build the analytics pipeline
Frank Perez,frank.perez3235@example.com,engineering,Mobile Team,Ship the new mobile app
Carlos Perez,carlos.perez3236@example.com,support,Data Team,Build the analytics pipeline
Amir Martinez,amir.martinez3237@example.com,engineering,Data Team,Build the analytics pipeline
Ivan Robinson,ivan.robinson3238@example.com,support,Mobile Team,Ship the new mobile app
Laura Robinson,laura.robinson3239@example.com,support,Data Team,Build the analytics pipeline
Zach Williams,zach.williams3240@example.com,engineering,Platform Team,Rebuild the customer portal
Yolanda Lee,yolanda.lee3241@example.com,sales,Growth Team,Expand into new markets
Eve Gonzalez,eve.gonzalez3242@example.com,support,Mobile Team,Ship the new mobile app
Zach Sanchez,zach.sanchez3243@example.com,engineering,Mobile Team,Ship the new mobile app
Dave Jackson,dave.jackson3244@example.com,support,Mobile Team,Ship the new mobile app
Ivan Jones,ivan.jones3245@example.com,sales,Platform Team,Rebuild the customer portal
Eve Garcia,eve.garcia3246@example.com,sales,Mobile Team,Ship the new mobile app
Kevin Thomas,kevin.thomas3247@example.com,sales,Mobile Team,Ship the new mobile app
Wendy Wilson,wendy.wilson3248@example.com,engineering,Data Team,Build the analytics pipeline
Zach Lee,zach.lee3249@example.com,sales,Growth Team,Expand into new markets
Niaj Moore,niaj.moore3250@example.com,support,Mobile Team,Ship the new mobile app
Ruth Thomas,ruth.thomas3251@example.com,sales,Growth Team,Expand into new markets
Carol Jackson,carol.jackson3252@example.com,support,Mobile Team,Ship the new mobile app
Sybil Harris,sybil.harris3253@example.com,support,Growth Team,Expand into new markets
Carol Davis,carol.davis3254@example.com,engineering,Data Team,Build the analytics pipeline
Grace Ramirez,grace.ramirez3255@example.com,sales,Platform Team,Rebuild the customer portal
Ruth Thomas,ruth.thomas3256@example.com,engineering,Growth Team,Expand into new markets
Bob Robinson,bob.robinson3257@example.com,sales,Data Team,Build the analytics pipeline
Bianca Ramirez,bianca.ramirez3258@example.com,sales,Growth Team,Expand into new markets
Olivia Jones,olivia.jones3259@example.com,engineering,Mobile Team,Ship the new mobile app
Grace Clark,grace.clark3260@example.com,engineering,Growth Team,Expand into new markets
Xavier Jones,xavier.jones3261@example.com,support,Platform Team,Rebuild the customer portal
Wendy Jones,wendy.jones3262@example.com,support,Mobile Team,Ship the new mobile app
Alice Thompson,alice.thompson3263@example.com,sales,Mobile Team,Ship the new mobile app
Bob Thompson,bob.thompson3264@example.com,support,Platform Team,Rebuild the customer portal
Sybil Williams,sybil.williams3265@example.com,support,Mobile Team,Ship the new mobile app
Bianca Garcia,bianca.garcia3266@example.com,engineering,Platform Team,Rebuild the customer portal
Laura Jones,laura.jones3267@example.com,engineering,Platform Team,Rebuild the customer portal
Carol Smith,carol.smith3268@example.com,engineering,Mobile Team,Ship the new mobile app
Yolanda Garcia,yolanda.garcia3269@example.com,support,Mobile Team,Ship the new mobile app
Eve White,eve.white3270@example.com,sales,Data Team,Build the analytics pipeline
Niaj White,niaj.white3271@example.com,sales,Data Team,Build the analytics pipeline
Zach Lee,zach.lee3272@example.com,sales,Platform Team,Rebuild the customer portal
Dave Jones,dave.jones3273@example.com,support,Platform Team,Rebuild the customer portal
Bob Martin,bob.martin3274@example.com,support,Growth Team,Expand into new markets
Frank Smith,frank.smith3275@example.com,sales,Mobile Team,Ship the new mobile app
Victor Lewis,victor.lewis3276@example.com,support,Mobile Team,Ship the new mobile app
Wendy Clark,wendy.clark3277@example.com,support,Data Team,Build the analytics pipeline
Quentin Martinez,quentin.martinez3278@example.com,sales,Growth Team,Expand into new markets
Diana Garcia,diana.garcia3279@example.com,engineering,Data Team,Build the analytics pipeline
Quentin Gonzalez,quentin.gonzalez3280@example.com,support,Growth Team,Expand into new markets
Grace Gonzalez,grace.gonzalez3281@example.com,engineering,Platform Team,Rebuild the customer portal
Mallory Garcia,mallory.garcia3282@example.com,support,Platform Team,Rebuild the customer portal
Olivia Thomas,olivia.thomas3283@example.com,support,Data Team,Build the analytics pipeline
Uma Gonzalez,uma.gonzalez3284@example.com,engineering,Mobile Team,Ship the new mobile app
Bob Sanchez,bob.sanchez3285@example.com,support,Data Team,Build the analytics pipeline
Niaj Miller,niaj.miller3286@example.com,engineering,Data Team,Build the analytics pipeline
Dave Williams,dave.williams3287@example.com,support,Data Team,Build the analytics pipeline
Yolanda Ramirez,yolanda.ramirez3288@example.com,engineering,Data Team,Build the analytics pipeline
Heidi Martinez,heidi.martinez3289@example.com,support,Growth Team,Expand into new markets
Dave Williams,dave.williams3290@example.com,support,Growth Team,Expand into new markets
Alice Harris,alice.harris3291@example.com,engineering,Data Team,Build the analytics pipeline
Ruth Miller,ruth.miller3292@example.com,engineering,Platform Team,Rebuild the customer portal
Ivan Williams,ivan.williams3293@example.com,support,Platform Team,Rebuild the customer portal
Zach Thomas,zach.thomas3294@example.com,engineering,Platform Team,Rebuild the customer portal
Kevin Williams,kevin.williams3295@example.com,engineering,Data Team,Build the analytics pipeline
Laura Harris,laura.harris3296@example.com,sales,Data Team,Build the analytics pipeline
Quentin Miller,quentin.miller3297@example.com,sales,Data Team,Build the analytics pipeline
Xavier Lopez,xavier.lopez3298@example.com,support,Growth Team,Expand into new markets
Victor Brown,victor.brown3299@example.com,sales,Data Team,Build the analytics pipeline
Carlos White,carlos.white3300@example.com,support,Platform Team,Rebuild the customer portal
Zach Harris,zach.harris3301@example.com,engineering,Growth Team,Expand into new markets
Sybil Sanchez,sybil.sanchez3302@example.com,sales,Mobile Team,Ship the new mobile app
Sybil Ramirez,sybil.ramirez3303@example.com,sales,Platform Team,Rebuild the customer portal
Frank Jones,frank.jones3304@example.com,engineering,Mobile Team,Ship the new mobile app
Carlos Lee,carlos.lee3305@example.com,support,Platform Team,Rebuild the customer portal
Heidi Lewis,heidi.lewis3306@example.com,support,Growth Team,Expand into new markets
Uma Jones,uma.jones3307@example.com,support,Growth Team,Expand into new markets
Quentin White,quentin.white3308@example.com,sales,Data Team,Build the analytics pipeline
Zach Jones,zach.jones3309@example.com,sales,Data Team,Build the analytics pipeline
Laura Martin,laura.martin3310@example.com,engineering,Mobile Team,Ship the new mobile app
Carlos Thompson,carlos.thompson3311@example.com,engineering,Mobile Team,Ship the new mobile app
Grace Martin,grace.martin3312@example.com,engineering,Platform Team,Rebuild the customer portal
Sybil Lee,sybil.lee3313@example.com,engineering,Mobile Team,Ship the new mobile app
Zach Smith,zach.smith3314@example.com,sales,Growth Team,Expand into new markets
Ruth Ramirez,ruth.ramirez3315@example.com,sales,Platform Team,Rebuild the customer portal
Dave Anderson,dave.anderson3316@example.com,engineering,Data Team,Build the analytics pipeline
Diana Martinez,diana.martinez3317@example.com,engineering,Growth Team,Expand into new markets
Ivan Jackson,ivan.jackson3318@example.com,sales,Data Team,Build the analytics pipeline
Carol Williams,carol.williams3319@example.com,support,Growth Team,Expand into new markets
Yolanda Anderson,yolanda.anderson3320@example.com,sales,Data Team,Build the analytics pipeline
Ivan Harris,ivan.harris3321@example.com,support,Mobile Team,Ship the new mobile app
Diana Jones,diana.jones3322@example.com,support,Platform Team,Rebuild the customer portal
Peggy Johnson,peggy.johnson3323@example.com,sales,Data Team,Build the analytics pipeline
Mallory Wilson,mallory.wilson3324@example.com,sales,Growth Team,Expand into new markets
Laura Taylor,laura.taylor3325@example.com,sales,Data Team,Build the analytics pipeline
Carol Perez,carol.perez3326@example.com,support,Mobile Team,Ship the new mobile app
Olivia Rodriguez,olivia.rodriguez3327@example.com,support,Platform Team,Rebuild the customer portal
Uma Johnson,uma.johnson3328@example.com,support,Growth Team,Expand into new markets
Amir Moore,amir.moore3329@example.com,engineering,Platform Team,Rebuild the customer portal
Bianca Brown,bianca.brown3330@example.com,sales,Data Team,Build the analytics pipeline
Frank Jackson,frank.jackson3331@example.com,engineering,Mobile Team,Ship the new mobile app
Heidi Gonzalez,heidi.gonzalez3332@example.com,support,Mobile Team,Ship the new mobile app
Carol Lopez,carol.lopez3333@example.com,sales,Mobile Team,Ship the new mobile app
Uma Moore,uma.moore3334@example.com,engineering,Mobile Team,Ship the new mobile app
Carol Garcia,carol.garcia3335@example.com,sales,Platform Team,Rebuild the customer portal
Yolanda Wilson,yolanda.wilson3336@example.com,sales,Growth Team,Expand into new markets
Kevin Williams,kevin.williams3337@example.com,sales,Data Team,Build the analytics pipeline
Trent Thomas,trent.thomas3338@example.com,support,Growth Team,Expand into new markets
Xavier Thomas,xavier.thomas3339@example.com,sales,Platform Team,Rebuild the customer portal
Olivia Johnson,olivia.johnson3340@example.com,sales,Growth Team,Expand into new markets
Eve Lee,eve.lee3341@example.com,sales,Growth Team,Expand into new markets
Sybil Johnson,sybil.johnson3342@example.com,engineering,Mobile Team,Ship the new mobile app
Diana Sanchez,diana.sanchez3343@example.com,sales,Data Team,Build the analytics pipeline
Peggy Miller,peggy.miller3344@example.com,engineering,Platform Team,Rebuild the customer portal
Bianca Smith,bianca.smith3345@example.com,sales,Mobile Team,Ship the new mobile app
Ivan Lee,ivan.lee3346@example.com,engineering,Growth Team,Expand into new markets
Eve Williams,eve.williams3347@example.com,sales,Data Team,Build the analytics pipeline
Carol Martinez,carol.martinez3348@example.com,sales,Mobile Team,Ship the new mobile app
Quentin Miller,quentin.miller3349@example.com,engineering,Data Team,Build the analytics pipeline
Amir Johnson,amir.johnson3350@example.com,sales,Platform Team,Rebuild the customer portal
Kevin Harris,kevin.harris3351@example.com,engineering,Data Team,Build the analytics pipeline
Grace Lopez,grace.lopez3352@example.com,sales,Mobile Team,Ship the new mobile app
Peggy Moore,peggy.moore3353@example.com,support,Growth Team,Expand into new markets
Niaj Lopez,niaj.lopez3354@example.com,engineering,Mobile Team,Ship the new mobile app
Ruth Sanchez,ruth.sanchez3355@example.com,engineering,Growth Team,Expand into new markets
Xavier Perez,xavier.perez3356@example.com,sales,Growth Team,Expand into new markets
Victor Clark,victor.clark3357@example.com,engineering,Data Team,Build the analytics pipeline
Eve Lewis,eve.lewis3358@example.com,engineering,Mobile Team,Ship the new mobile app
Peggy Ramirez,peggy.ramirez3359@example.com,engineering,Data Team,Build the analytics pipeline
Zach Perez,zach.perez3360@example.com,sales,Mobile Team,Ship the new mobile app
Quentin White,quentin.white3361@example.com,sales,Platform Team,Rebuild the customer portal
Amir Ramirez,amir.ramirez3362@example.com,support,Growth Team,Expand into new markets
Olivia Lee,olivia.lee3363@example.com,engineering,Platform Team,Rebuild the customer portal
Grace White,grace.white3364@example.com,sales,Growth Team,Expand into new markets
Wendy Moore,wendy.moore3365@example.com,support,Growth Team,Expand into new markets
Mallory Miller,mallory.miller3366@example.com,engineering,Data Team,Build the analytics pipeline
Grace Perez,grace.perez3367@example.com,sales,Platform Team,Rebuild the customer portal
Amir Lopez,amir.lopez3368@example.com,sales,Platform Team,Rebuild the customer portal
Carlos Martinez,carlos.martinez3369@example.com,support,Platform Team,Rebuild the customer portal
Peggy Lee,peggy.lee3370@example.com,sales,Mobile Team,Ship the new mobile app
Niaj Lopez,niaj.lopez3371@example.com,support,Data Team,Build the analytics pipeline
Niaj Taylor,niaj.taylor3372@example.com,engineering,Data Team,Build the analytics pipeline
Diana Garcia,diana.garcia3373@example.com,sales,Mobile Team,Ship the new mobile app
Laura Garcia,laura.garcia3374@example.com,support,Growth Team,Expand into new markets
Niaj Gonzalez,niaj.gonzalez3375@example.com,support,Data Team,Build the analytics pipeline
Wendy Perez,wendy.perez3376@example.com,support,Mobile Team,Ship the new mobile app
Judy Thompson,judy.thompson3377@example.com,engineering,Platform Team,Rebuild the customer portal
Zach Clark,zach.clark3378@example.com,engineering,Platform Team,Rebuild the customer portal
Uma Smith,uma.smith3379@example.com,engineering,Mobile Team,Ship the new mobile app
Peggy White,peggy.white3380@example.com,support,Platform Team,Rebuild the customer portal
Olivia Taylor,olivia.taylor3381@example.com,support,Platform Team,Rebuild the customer portal
Judy Ramirez,judy.ramirez3382@example.com,engineering,Mobile Team,Ship the new mobile app
Heidi Harris,heidi.harris3383@example.com,support,Mobile Team,Ship the new mobile app
Mallory Brown,mallory.brown3384@example.com,sales,Growth Team,Expand into new markets
Dave Lopez,dave.lopez3385@example.com,sales,Mobile Team,Ship the new mobile app
Diana Clark,diana.clark3386@example.com,engineering,Mobile Team,Ship the new mobile app
Laura Sanchez,laura.sanchez3387@example.com,support,Growth Team,Expand into new markets
Judy Rodriguez,judy.rodriguez3388@example.com,sales,Data Team,Build the analytics pipeline
Amir Lewis,amir.lewis3389@example.com,support,Mobile Team,Ship the new mobile app
Heidi Smith,heidi.smith3390@example.com,engineering,Mobile Team,Ship the new mobile app
Alice Smith,alice.smith3391@example.com,sales,Growth Team,Expand into new markets
Amir Clark,amir.clark3392@example.com,sales,Data Team,Build the analytics pipeline
Frank Jackson,frank.jackson3393@example.com,engineering,Mobile Team,Ship the new mobile app
Ruth Gonzalez,ruth.gonzalez3394@example.com,support,Growth Team,Expand into new markets
Uma Gonzalez,uma.gonzalez3395@example.com,support,Platform Team,Rebuild the customer portal
Niaj Jones,niaj.jones3396@example.com,support,Mobile Team,Ship the new mobile app
Frank Gonzalez,frank.gonzalez3397@example.com,support,Data Team,Build the analytics pipeline
Frank Wilson,frank.wilson3398@example.com,engineering,Growth Team,Expand into new markets
Wendy Sanchez,wendy.sanchez3399@example.com,support,Growth Team,Expand into new markets
Dave Lee,dave.lee3400@example.com,support,Mobile Team,Ship the new mobile app
Diana Rodriguez,diana.rodriguez3401@example.com,sales,Growth Team,Expand into new markets
Grace Williams,grace.williams3402@example.com,engineering,Platform Team,Rebuild the customer portal
Niaj Smith,niaj.smith3403@example.com,engineering,Growth Team,Expand into new markets
Trent Thompson,trent.thompson3404@example.com,support,Platform Team,Rebuild the customer portal
Mallory Smith,mallory.smith3405@example.com,sales,Growth Team,Expand into new markets
Uma Lee,uma.lee3406@example.com,engineering,Data Team,Build the analytics pipeline
Heidi Lee,heidi.lee3407@example.com,sales,Growth Team,Expand into new markets
Grace Moore,grace.moore3408@example.com,support,Growth Team,Expand into new markets
Yolanda Sanchez,yolanda.sanchez3409@example.com,sales,Mobile Team,Ship the new mobile app
Victor Johnson,victor.johnson3410@example.com,engineering,Data Team,Build the analytics pipeline
Diana Jones,diana.jones3411@example.com,support,Platform Team,Rebuild the customer portal
Sybil Ramirez,sybil.ramirez3412@example.com,engineering,Platform Team,Rebuild the customer portal
Olivia Robinson,olivia.robinson3413@example.com,engineering,Platform Team,Rebuild the customer portal
Eve Martinez,eve.martinez3414@example.com,engineering,Data Team,Build the analytics pipeline
Carol Williams,carol.williams3415@example.com,sales,Mobile Team,Ship the new mobile app
Diana Clark,diana.clark3416@example.com,sales,Growth Team,Expand into new markets
Dave Thomas,dave.thomas3417@example.com,sales,Platform Team,Rebuild the customer portal
Carol Thomas,carol.thomas3418@example.com,engineering,Platform Team,Rebuild the customer portal
Victor Wilson,victor.wilson3419@example.com,sales,Mobile Team,Ship the new mobile app
Uma Robinson,uma.robinson3420@example.com,engineering,Mobile Team,Ship the new mobile app
Frank Martinez,frank.martinez3421@example.com,engineering,Platform Team,Rebuild the customer portal
Victor Jackson,victor.jackson3422@example.com,engineering,Platform Team,Rebuild the customer portal
Kevin Lopez,kevin.lopez3423@example.com,support,Mobile Team,Ship the new mobile app
Trent Moore,trent.moore3424@example.com,engineering,Platform Team,Rebuild the customer portal
Quentin White,quentin.white3425@example.com,engineering,Data Team,Build the analytics pipeline
Grace Martin,grace.martin3426@example.com,support,Platform Team,Rebuild the customer portal
Alice Taylor,alice.taylor3427@example.com,engineering,Growth Team,Expand into new markets
Bianca Lopez,bianca.lopez3428@example.com,engineering,Platform Team,Rebuild the customer portal
Alice Hernandez,alice.hernandez3429@example.com,engineering,Growth Team,Expand into new markets
Carol White,carol.white3430@example.com,sales,Growth Team,Expand into new markets
Ivan Thomas,ivan.thomas3431@example.com,engineering,Growth Team,Expand into new markets
Laura Thompson,laura.thompson3432@example.com,sales,Data Team,Build the analytics pipeline
Xavier Sanchez,xavier.sanchez3433@example.com,sales,Mobile Team,Ship the new mobile app
Quentin Gonzalez,quentin.gonzalez3434@example.com,sales,Growth Team,Expand into new markets
Frank Miller,frank.miller3435@example.com,sales,Data Team,Build the analytics pipeline
Dave Jackson,dave.jackson3436@example.com,engineering,Data Team,Build the analytics pipeline
Zach Miller,zach.miller3437@example.com,sales,Mobile Team,Ship the new mobile app
Carlos Anderson,carlos.anderson3438@example.com,support,Mobile Team,Ship the new mobile app
Xavier Rodriguez,xavier.rodriguez3439@example.com,support,Data Team,Build the analytics pipeline
Dave Martin,dave.martin3440@example.com,sales,Mobile Team,Ship the new mobile app
Grace Jackson,grace.jackson3441@example.com,sales,Data Team,Build the analytics pipeline
Carlos Lee,carlos.lee3442@example.com,sales,Platform Team,Rebuild the customer portal
Frank Lewis,frank.lewis3443@example.com,support,Platform Team,Rebuild the customer portal
Ivan Jackson,ivan.jackson3444@example.com,sales,Mobile Team,Ship the new mobile app
Trent Clark,trent.clark3445@example.com,sales,Data Team,Build the analytics pipeline
Alice Brown,alice.brown3446@example.com,sales,Growth Team,Expand into new markets
Niaj Sanchez,niaj.sanchez3447@example.com,sales,Growth Team,Expand into new markets
Heidi Williams,heidi.williams3448@example.com,support,Growth Team,Expand into new markets
Laura Lopez,laura.lopez3449@example.com,sales,Growth Team,Expand into new markets
Dave Smith,dave.smith3450@example.com,support,Data Team,Build the analytics pipeline
Alice Thompson,alice.thompson3451@example.com,engineering,Data Team,Build the analytics pipeline
Olivia Jackson,olivia.jackson3452@example.com,engineering,Data Team,Build the analytics pipeline
Ruth Williams,ruth.williams3453@example.com,sales,Mobile Team,Ship the new mobile app
Trent Miller,trent.miller3454@example.com,engineering,Growth Team,Expand into new markets
Ruth Rodriguez,ruth.rodriguez3455@example.com,support,Platform Team,Rebuild the customer portal
Carlos Lee,carlos.lee3456@example.com,support,Mobile Team,Ship the new mobile app
Yolanda Wilson,yolanda.wilson3457@example.com,sales,Data Team,Build the analytics pipeline
Grace Miller,grace.miller3458@example.com,sales,Platform Team,Rebuild the customer portal
Peggy Johnson,peggy.johnson3459@example.com,sales,Data Team,Build the analytics pipeline
Dave Brown,dave.brown3460@example.com,engineering,Mobile Team,Ship the new mobile app
Trent Hernandez,trent.hernandez3461@example.com,engineering,Mobile Team,Ship the new mobile app
Sybil Smith,sybil.smith3462@example.com,engineering,Data Team,Build the analytics pipeline
Uma Sanchez,uma.sanchez3463@example.com,sales,Platform Team,Rebuild the customer portal
Judy Jones,judy.jones3464@example.com,engineering,Mobile Team,Ship the new mobile app
Carlos Moore,carlos.moore3465@example.com,sales,Platform Team,Rebuild the customer portal
Uma Smith,uma.smith3466@example.com,sales,Platform Team,Rebuild the customer portal
Dave Clark,dave.clark3467@example.com,support,Mobile Team,Ship the new mobile app
Judy Rodriguez,judy.rodriguez3468@example.com,sales,Data Team,Build the analytics pipeline
Mallory Williams,mallory.williams3469@example.com,sales,Data Team,Build the analytics pipeline
Trent Johnson,trent.johnson3470@example.com,sales,Mobile Team,Ship the new mobile app
Wendy Anderson,wendy.anderson3471@example.com,support,Mobile Team,Ship the new mobile app
Diana Brown,diana.brown3472@example.com,support,Data Team,Build the analytics pipeline
Dave Smith,dave.smith3473@example.com,engineering,Growth Team,Expand into new markets
Amir Smith,amir.smith3474@example.com,engineering,Growth Team,Expand into new markets
Kevin Ramirez,kevin.ramirez3475@example.com,engineering,Mobile Team,Ship the new mobile app
Frank Williams,frank.williams3476@example.com,support,Growth Team,Expand into new markets
Carlos Sanchez,carlos.sanchez3477@example.com,support,Data Team,Build the analytics pipeline
Alice Robinson,alice.robinson3478@example.com,sales,Platform Team,Rebuild the customer portal
Carlos Sanchez,carlos.sanchez3479@example.com,engineering,Platform Team,Rebuild the customer portal
Bob Martinez,bob.martinez3480@example.com,sales,Platform Team,Rebuild the customer portal
Kevin Thompson,kevin.thompson3481@example.com,sales,Mobile Team,Ship the new mobile app
Wendy Garcia,wendy.garcia3482@example.com,support,Growth Team,Expand into new markets
Olivia Brown,olivia.brown3483@example.com,sales,Growth Team,Expand into new markets
Bianca Jones,bianca.jones3484@example.com,support,Mobile Team,Ship the new mobile app
Olivia Perez,olivia.perez3485@example.com,support,Platform Team,Rebuild the customer portal
Quentin Davis,quentin.davis3486@example.com,support,Mobile Team,Ship the new mobile app
Peggy Rodriguez,peggy.rodriguez3487@example.com,support,Data Team,Build the analytics pipeline
Peggy Davis,peggy.davis3488@example.com,sales,Platform Team,Rebuild the customer portal
Yolanda Martinez,yolanda.martinez3489@example.com,sales,Platform Team,Rebuild the customer portal
Ruth Clark,ruth.clark3490@example.com,support,Growth Team,Expand into new markets
Uma White,uma.white3491@example.com,support,Growth Team,Expand into new markets
Carol Williams,carol.williams3492@example.com,engineering,Mobile Team,Ship the new mobile app
Grace Smith,grace.smith3493@example.com,sales,Growth Team,Expand into new markets
Amir Gonzalez,amir.gonzalez3494@example.com,sales,Growth Team,Expand into new markets
Dave Hernandez,dave.hernandez3495@example.com,support,Growth Team,Expand into new markets
Yolanda Taylor,yolanda.taylor3496@example.com,sales,Data Team,Build the analytics pipeline
Wendy Anderson,wendy.anderson3497@example.com,support,Growth Team,Expand into new markets
Dave Robinson,dave.robinson3498@example.com,engineering,Growth Team,Expand into new markets
Diana Lopez,diana.lopez3499@example.com,sales,Mobile Team,Ship the new mobile app
Bianca Martin,bianca.martin3500@example.com,sales,Growth Team,Expand into new markets
Grace Williams,grace.williams3501@example.com,sales,Data Team,Build the analytics pipeline
Frank Perez,frank.perez3502@example.com,support,Data Team,Build the analytics pipeline
Uma Brown,uma.brown3503@example.com,sales,Growth Team,Expand into new markets
Carlos Brown,carlos.brown3504@example.com,engineering,Platform Team,Rebuild the customer portal
Alice Lewis,alice.lewis3505@example.com,engineering,Mobile Team,Ship the new mobile app
Ivan Smith,ivan.smith3506@example.com,support,Mobile Team,Ship the new mobile app
Quentin Anderson,quentin.anderson3507@example.com,sales,Data Team,Build the analytics pipeline
Dave Robinson,dave.robinson3508@example.com,sales,Platform Team,Rebuild the customer portal
Niaj Miller,niaj.miller3509@example.com,sales,Growth Team,Expand into new markets
Quentin Wilson,quentin.wilson3510@example.com,engineering,Data Team,Build the analytics pipeline
Olivia Rodriguez,olivia.rodriguez3511@example.com,engineering,Data Team,Build the analytics pipeline
Bob Lee,bob.lee3512@example.com,support,Mobile Team,Ship the new mobile app
Diana Wilson,diana.wilson3513@example.com,sales,Growth Team,Expand into new markets
Grace Gonzalez,grace.gonzalez3514@example.com,support,Growth Team,Expand into new markets
Ivan Taylor,ivan.taylor3515@example.com,support,Mobile Team,Ship the new mobile app
Niaj Brown,niaj.brown3516@example.com,support,Platform Team,Rebuild the customer portal
Heidi Brown,heidi.brown3517@example.com,engineering,Growth Team,Expand into new markets
Bob Lewis,bob.lewis3518@example.com,support,Platform Team,Rebuild the customer portal
Ivan Davis,ivan.davis3519@example.com,support,Platform Team,Rebuild the customer portal
Dave Rodriguez,dave.rodriguez3520@example.com,support,Growth Team,Expand into new markets
Wendy Thompson,wendy.thompson3521@example.com,sales,Mobile Team,Ship the new mobile app
Mallory Brown,mallory.brown3522@example.com,support,Growth Team,Expand into new markets
Amir Lewis,amir.lewis3523@example.com,sales,Data Team,Build the analytics pipeline
Grace Garcia,grace.garcia3524@example.com,sales,Growth Team,Expand into new markets
Uma Martinez,uma.martinez3525@example.com,support,Data Team,Build the analytics pipeline
Alice Brown,alice.brown3526@example.com,support,Growth Team,Expand into new markets
Diana Thompson,diana.thompson3527@example.com,support,Mobile Team,Ship the new mobile app
Judy Ramirez,judy.ramirez3528@example.com,engineering,Growth Team,Expand into new markets
Kevin Perez,kevin.perez3529@example.com,engineering,Platform Team,Rebuild the customer portal
Frank Hernandez,frank.hernandez3530@example.com,engineering,Mobile Team,Ship the new mobile app
Alice Perez,alice.perez3531@example.com,sales,Mobile Team,Ship the new mobile app
Kevin Smith,kevin.smith3532@example.com,sales,Growth Team,Expand into new markets
Carlos Williams,carlos.williams3533@example.com,support,Growth Team,Expand into new markets
Yolanda Ramirez,yolanda.ramirez3534@example.com,support,Platform Team,Rebuild the customer portal
Laura Thomas,laura.thomas3535@example.com,sales,Platform Team,Rebuild the customer portal
Bianca Davis,bianca.davis3536@example.com,engineering,Mobile Team,Ship the new mobile app
Bob Clark,bob.clark3537@example.com,support,Platform Team,Rebuild the customer portal
Victor Martinez,victor.martinez3538@example.com,support,Growth Team,Expand into new markets
Quentin Garcia,quentin.garcia3539@example.com,engineering,Growth Team,Expand into new markets
Dave Martinez,dave.martinez3540@example.com,sales,Data Team,Build the analytics pipeline
Peggy White,peggy.white3541@example.com,support,Data Team,Build the analytics pipeline
Ivan Perez,ivan.perez3542@example.com,sales,Mobile Team,Ship the new mobile app
Laura Anderson,laura.anderson3543@example.com,sales,Platform Team,Rebuild the customer portal
Judy Thompson,judy.thompson3544@example.com,support,Data Team,Build the analytics pipeline
Yolanda Perez,yolanda.perez3545@example.com,engineering,Mobile Team,Ship the new mobile app
Ivan Perez,ivan.perez3546@example.com,engineering,Platform Team,Rebuild the customer portal
Niaj Ramirez,niaj.ramirez3547@example.com,support,Growth Team,Expand into new markets
Eve Lopez,eve.lopez3548@example.com,engineering,Mobile Team,Ship the new mobile app
Heidi Jackson,heidi.jackson3549@example.com,sales,Mobile Team,Ship the new mobile app
Grace White,grace.white3550@example.com,engineering,Platform Team,Rebuild the customer portal
Diana Gonzalez,diana.gonzalez3551@example.com,sales,Platform Team,Rebuild the customer portal
Carlos Lee,carlos.lee3552@example.com,support,Mobile Team,Ship the new mobile app
Frank Rodriguez,frank.rodriguez3553@example.com,sales,Data Team,Build the analytics pipeline
Mallory Jackson,mallory.jackson3554@example.com,sales,Mobile Team,Ship the new mobile app
Judy Miller,judy.miller3555@example.com,support,Platform Team,Rebuild the customer portal
Quentin Thompson,quentin.thompson3556@example.com,support,Data Team,Build the analytics pipeline
Dave Wilson,dave.wilson3557@example.com,support,Mobile Team,Ship the new mobile app
Zach Sanchez,zach.sanchez3558@example.com,sales,Data Team,Build the analytics pipeline
Dave Smith,dave.smith3559@example.com,support,Mobile Team,Ship the new mobile app
Eve Anderson,eve.anderson3560@example.com,support,Growth Team,Expand into new markets
Judy Martin,judy.martin3561@example.com,sales,Growth Team,Expand into new markets
Peggy Martinez,peggy.martinez3562@example.com,sales,Platform Team,Rebuild the customer portal
Alice Anderson,alice.anderson3563@example.com,engineering,Platform Team,Rebuild the customer portal
Judy Clark,judy.clark3564@example.com,engineering,Platform Team,Rebuild the customer portal
Peggy Martinez,peggy.martinez3565@example.com,sales,Platform Team,Rebuild the customer portal
Laura Perez,laura.perez3566@example.com,engineering,Platform Team,Rebuild the customer portal
Ivan Jones,ivan.jones3567@example.com,sales,Data Team,Build the analytics pipeline
Zach Ramirez,zach.ramirez3568@example.com,engineering,Growth Team,Expand into new markets
Wendy Rodriguez,wendy.rodriguez3569@example.com,support,Growth Team,Expand into new markets
Grace Wilson,grace.wilson3570@example.com,sales,Platform Team,Rebuild the customer portal
Heidi Johnson,heidi.johnson3571@example.com,sales,Mobile Team,Ship the new mobile app
Heidi Sanchez,heidi.sanchez3572@example.com,sales,Mobile Team,Ship the new mobile app
Mallory Lewis,mallory.lewis3573@example.com,sales,Platform Team,Rebuild the customer portal
Diana Martinez,diana.martinez3574@example.com,engineering,Data Team,Build the analytics pipeline
Sybil Wilson,sybil.wilson3575@example.com,support,Data Team,Build the analytics pipeline
Eve Perez,eve.perez3576@example.com,sales,Growth Team,Expand into new markets
Eve Wilson,eve.wilson3577@example.com,sales,Growth Team,Expand into new markets
Judy Williams,judy.williams3578@example.com,support,Data Team,Build the analytics pipeline
Diana Lee,diana.lee3579@example.com,support,Mobile Team,Ship the new mobile app
Frank Gonzalez,frank.gonzalez3580@example.com,engineering,Mobile Team,Ship the new mobile app
Eve Taylor,eve.taylor3581@example.com,support,Mobile Team,Ship the new mobile app
Kevin Taylor,kevin.taylor3582@example.com,sales,Data Team,Build the analytics pipeline
Laura Wilson,laura.wilson3583@example.com,sales,Mobile Team,Ship the new mobile app
Niaj Anderson,niaj.anderson3584@example.com,support,Platform Team,Rebuild the customer portal
Alice Harris,alice.harris3585@example.com,engineering,Mobile Team,Ship the new mobile app
Yolanda Jones,yolanda.jones3586@example.com,engineering,Data Team,Build the analytics pipeline
Sybil Taylor,sybil.taylor3587@example.com,engineering,Data Team,Build the analytics pipeline
Trent Moore,trent.moore3588@example.com,engineering,Data Team,Build the analytics pipeline
Yolanda Ramirez,yolanda.ramirez3589@example.com,engineering,Mobile Team,Ship the new mobile app
Mallory Perez,mallory.perez3590@example.com,sales,Platform Team,Rebuild the customer portal
Zach Harris,zach.harris3591@example.com,engineering,Mobile Team,Ship the new mobile app
Carol Johnson,carol.johnson3592@example.com,support,Data Team,Build the analytics pipeline
Dave Hernandez,dave.hernandez3593@example.com,sales,Platform Team,Rebuild the customer portal
Sybil Thomas,sybil.thomas3594@example.com,engineering,Data Team,Build the analytics pipeline
Dave White,dave.white3595@example.com,support,Platform Team,Rebuild the customer portal
Grace Taylor,grace.taylor3596@example.com,support,Growth Team,Expand into new markets
Xavier Thomas,xavier.thomas3597@example.com,engineering,Growth Team,Expand into new markets
Carlos Perez,carlos.perez3598@example.com,sales,Growth Team,Expand into new markets
Uma Martinez,uma.martinez3599@example.com,sales,Platform Team,Rebuild the customer portal
Trent Thompson,trent.thompson3600@example.com,engineering,Growth Team,Expand into new markets
Carol Smith,carol.smith3601@example.com,support,Growth Team,Expand into new markets
Carlos Brown,carlos.brown3602@example.com,engineering,Platform Team,Rebuild the customer portal
Grace Brown,grace.brown3603@example.com,engineering,Mobile Team,Ship the new mobile app
Amir Taylor,amir.taylor3604@example.com,sales,Mobile Team,Ship the new mobile app
Bob Robinson,bob.robinson3605@example.com,sales,Platform Team,Rebuild the customer portal
Mallory Thomas,mallory.thomas3606@example.com,engineering,Growth Team,Expand into new markets
Amir Ramirez,amir.ramirez3607@example.com,support,Data Team,Build the analytics pipeline
Victor Anderson,victor.anderson3608@example.com,sales,Platform Team,Rebuild the customer portal
Eve Lee,eve.lee3609@example.com,engineering,Platform Team,Rebuild the customer portal
Eve Clark,eve.clark3610@example.com,engineering,Growth Team,Expand into new markets
Quentin White,quentin.white3611@example.com,sales,Growth Team,Expand into new markets
Peggy Martinez,peggy.martinez3612@example.com,support,Data Team,Build the analytics pipeline
Dave Jackson,dave.jackson3613@example.com,sales,Mobile Team,Ship the new mobile app
Victor Rodriguez,victor.rodriguez3614@example.com,sales,Mobile Team,Ship the new mobile app
Wendy Sanchez,wendy.sanchez3615@example.com,sales,Platform Team,Rebuild the customer portal
Niaj Clark,niaj.clark3616@example.com,engineering,Mobile Team,Ship the new mobile app
Alice Martinez,alice.martinez3617@example.com,engineering,Mobile Team,Ship the new mobile app
Sybil Gonzalez,sybil.gonzalez3618@example.com,support,Platform Team,Rebuild the customer portal
Judy Johnson,judy.johnson3619@example.com,engineering,Mobile Team,Ship the new mobile app
Diana Robinson,diana.robinson3620@example.com,engineering,Data Team,Build the analytics pipeline
Olivia Lewis,olivia.lewis3621@example.com,sales,Mobile Team,Ship the new mobile app
Alice Garcia,alice.garcia3622@example.com,support,Data Team,Build the analytics pipeline
Bianca Ramirez,bianca.ramirez3623@example.com,sales,Growth Team,Expand into new markets
Carlos Thompson,carlos.thompson3624@example.com,support,Mobile Team,Ship the new mobile app
Carol Garcia,carol.garcia3625@example.com,sales,Growth Team,Expand into new markets
Uma White,uma.white3626@example.com,sales,Data Team,Build the analytics pipeline
Wendy Ramirez,wendy.ramirez3627@example.com,sales,Growth Team,Expand into new markets
Zach Harris,zach.harris3628@example.com,sales,Data Team,Build the analytics pipeline
Carol Robinson,carol.robinson3629@example.com,sales,Mobile Team,Ship the new mobile app
Peggy Martin,peggy.martin3630@example.com,support,Growth Team,Expand into new markets
Wendy Robinson,wendy.robinson3631@example.com,engineering,Data Team,Build the analytics pipeline
Wendy Hernandez,wendy.hernandez3632@example.com,support,Data Team,Build the analytics pipeline
Trent Clark,trent.clark3633@example.com,engineering,Mobile Team,Ship the new mobile app
Bob Smith,bob.smith3634@example.com,engineering,Growth Team,Expand into new markets
Dave Perez,dave.perez3635@example.com,sales,Platform Team,Rebuild the customer portal
Diana Perez,diana.perez3636@example.com,sales,Mobile Team,Ship the new mobile app
Yolanda Davis,yolanda.davis3637@example.com,engineering,Growth Team,Expand into new markets
Carlos Lewis,carlos.lewis3638@example.com,support,Growth Team,Expand into new markets
Carlos Gonzalez,carlos.gonzalez3639@example.com,engineering,Mobile Team,Ship the new mobile app
Bob Martin,bob.martin3640@example.com,engineering,Data Team,Build the analytics pipeline
Bob Ramirez,bob.ramirez3641@example.com,sales,Platform Team,Rebuild the customer portal
Yolanda Lopez,yolanda.lopez3642@example.com,engineering,Platform Team,Rebuild the customer portal
Kevin Brown,kevin.brown3643@example.com,sales,Mobile Team,Ship the new mobile app
Eve Lee,eve.lee3644@example.com,engineering,Growth Team,Expand into new markets
Ivan Thomas,ivan.thomas3645@example.com,support,Mobile Team,Ship the new mobile app
Judy Davis,judy.davis3646@example.com,support,Growth Team,Expand into new markets
Frank Wilson,frank.wilson3647@example.com,engineering,Growth Team,Expand into new markets
Sybil Smith,sybil.smith3648@example.com,engineering,Platform Team,Rebuild the customer portal
Bob Sanchez,bob.sanchez3649@example.com,engineering,Growth Team,Expand into new markets
Laura Harris,laura.harris3650@example.com,support,Mobile Team,Ship the new mobile app
Ruth Ramirez,ruth.ramirez3651@example.com,sales,Platform Team,Rebuild the customer portal
Frank Perez,frank.perez3652@example.com,engineering,Mobile Team,Ship the new mobile app
Amir Miller,amir.miller3653@example.com,support,Mobile Team,Ship the new mobile app
Laura Lopez,laura.lopez3654@example.com,engineering,Growth Team,Expand into new markets
Olivia Wilson,olivia.wilson3655@example.com,engineering,Mobile Team,Ship the new mobile app
Sybil Williams,sybil.williams3656@example.com,support,Growth Team,Expand into new markets
Judy Brown,judy.brown3657@example.com,sales,Platform Team,Rebuild the customer portal
Heidi Johnson,heidi.johnson3658@example.com,engineering,Data Team,Build the analytics pipeline
Heidi Clark,heidi.clark3659@example.com,sales,Data Team,Build the analytics pipeline
Mallory Thompson,mallory.thompson3660@example.com,engineering,Data Team,Build the analytics pipeline
Bianca Ramirez,bianca.ramirez3661@example.com,sales,Growth Team,Expand into new markets
Carol Moore,carol.moore3662@example.com,support,Growth Team,Expand into new markets
Diana Martin,diana.martin3663@example.com,sales,Data Team,Build the analytics pipeline
Trent Johnson,trent.johnson3664@example.com,support,Platform Team,Rebuild the customer portal
Peggy Robinson,peggy.robinson3665@example.com,support,Data Team,Build the analytics pipeline
Alice Johnson,alice.johnson3666@example.com,sales,Data Team,Build the analytics pipeline
Ivan Miller,ivan.miller3667@example.com,engineering,Data Team,Build the analytics pipeline
Eve Miller,eve.miller3668@example.com,support,Data Team,Build the analytics pipeline
Diana Lewis,diana.lewis3669@example.com,engineering,Platform Team,Rebuild the customer portal
Peggy Williams,peggy.williams3670@example.com,sales,Platform Team,Rebuild the customer portal
Carol Wilson,carol.wilson3671@example.com,support,Platform Team,Rebuild the customer portal
Peggy Jones,peggy.jones3672@example.com,support,Data Team,Build the analytics pipeline
Bob Brown,bob.brown3673@example.com,sales,Platform Team,Rebuild the customer portal
Quentin Davis,quentin.davis3674@example.com,sales,Data Team,Build the analytics pipeline
Peggy Martinez,peggy.martinez3675@example.com,engineering,Growth Team,Expand into new markets
Diana Johnson,diana.johnson3676@example.com,engineering,Platform Team,Rebuild the customer portal
Ruth Martin,ruth.martin3677@example.com,support,Mobile Team,Ship the new mobile app
Victor White,victor.white3678@example.com,support,Platform Team,Rebuild the customer portal
Peggy Johnson,peggy.johnson3679@example.com,sales,Mobile Team,Ship the new mobile app
Wendy Jones,wendy.jones3680@example.com,support,Mobile Team,Ship the new mobile app
Niaj Moore,niaj.moore3681@example.com,engineering,Growth Team,Expand into new markets
Olivia Brown,olivia.brown3682@example.com,sales,Data Team,Build the analytics pipeline
Grace Hernandez,grace.hernandez3683@example.com,engineering,Mobile Team,Ship the new mobile app
Heidi Davis,heidi.davis3684@example.com,support,Platform Team,Rebuild the customer portal
Alice Davis,alice.davis3685@example.com,support,Mobile Team,Ship the new mobile app
Yolanda Lewis,yolanda.lewis3686@example.com,engineering,Platform Team,Rebuild the customer portal
Bianca White,bianca.white3687@example.com,engineering,Growth Team,Expand into new markets
Carol Johnson,carol.johnson3688@example.com,sales,Growth Team,Expand into new markets
Frank Martinez,frank.martinez3689@example.com,sales,Platform Team,Rebuild the customer portal
Laura Martin,laura.martin3690@example.com,sales,Growth Team,Expand into new markets
Eve Martin,eve.martin3691@example.com,sales,Mobile Team,Ship the new mobile app
Victor Brown,victor.brown3692@example.com,engineering,Platform Team,Rebuild the customer portal
Ivan Moore,ivan.moore3693@example.com,sales,Growth Team,Expand into new markets
Wendy White,wendy.white3694@example.com,engineering,Data Team,Build the analytics pipeline
Olivia Thompson,olivia.thompson3695@example.com,sales,Data Team,Build the analytics pipeline
Yolanda Moore,yolanda.moore3696@example.com,support,Data Team,Build the analytics pipeline
Heidi Taylor,heidi.taylor3697@example.com,sales,Data Team,Build the analytics pipeline
Wendy Moore,wendy.moore3698@example.com,engineering,Platform Team,Rebuild the customer portal
Laura Lewis,laura.lewis3699@example.com,support,Mobile Team,Ship the new mobile app
Trent Thomas,trent.thomas3700@example.com,engineering,Data Team,Build the analytics pipeline
Grace Robinson,grace.robinson3701@example.com,support,Growth Team,Expand into new markets
Heidi Martinez,heidi.martinez3702@example.com,engineering,Growth Team,Expand into new markets
Laura White,laura.white3703@example.com,engineering,Growth Team,Expand into new markets
Heidi Thompson,heidi.thompson3704@example.com,support,Mobile Team,Ship the new mobile app
Yolanda Anderson,yolanda.anderson3705@example.com,engineering,Platform Team,Rebuild the customer portal
Peggy Clark,peggy.clark3706@example.com,sales,Platform Team,Rebuild the customer portal
Ivan Jackson,ivan.jackson3707@example.com,sales,Mobile Team,Ship the new mobile app
Amir Williams,amir.williams3708@example.com,sales,Platform Team,Rebuild the customer portal
Bianca Martin,bianca.martin3709@example.com,sales,Mobile Team,Ship the new mobile app
Alice Ramirez,alice.ramirez3710@example.com,sales,Mobile Team,Ship the new mobile app
Olivia Johnson,olivia.johnson3711@example.com,engineering,Growth Team,Expand into new markets
Mallory Garcia,mallory.garcia3712@example.com,support,Mobile Team,Ship the new mobile app
Bob Perez,bob.perez3713@example.com,engineering,Data Team,Build the analytics pipeline
Ruth Harris,ruth.harris3714@example.com,engineering,Data Team,Build the analytics pipeline
Diana Martin,diana.martin3715@example.com,sales,Data Team,Build the analytics pipeline
Zach Harris,zach.harris3716@example.com,engineering,Growth Team,Expand into new markets
Kevin White,kevin.white3717@example.com,sales,Mobile Team,Ship the new mobile app
Zach White,zach.white3718@example.com,engineering,Platform Team,Rebuild the customer portal
Ruth Gonzalez,ruth.gonzalez3719@example.com,support,Data Team,Build the analytics pipeline
Olivia Wilson,olivia.wilson3720@example.com,engineering,Data Team,Build the analytics pipeline
Mallory Anderson,mallory.anderson3721@example.com,engineering,Growth Team,Expand into new markets
Diana Smith,diana.smith3722@example.com,support,Data Team,Build the analytics pipeline
Ivan Williams,ivan.williams3723@example.com,support,Growth Team,Expand into new markets
Judy Hernandez,judy.hernandez3724@example.com,engineering,Mobile Team,Ship the new mobile app
Trent Rodriguez,trent.rodriguez3725@example.com,sales,Data Team,Build the analytics pipeline
Victor Rodriguez,victor.rodriguez3726@example.com,engineering,Platform Team,Rebuild the customer portal
Judy Jackson,judy.jackson3727@example.com,sales,Data Team,Build the analytics pipeline
Bianca Garcia,bianca.garcia3728@example.com,sales,Mobile Team,Ship the new mobile app
Alice Anderson,alice.anderson3729@example.com,sales,Platform Team,Rebuild the customer portal
Bob Lopez,bob.lopez3730@example.com,support,Mobile Team,Ship the new mobile app
Bianca Moore,bianca.moore3731@example.com,sales,Growth Team,Expand into new markets
Bob Jackson,bob.jackson3732@example.com,sales,Platform Team,Rebuild the customer portal
Carlos Martin,carlos.martin3733@example.com,engineering,Data Team,Build the analytics pipeline
Olivia Garcia,olivia.garcia3734@example.com,sales,Data Team,Build the analytics pipeline
Ivan Ramirez,ivan.ramirez3735@example.com,engineering,Mobile Team,Ship the new mobile app
Heidi Lee,heidi.lee3736@example.com,engineering,Growth Team,Expand into new markets
Bianca Martin,bianca.martin3737@example.com,engineering,Platform Team,Rebuild the customer portal
Dave Lee,dave.lee3738@example.com,engineering,Platform Team,Rebuild the customer portal
Victor Taylor,victor.taylor3739@example.com,support,Mobile Team,Ship the new mobile app
Kevin Johnson,kevin.johnson3740@example.com,engineering,Growth Team,Expand into new markets
Wendy Rodriguez,wendy.rodriguez3741@example.com,engineering,Data Team,Build the analytics pipeline
Victor Ramirez,victor.ramirez3742@example.com,support,Data Team,Build the analytics pipeline
Wendy Johnson,wendy.johnson3743@example.com,sales,Growth Team,Expand into new markets
Dave Williams,dave.williams3744@example.com,engineering,Mobile Team,Ship the new mobile app
Quentin Williams,quentin.williams3745@example.com,engineering,Growth Team,Expand into new markets
Kevin Jackson,kevin.jackson3746@example.com,support,Data Team,Build the analytics pipeline
Niaj Williams,niaj.williams3747@example.com,sales,Mobile Team,Ship the new mobile app
Eve Smith,eve.smith3748@example.com,support,Data Team,Build the analytics pipeline
Zach Lopez,zach.lopez3749@example.com,sales,Data Team,Build the analytics pipeline
Carlos Lee,carlos.lee3750@example.com,sales,Data Team,Build the analytics pipeline
Judy Martin,judy.martin3751@example.com,engineering,Platform Team,Rebuild the customer portal
Laura Johnson,laura.johnson3752@example.com,engineering,Data Team,Build the analytics pipeline
Diana Jackson,diana.jackson3753@example.com,engineering,Platform Team,Rebuild the customer portal
Trent Miller,trent.miller3754@example.com,support,Data Team,Build the analytics pipeline
Wendy Harris,wendy.harris3755@example.com,engineering,Data Team,Build the analytics pipeline
Mallory Clark,mallory.clark3756@example.com,support,Platform Team,Rebuild the customer portal
Xavier Jones,xavier.jones3757@example.com,support,Mobile Team,Ship the new mobile app
Carol Williams,carol.williams3758@example.com,support,Growth Team,Expand into new markets
Quentin Jackson,quentin.jackson3759@example.com,support,Mobile Team,Ship the new mobile app
Xavier Brown,xavier.brown3760@example.com,support,Platform Team,Rebuild the customer portal
Peggy Perez,peggy.perez3761@example.com,sales,Mobile Team,Ship the new mobile app
Ivan Miller,ivan.miller3762@example.com,engineering,Data Team,Build the analytics pipeline
Kevin Davis,kevin.davis3763@example.com,engineering,Data Team,Build the analytics pipeline
Olivia Hernandez,olivia.hernandez3764@example.com,support,Platform Team,Rebuild the customer portal
Heidi Anderson,heidi.anderson3765@example.com,sales,Mobile Team,Ship the new mobile app
Carol Lopez,carol.lopez3766@example.com,sales,Platform Team,Rebuild the customer portal
Uma Thomas,uma.thomas3767@example.com,sales,Growth Team,Expand into new markets
Zach Wilson,zach.wilson3768@example.com,support,Growth Team,Expand into new markets
Amir Clark,amir.clark3769@example.com,support,Growth Team,Expand into new markets
Heidi Harris,heidi.harris3770@example.com,support,Mobile Team,Ship the new mobile app
Sybil Perez,sybil.perez3771@example.com,support,Growth Team,Expand into new markets
Ivan Sanchez,ivan.sanchez3772@example.com,sales,Data Team,Build the analytics pipeline
Kevin Brown,kevin.brown3773@example.com,sales,Platform Team,Rebuild the customer portal
Niaj Taylor,niaj.taylor3774@example.com,support,Growth Team,Expand into new markets
Peggy Lee,peggy.lee3775@example.com,engineering,Growth Team,Expand into new markets
Carlos Anderson,carlos.anderson3776@example.com,engineering,Platform Team,Rebuild the customer portal
Dave Wilson,dave.wilson3777@example.com,support,Data Team,Build the analytics pipeline
Wendy Robinson,wendy.robinson3778@example.com,support,Mobile Team,Ship the new mobile app
Dave Jones,dave.jones3779@example.com,sales,Platform Team,Rebuild the customer portal
Alice Thompson,alice.thompson3780@example.com,engineering,Growth Team,Expand into new markets
Eve Taylor,eve.taylor3781@example.com,sales,Mobile Team,Ship the new mobile app
Laura Jones,laura.jones3782@example.com,support,Mobile Team,Ship the new mobile app
Ruth Davis,ruth.davis3783@example.com,engineering,Data Team,Build the analytics pipeline
Kevin Lewis,kevin.lewis3784@example.com,support,Data Team,Build the analytics pipeline
Trent Martin,trent.martin3785@example.com,support,Platform Team,Rebuild the customer portal
Bob Williams,bob.williams3786@example.com,sales,Data Team,Build the analytics pipeline
Diana Wilson,diana.wilson3787@example.com,support,Mobile Team,Ship the new mobile app
Amir Wilson,amir.wilson3788@example.com,sales,Data Team,Build the analytics pipeline
Wendy Jones,wendy.jones3789@example.com,support,Growth Team,Expand into new markets
Yolanda Jackson,yolanda.jackson3790@example.com,engineering,Platform Team,Rebuild the customer portal
Carlos Smith,carlos.smith3791@example.com,support,Data Team,Build the analytics pipeline
Uma Anderson,uma.anderson3792@example.com,sales,Mobile Team,Ship the new mobile app
Olivia Garcia,olivia.garcia3793@example.com,engineering,Data Team,Build the analytics pipeline
Heidi Martinez,heidi.martinez3794@example.com,sales,Mobile Team,Ship the new mobile app
Bob Jackson,bob.jackson3795@example.com,sales,Mobile Team,Ship the new mobile app
Kevin Gonzalez,kevin.gonzalez3796@example.com,engineering,Data Team,Build the analytics pipeline
Eve Johnson,eve.johnson3797@example.com,sales,Growth Team,Expand into new markets
Quentin Rodriguez,quentin.rodriguez3798@example.com,engineering,Data Team,Build the analytics pipeline
Laura Martinez,laura.martinez3799@example.com,engineering,Growth Team,Expand into new markets
Judy Rodriguez,judy.rodriguez3800@example.com,sales,Mobile Team,Ship the new mobile app
Heidi Lewis,heidi.lewis3801@example.com,sales,Growth Team,Expand into new markets
Diana Rodriguez,diana.rodriguez3802@example.com,engineering,Platform Team,Rebuild the customer portal
Victor Rodriguez,victor.rodriguez3803@example.com,engineering,Growth Team,Expand into new markets
Grace Moore,grace.moore3804@example.com,engineering,Growth Team,Expand into new markets
Trent Lewis,trent.lewis3805@example.com,support,Platform Team,Rebuild the customer portal
Ruth Sanchez,ruth.sanchez3806@example.com,engineering,Growth Team,Expand into new markets
Peggy Clark,peggy.clark3807@example.com,sales,Platform Team,Rebuild the customer portal
Grace Martinez,grace.martinez3808@example.com,support,Mobile Team,Ship the new mobile app
Olivia Taylor,olivia.taylor3809@example.com,sales,Growth Team,Expand into new markets
Judy Robinson,judy.robinson3810@example.com,support,Platform Team,Rebuild the customer portal
Wendy Robinson,wendy.robinson3811@example.com,sales,Platform Team,Rebuild the customer portal
Carlos Wilson,carlos.wilson3812@example.com,sales,Mobile Team,Ship the new mobile app
Carol Ramirez,carol.ramirez3813@example.com,sales,Growth Team,Expand into new markets
Xavier Perez,xavier.perez3814@example.com,sales,Platform Team,Rebuild the customer portal
Zach Williams,zach.williams3815@example.com,support,Growth Team,Expand into new markets
Carol Hernandez,carol.hernandez3816@example.com,support,Growth Team,Expand into new markets
Kevin Rodriguez,kevin.rodriguez3817@example.com,support,Mobile Team,Ship the new mobile app
Xavier Taylor,xavier.taylor3818@example.com,support,Platform Team,Rebuild the customer portal
Wendy Hernandez,wendy.hernandez3819@example.com,sales,Platform Team,Rebuild the customer portal
Dave Robinson,dave.robinson3820@example.com,engineering,Data Team,Build the analytics pipeline
Amir Moore,amir.moore3821@example.com,support,Platform Team,Rebuild the customer portal
Uma Smith,uma.smith3822@example.com,engineering,Growth Team,Expand into new markets
Sybil Gonzalez,sybil.gonzalez3823@example.com,support,Growth Team,Expand into new markets
Grace Rodriguez,grace.rodriguez3824@example.com,engineering,Mobile Team,Ship the new mobile app
Peggy Clark,peggy.clark3825@example.com,support,Growth Team,Expand into new markets
Peggy Martinez,peggy.martinez3826@example.com,engineering,Growth Team,Expand into new markets
Uma Lewis,uma.lewis3827@example.com,support,Platform Team,Rebuild the customer portal
Bianca White,bianca.white3828@example.com,engineering,Growth Team,Expand into new markets
Niaj Williams,niaj.williams3829@example.com,support,Mobile Team,Ship the new mobile app
Trent Miller,trent.miller3830@example.com,engineering,Growth Team,Expand into new markets
Niaj Thompson,niaj.thompson3831@example.com,support,Data Team,Build the analytics pipeline
Mallory Lee,mallory.lee3832@example.com,support,Growth Team,Expand into new markets
Laura Thomas,laura.thomas3833@example.com,sales,Growth Team,Expand into new markets
Amir Davis,amir.davis3834@example.com,support,Data Team,Build the analytics pipeline
Peggy Thomas,peggy.thomas3835@example.com,support,Mobile Team,Ship the new mobile app
Laura Moore,laura.moore3836@example.com,sales,Mobile Team,Ship the new mobile app
Dave Davis,dave.davis3837@example.com,sales,Platform Team,Rebuild the customer portal
Niaj Anderson,niaj.anderson3838@example.com,engineering,Data Team,Build the analytics pipeline
Victor Wilson,victor.wilson3839@example.com,engineering,Platform Team,Rebuild the customer portal
Olivia Hernandez,olivia.hernandez3840@example.com,sales,Platform Team,Rebuild the customer portal
Wendy Gonzalez,wendy.gonzalez3841@example.com,sales,Growth Team,Expand into new markets
Amir Sanchez,amir.sanchez3842@example.com,support,Mobile Team,Ship the new mobile app
Niaj Perez,niaj.perez3843@example.com,engineering,Growth Team,Expand into new markets
Judy Rodriguez,judy.rodriguez3844@example.com,sales,Growth Team,Expand into new markets
Bob Moore,bob.moore3845@example.com,sales,Data Team,Build the analytics pipeline
Victor Hernandez,victor.hernandez3846@example.com,sales,Mobile Team,Ship the new mobile app
Zach Anderson,zach.anderson3847@example.com,sales,Mobile Team,Ship the new mobile app
Ivan Robinson,ivan.robinson3848@example.com,sales,Platform Team,Rebuild the customer portal
Peggy White,peggy.white3849@example.com,sales,Growth Team,Expand into new markets
Uma Clark,uma.clark3850@example.com,sales,Platform Team,Rebuild the customer portal
Olivia Wilson,olivia.wilson3851@example.com,support,Growth Team,Expand into new markets
Carlos Garcia,carlos.garcia3852@example.com,support,Growth Team,Expand into new markets
Dave Martin,dave.martin3853@example.com,engineering,Data Team,Build the analytics pipeline
Trent Moore,trent.moore3854@example.com,support,Platform Team,Rebuild the customer portal
Alice Sanchez,alice.sanchez3855@example.com,engineering,Mobile Team,Ship the new mobile app
Yolanda Thompson,yolanda.thompson3856@example.com,sales,Data Team,Build the analytics pipeline
Yolanda Harris,yolanda.harris3857@example.com,support,Platform Team,Rebuild the customer portal
Bob Taylor,bob.taylor3858@example.com,sales,Growth Team,Expand into new markets
Ruth Miller,ruth.miller3859@example.com,support,Growth Team,Expand into new markets
Mallory Ramirez,mallory.ramirez3860@example.com,sales,Growth Team,Expand into new markets
Zach Garcia,zach.garcia3861@example.com,sales,Data Team,Build the analytics pipeline
Niaj Miller,niaj.miller3862@example.com,engineering,Growth Team,Expand into new markets
Bob Ramirez,bob.ramirez3863@example.com,support,Platform Team,Rebuild the customer portal
Dave Taylor,dave.taylor3864@example.com,sales,Mobile Team,Ship the new mobile app
Bob Garcia,bob.garcia3865@example.com,sales,Data Team,Build the analytics pipeline
Alice Davis,alice.davis3866@example.com,engineering,Growth Team,Expand into new markets
Ivan White,ivan.white3867@example.com,sales,Platform Team,Rebuild the customer portal
Uma Gonzalez,uma.gonzalez3868@example.com,support,Growth Team,Expand into new markets
Carlos Rodriguez,carlos.rodriguez3869@example.com,engineering,Platform Team,Rebuild the customer portal
Carol Taylor,carol.taylor3870@example.com,engineering,Mobile Team,Ship the new mobile app
Alice White,alice.white3871@example.com,engineering,Growth Team,Expand into new markets
Xavier Jackson,xavier.jackson3872@example.com,engineering,Mobile Team,Ship the new mobile app
Amir Martin,amir.martin3873@example.com,sales,Data Team,Build the analytics pipeline
Niaj Taylor,niaj.taylor3874@example.com,sales,Platform Team,Rebuild the customer portal
Ivan Anderson,ivan.anderson3875@example.com,engineering,Growth Team,Expand into new markets
Ivan Lee,ivan.lee3876@example.com,sales,Mobile Team,Ship the new mobile app
Judy Wilson,judy.wilson3877@example.com,engineering,Platform Team,Rebuild the customer portal
Niaj Moore,niaj.moore3878@example.com,sales,Data Team,Build the analytics pipeline
Judy Robinson,judy.robinson3879@example.com,sales,Growth Team,Expand into new markets
Alice Thomas,alice.thomas3880@example.com,sales,Mobile Team,Ship the new mobile app
Yolanda Moore,yolanda.moore3881@example.com,sales,Platform Team,Rebuild the customer portal
Heidi Jackson,heidi.jackson3882@example.com,sales,Platform Team,Rebuild the customer portal
Yolanda Davis,yolanda.davis3883@example.com,sales,Mobile Team,Ship the new mobile app
Peggy Jackson,peggy.jackson3884@example.com,support,Platform Team,Rebuild the customer portal
Judy Hernandez,judy.hernandez3885@example.com,support,Growth Team,Expand into new markets
Carol Brown,carol.brown3886@example.com,engineering,Growth Team,Expand into new markets
Bianca Thomas,bianca.thomas3887@example.com,engineering,Growth Team,Expand into new markets
Eve Gonzalez,eve.gonzalez3888@example.com,support,Mobile Team,Ship the new mobile app
Xavier Clark,xavier.clark3889@example.com,engineering,Growth Team,Expand into new markets
Yolanda Thomas,yolanda.thomas3890@example.com,sales,Data Team,Build the analytics pipeline
Judy White,judy.white3891@example.com,engineering,Data Team,Build the analytics pipeline
Bob Hernandez,bob.hernandez3892@example.com,engineering,Mobile Team,Ship the new mobile app
Ivan Thompson,ivan.thompson3893@example.com,support,Growth Team,Expand into new markets
Zach Thomas,zach.thomas3894@example.com,sales,Mobile Team,Ship the new mobile app
Uma Davis,uma.davis3895@example.com,sales,Data Team,Build the analytics pipeline
Wendy Thomas,wendy.thomas3896@example.com,engineering,Platform Team,Rebuild the customer portal
Niaj Thompson,niaj.thompson3897@example.com,sales,Platform Team,Rebuild the customer portal
Eve Harris,eve.harris3898@example.com,engineering,Platform Team,Rebuild the customer portal
Quentin White,quentin.white3899@example.com,engineering,Platform Team,Rebuild the customer portal
Grace Anderson,grace.anderson3900@example.com,engineering,Platform Team,Rebuild the customer portal
Carlos Wilson,carlos.wilson3901@example.com,engineering,Mobile Team,Ship the new mobile app
Uma Sanchez,uma.sanchez3902@example.com,engineering,Mobile Team,Ship the new mobile app
Xavier Ramirez,xavier.ramirez3903@example.com,sales,Mobile Team,Ship the new mobile app
Alice Martinez,alice.martinez3904@example.com,sales,Platform Team,Rebuild the customer portal
Judy White,judy.white3905@example.com,support,Data Team,Build the analytics pipeline
Kevin Martin,kevin.martin3906@example.com,support,Data Team,Build the analytics pipeline
Uma Garcia,uma.garcia3907@example.com,sales,Growth Team,Expand into new markets
Quentin Perez,quentin.perez3908@example.com,support,Growth Team,Expand into new markets
Wendy Lopez,wendy.lopez3909@example.com,sales,Data Team,Build the analytics pipeline
Olivia Miller,olivia.miller3910@example.com,support,Data Team,Build the analytics pipeline
Xavier Ramirez,xavier.ramirez3911@example.com,engineering,Growth Team,Expand into new markets
Quentin Thompson,quentin.thompson3912@example.com,engineering,Mobile Team,Ship the new mobile app
Kevin Wilson,kevin.wilson3913@example.com,engineering,Growth Team,Expand into new markets
Peggy Williams,peggy.williams3914@example.com,sales,Platform Team,Rebuild the customer portal
Wendy Miller,wendy.miller3915@example.com,support,Growth Team,Expand into new markets
Dave Moore,dave.moore3916@example.com,sales,Mobile Team,Ship the new mobile app
Dave Johnson,dave.johnson3917@example.com,support,Mobile Team,Ship the new mobile app
Frank Williams,frank.williams3918@example.com,support,Data Team,Build the analytics pipeline
Ruth Lewis,ruth.lewis3919@example.com,sales,Growth Team,Expand into new markets
Uma Smith,uma.smith3920@example.com,sales,Growth Team,Expand into new markets
Judy Clark,judy.clark3921@example.com,support,Mobile Team,Ship the new mobile app
Xavier Martinez,xavier.martinez3922@example.com,support,Data Team,Build the analytics pipeline
Yolanda Gonzalez,yolanda.gonzalez3923@example.com,support,Data Team,Build the analytics pipeline
Ruth Lee,ruth.lee3924@example.com,engineering,Growth Team,Expand into new markets
Sybil Jones,sybil.jones3925@example.com,support,Platform Team,Rebuild the customer portal
Grace Rodriguez,grace.rodriguez3926@example.com,sales,Growth Team,Expand into new markets
Sybil Brown,sybil.brown3927@example.com,support,Growth Team,Expand into new markets
Sybil Lee,sybil.lee3928@example.com,sales,Mobile Team,Ship the new mobile app
Sybil Harris,sybil.harris3929@example.com,support,Data Team,Build the analytics pipeline
Bianca Martin,bianca.martin3930@example.com,engineering,Mobile Team,Ship the new mobile app
Frank Smith,frank.smith3931@example.com,engineering,Growth Team,Expand into new markets
Carol Robinson,carol.robinson3932@example.com,engineering,Growth Team,Expand into new markets
Frank Thomas,frank.thomas3933@example.com,sales,Platform Team,Rebuild the customer portal
Carol Lewis,carol.lewis3934@example.com,engineering,Platform Team,Rebuild the customer portal
Quentin Sanchez,quentin.sanchez3935@example.com,sales,Mobile Team,Ship the new mobile app
Victor Thomas,victor.thomas3936@example.com,sales,Data Team,Build the analytics pipeline
Quentin Harris,quentin.harris3937@example.com,engineering,Platform Team,Rebuild the customer portal
Ruth Gonzalez,ruth.gonzalez3938@example.com,sales,Mobile Team,Ship the new mobile app
Wendy Thomas,wendy.thomas3939@example.com,sales,Data Team,Build the analytics pipeline
Amir Taylor,amir.taylor3940@example.com,support,Data Team,Build the analytics pipeline
Carol Lewis,carol.lewis3941@example.com,engineering,Growth Team,Expand into new markets
Uma Clark,uma.clark3942@example.com,support,Data Team,Build the analytics pipeline
Eve Clark,eve.clark3943@example.com,support,Mobile Team,Ship the new mobile app
Olivia Thomas,olivia.thomas3944@example.com,support,Data Team,Build the analytics pipeline
Dave Moore,dave.moore3945@example.com,support,Mobile Team,Ship the new mobile app
Laura Garcia,laura.garcia3946@example.com,sales,Platform Team,Rebuild the customer portal
Bianca Anderson,bianca.anderson3947@example.com,support,Data Team,Build the analytics pipeline
Niaj Miller,niaj.miller3948@example.com,sales,Growth Team,Expand into new markets
Laura Garcia,laura.garcia3949@example.com,engineering,Platform Team,Rebuild the customer portal
Olivia Lopez,olivia.lopez3950@example.com,engineering,Growth Team,Expand into new markets
Sybil Martinez,sybil.martinez3951@example.com,engineering,Data Team,Build the analytics pipeline
Diana Lopez,diana.lopez3952@example.com,support,Data Team,Build the analytics pipeline
Diana Smith,diana.smith3953@example.com,engineering,Data Team,Build the analytics pipeline
Uma Rodriguez,uma.rodriguez3954@example.com,sales,Mobile Team,Ship the new mobile app
Bob Thompson,bob.thompson3955@example.com,sales,Data Team,Build the analytics pipeline
Uma Johnson,uma.johnson3956@example.com,support,Platform Team,Rebuild the customer portal
Diana Thomas,diana.thomas3957@example.com,sales,Mobile Team,Ship the new mobile app
Frank Thomas,frank.thomas3958@example.com,engineering,Platform Team,Rebuild the customer portal
Laura Smith,laura.smith3959@example.com,support,Growth Team,Expand into new markets
Xavier Garcia,xavier.garcia3960@example.com,engineering,Growth Team,Expand into new markets
Niaj Clark,niaj.clark3961@example.com,engineering,Platform Team,Rebuild the customer portal
Olivia Lee,olivia.lee3962@example.com,sales,Platform Team,Rebuild the customer portal
Dave Ramirez,dave.ramirez3963@example.com,engineering,Data Team,Build the analytics pipeline
Uma Martin,uma.martin3964@example.com,sales,Platform Team,Rebuild the customer portal
Amir Perez,amir.perez3965@example.com,support,Data Team,Build the analytics pipeline
Frank Lewis,frank.lewis3966@example.com,support,Data Team,Build the analytics pipeline
Alice Perez,alice.perez3967@example.com,sales,Mobile Team,Ship the new mobile app
Amir Perez,amir.perez3968@example.com,engineering,Platform Team,Rebuild the customer portal
Grace Clark,grace.clark3969@example.com,support,Growth Team,Expand into new markets
Ivan Williams,ivan.williams3970@example.com,sales,Growth Team,Expand into new markets
Bob Rodriguez,bob.rodriguez3971@example.com,support,Growth Team,Expand into new markets
Quentin Wilson,quentin.wilson3972@example.com,support,Growth Team,Expand into new markets
Xavier Clark,xavier.clark3973@example.com,sales,Platform Team,Rebuild the customer portal
Ivan Moore,ivan.moore3974@example.com,engineering,Data Team,Build the analytics pipeline
Kevin Anderson,kevin.anderson3975@example.com,support,Platform Team,Rebuild the customer portal
Diana Anderson,diana.anderson3976@example.com,engineering,Platform Team,Rebuild the customer portal
Diana Williams,diana.williams3977@example.com,support,Growth Team,Expand into new markets
Carol Garcia,carol.garcia3978@example.com,support,Data Team,Build the analytics pipeline
Uma Smith,uma.smith3979@example.com,engineering,Growth Team,Expand into new markets
Grace Lee,grace.lee3980@example.com,sales,Data Team,Build the analytics pipeline
Carol Lewis,carol.lewis3981@example.com,sales,Growth Team,Expand into new markets
Amir Perez,amir.perez3982@example.com,support,Growth Team,Expand into new markets
Yolanda White,yolanda.white3983@example.com,sales,Growth Team,Expand into new markets
Bob Gonzalez,bob.gonzalez3984@example.com,engineering,Data Team,Build the analytics pipeline
Ivan Jones,ivan.jones3985@example.com,sales,Data Team,Build the analytics pipeline
Heidi Clark,heidi.clark3986@example.com,sales,Growth Team,Expand into new markets
Carlos Miller,carlos.miller3987@example.com,sales,Growth Team,Expand into new markets
Ivan Thompson,ivan.thompson3988@example.com,sales,Mobile Team,Ship the new mobile app
Carol Thomas,carol.thomas3989@example.com,support,Data Team,Build the analytics pipeline
Laura Lopez,laura.lopez3990@example.com,support,Mobile Team,Ship the new mobile app
Victor Clark,victor.clark3991@example.com,engineering,Growth Team,Expand into new markets
Amir Jackson,amir.jackson3992@example.com,engineering,Mobile Team,Ship the new mobile app
Ruth Jackson,ruth.jackson3993@example.com,support,Growth Team,Expand into new markets
Niaj Lopez,niaj.lopez3994@example.com,engineering,Data Team,Build the analytics pipeline
Kevin Thompson,kevin.thompson3995@example.com,engineering,Data Team,Build the analytics pipeline
Quentin Harris,quentin.harris3996@example.com,sales,Growth Team,Expand into new markets
Grace Anderson,grace.anderson3997@example.com,engineering,Data Team,Build the analytics pipeline
Diana Brown,diana.brown3998@example.com,sales,Growth Team,Expand into new markets
Eve Anderson,eve.anderson3999@example.com,sales,Data Team,Build the analytics pipeline
Sybil Gonzalez,sybil.gonzalez4000@example.com,sales,Platform Team,Rebuild the customer portal
Wendy Brown,wendy.brown4001@example.com,engineering,Data Team,Build the analytics pipeline
Frank Wilson,frank.wilson4002@example.com,sales,Mobile Team,Ship the new mobile app
Kevin Lee,kevin.lee4003@example.com,engineering,Platform Team,Rebuild the customer portal
Diana Lopez,diana.lopez4004@example.com,engineering,Data Team,Build the analytics pipeline
Olivia Moore,olivia.moore4005@example.com,engineering,Growth Team,Expand into new markets
Olivia Sanchez,olivia.sanchez4006@example.com,support,Mobile Team,Ship the new mobile app
Sybil Thompson,sybil.thompson4007@example.com,support,Mobile Team,Ship the new mobile app
Mallory Thomas,mallory.thomas4008@example.com,sales,Growth Team,Expand into new markets
Xavier Lopez,xavier.lopez4009@example.com,sales,Data Team,Build the analytics pipeline
Victor Gonzalez,victor.gonzalez4010@example.com,engineering,Data Team,Build the analytics pipeline
Diana Lewis,diana.lewis4011@example.com,support,Growth Team,Expand into new markets
Dave Wilson,dave.wilson4012@example.com,sales,Mobile Team,Ship the new mobile app
Sybil Gonzalez,sybil.gonzalez4013@example.com,engineering,Platform Team,Rebuild the customer portal
Quentin Garcia,quentin.garcia4014@example.com,support,Data Team,Build the analytics pipeline
Wendy Taylor,wendy.taylor4015@example.com,support,Growth Team,Expand into new markets
Yolanda Jones,yolanda.jones4016@example.com,support,Growth Team,Expand into new markets
Kevin Sanchez,kevin.sanchez4017@example.com,engineering,Platform Team,Rebuild the customer portal
Judy Sanchez,judy.sanchez4018@example.com,sales,Growth Team,Expand into new markets
Olivia Gonzalez,olivia.gonzalez4019@example.com,sales,Growth Team,Expand into new markets
Alice Perez,alice.perez4020@example.com,engineering,Growth Team,Expand into new markets
Carlos Garcia,carlos.garcia4021@example.com,sales,Data Team,Build the analytics pipeline
Carol Garcia,carol.garcia4022@example.com,engineering,Growth Team,Expand into new markets
Niaj Williams,niaj.williams4023@example.com,engineering,Growth Team,Expand into new markets
Victor Moore,victor.moore4024@example.com,engineering,Data Team,Build the analytics pipeline
Peggy Garcia,peggy.garcia4025@example.com,engineering,Data Team,Build the analytics pipeline
Peggy Moore,peggy.moore4026@example.com,support,Mobile Team,Ship the new mobile app
Grace Robinson,grace.robinson4027@example.com,support,Mobile Team,Ship the new mobile app
Mallory Clark,mallory.clark4028@example.com,support,Mobile Team,Ship the new mobile app
Heidi Harris,heidi.harris4029@example.com,sales,Platform Team,Rebuild the customer portal
Eve Hernandez,eve.hernandez4030@example.com,sales,Growth Team,Expand into new markets
Yolanda Hernandez,yolanda.hernandez4031@example.com,support,Data Team,Build the analytics pipeline
Xavier Ramirez,xavier.ramirez4032@example.com,support,Mobile Team,Ship the new mobile app
Mallory Moore,mallory.moore4033@example.com,sales,Platform Team,Rebuild the customer portal
Peggy Perez,peggy.perez4034@example.com,engineering,Platform Team,Rebuild the customer portal
Carlos Martin,carlos.martin4035@example.com,engineering,Growth Team,Expand into new markets
Laura Lopez,laura.lopez4036@example.com,support,Data Team,Build the analytics pipeline
Amir Smith,amir.smith4037@example.com,engineering,Mobile Team,Ship the new mobile app
Uma Davis,uma.davis4038@example.com,sales,Growth Team,Expand into new markets
Grace Johnson,grace.johnson4039@example.com,sales,Growth Team,Expand into new markets
Niaj Williams,niaj.williams4040@example.com,sales,Data Team,Build the analytics pipeline
Uma Garcia,uma.garcia4041@example.com,engineering,Mobile Team,Ship the new mobile app
Judy Martinez,judy.martinez4042@example.com,support,Mobile Team,Ship the new mobile app
Amir Thomas,amir.thomas4043@example.com,sales,Platform Team,Rebuild the customer portal
Niaj Garcia,niaj.garcia4044@example.com,sales,Growth Team,Expand into new markets
Victor Taylor,victor.taylor4045@example.com,sales,Platform Team,Rebuild the customer portal
Zach Williams,zach.williams4046@example.com,support,Data Team,Build the analytics pipeline
Xavier Brown,xavier.brown4047@example.com,engineering,Mobile Team,Ship the new mobile app
Frank Hernandez,frank.hernandez4048@example.com,support,Growth Team,Expand into new markets
Quentin Gonzalez,quentin.gonzalez4049@example.com,engineering,Mobile Team,Ship the new mobile app
Peggy Lee,peggy.lee4050@example.com,sales,Mobile Team,Ship the new mobile app
Yolanda Johnson,yolanda.johnson4051@example.com,sales,Data Team,Build the analytics pipeline
Ivan White,ivan.white4052@example.com,support,Platform Team,Rebuild the customer portal
Zach Sanchez,zach.sanchez4053@example.com,support,Mobile Team,Ship the new mobile app
Laura Harris,laura.harris4054@example.com,support,Mobile Team,Ship the new mobile app
Kevin Ramirez,kevin.ramirez4055@example.com,engineering,Data Team,Build the analytics pipeline
Zach Garcia,zach.garcia4056@example.com,support,Mobile Team,Ship the new mobile app
Yolanda Gonzalez,yolanda.gonzalez4057@example.com,engineering,Platform Team,Rebuild the customer portal
Alice Hernandez,alice.hernandez4058@example.com,engineering,Data Team,Build the analytics pipeline
Quentin Clark,quentin.clark4059@example.com,sales,Mobile Team,Ship the new mobile app
Bob Anderson,bob.anderson4060@example.com,engineering,Data Team,Build the analytics pipeline
Dave Ramirez,dave.ramirez4061@example.com,sales,Mobile Team,Ship the new mobile app
Laura Johnson,laura.johnson4062@example.com,sales,Data Team,Build the analytics pipeline
Niaj Hernandez,niaj.hernandez4063@example.com,engineering,Data Team,Build the analytics pipeline
Ruth Rodriguez,ruth.rodriguez4064@example.com,sales,Growth Team,Expand into new markets
Laura Wilson,laura.wilson4065@example.com,sales,Platform Team,Rebuild the customer portal
Kevin Martinez,kevin.martinez4066@example.com,support,Platform Team,Rebuild the customer portal
Dave Lopez,dave.lopez4067@example.com,support,Platform Team,Rebuild the customer portal
Xavier Gonzalez,xavier.gonzalez4068@example.com,engineering,Growth Team,Expand into new markets
Carol Moore,carol.moore4069@example.com,engineering,Platform Team,Rebuild the customer portal
Xavier Jones,xavier.jones4070@example.com,sales,Mobile Team,Ship the new mobile app
Carlos Rodriguez,carlos.rodriguez4071@example.com,sales,Data Team,Build the analytics pipeline
Wendy Martin,wendy.martin4072@example.com,support,Growth Team,Expand into new markets
Amir Taylor,amir.taylor4073@example.com,engineering,Mobile Team,Ship the new mobile app
Carol Hernandez,carol.hernandez4074@example.com,engineering,Data Team,Build the analytics pipeline
Eve Martin,eve.martin4075@example.com,sales,Platform Team,Rebuild the customer portal
Quentin White,quentin.white4076@example.com,sales,Platform Team,Rebuild the customer portal
Diana Lee,diana.lee4077@example.com,sales,Data Team,Build the analytics pipeline
Mallory Smith,mallory.smith4078@example.com,support,Growth Team,Expand into new markets
Ivan White,ivan.white4079@example.com,sales,Platform Team,Rebuild the customer portal
Dave Sanchez,dave.sanchez4080@example.com,support,Growth Team,Expand into new markets
Ivan Martinez,ivan.martinez4081@example.com,support,Growth Team,Expand into new markets
Zach Johnson,zach.johnson4082@example.com,support,Data Team,Build the analytics pipeline
Peggy Miller,peggy.miller4083@example.com,sales,Mobile Team,Ship the new mobile app
Xavier Thompson,xavier.thompson4084@example.com,sales,Growth Team,Expand into new markets
Quentin Perez,quentin.perez4085@example.com,support,Platform Team,Rebuild the customer portal
Mallory Robinson,mallory.robinson4086@example.com,support,Growth Team,Expand into new markets
Judy Rodriguez,judy.rodriguez4087@example.com,sales,Platform Team,Rebuild the customer portal
Grace Smith,grace.smith4088@example.com,support,Mobile Team,Ship the new mobile app
Eve Rodriguez,eve.rodriguez4089@example.com,sales,Data Team,Build the analytics pipeline
Trent Sanchez,trent.sanchez4090@example.com,engineering,Data Team,Build the analytics pipeline
Heidi Davis,heidi.davis4091@example.com,support,Platform Team,Rebuild the customer portal
Kevin Davis,kevin.davis4092@example.com,support,Platform Team,Rebuild the customer portal
Judy White,judy.white4093@example.com,support,Mobile Team,Ship the new mobile app
Niaj Lee,niaj.lee4094@example.com,support,Data Team,Build the analytics pipeline
Mallory Thomas,mallory.thomas4095@example.com,sales,Platform Team,Rebuild the customer portal
Kevin Hernandez,kevin.hernandez4096@example.com,sales,Data Team,Build the analytics pipeline
Eve Anderson,eve.anderson4097@example.com,engineering,Mobile Team,Ship the new mobile app
Ruth Thompson,ruth.thompson4098@example.com,support,Growth Team,Expand into new markets
Mallory Rodriguez,mallory.rodriguez4099@example.com,engineering,Mobile Team,Ship the new mobile app
Victor Ramirez,victor.ramirez4100@example.com,support,Platform Team,Rebuild the customer portal
Peggy Moore,peggy.moore4101@example.com,engineering,Data Team,Build the analytics pipeline
Grace White,grace.white4102@example.com,sales,Data Team,Build the analytics pipeline
Judy Harris,judy.harris4103@example.com,sales,Data Team,Build the analytics pipeline
Victor Anderson,victor.anderson4104@example.com,engineering,Platform Team,Rebuild the customer portal
Trent Jackson,trent.jackson4105@example.com,support,Growth Team,Expand into new markets
Laura Jackson,laura.jackson4106@example.com,sales,Mobile Team,Ship the new mobile app
Yolanda Smith,yolanda.smith4107@example.com,support,Data Team,Build the analytics pipeline
Xavier Thomas,xavier.thomas4108@example.com,sales,Growth Team,Expand into new markets
Diana Moore,diana.moore4109@example.com,sales,Growth Team,Expand into new markets
Trent Ramirez,trent.ramirez4110@example.com,engineering,Platform Team,Rebuild the customer portal
Mallory Miller,mallory.miller4111@example.com,engineering,Growth Team,Expand into new markets
Sybil Martinez,sybil.martinez4112@example.com,engineering,Growth Team,Expand into new markets
Yolanda Harris,yolanda.harris4113@example.com,support,Mobile Team,Ship the new mobile app
Niaj Lopez,niaj.lopez4114@example.com,sales,Growth Team,Expand into new markets
Carlos Martin,carlos.martin4115@example.com,sales,Data Team,Build the analytics pipeline
Yolanda Lopez,yolanda.lopez4116@example.com,support,Platform Team,Rebuild the customer portal
Carlos Perez,carlos.perez4117@example.com,support,Data Team,Build the analytics pipeline
Ruth Moore,ruth.moore4118@example.com,engineering,Mobile Team,Ship the new mobile app
Bianca Gonzalez,bianca.gonzalez4119@example.com,sales,Mobile Team,Ship the new mobile app
Judy Clark,judy.clark4120@example.com,engineering,Mobile Team,Ship the new mobile app
Diana Ramirez,diana.ramirez4121@example.com,sales,Growth Team,Expand into new markets
Judy Smith,judy.smith4122@example.com,sales,Data Team,Build the analytics pipeline
Uma Garcia,uma.garcia4123@example.com,sales,Platform Team,Rebuild the customer portal
Sybil Lee,sybil.lee4124@example.com,sales,Mobile Team,Ship the new mobile app
Niaj Miller,niaj.miller4125@example.com,support,Platform Team,Rebuild the customer portal
Heidi Jones,heidi.jones4126@example.com,support,Platform Team,Rebuild the customer portal
Sybil White,sybil.white4127@example.com,engineering,Mobile Team,Ship the new mobile app
Kevin Martin,kevin.martin4128@example.com,engineering,Growth Team,Expand into new markets
Sybil Lee,sybil.lee4129@example.com,support,Mobile Team,Ship the new mobile app
Carol Lopez,carol.lopez4130@example.com,support,Platform Team,Rebuild the customer portal
Trent Lewis,trent.lewis4131@example.com,support,Mobile Team,Ship the new mobile app
Quentin Ramirez,quentin.ramirez4132@example.com,engineering,Growth Team,Expand into new markets
Olivia Lopez,olivia.lopez4133@example.com,engineering,Growth Team,Expand into new markets
Peggy Robinson,peggy.robinson4134@example.com,sales,Growth Team,Expand into new markets
Eve Martinez,eve.martinez4135@example.com,engineering,Platform Team,Rebuild the customer portal
Grace Jackson,grace.jackson4136@example.com,sales,Mobile Team,Ship the new mobile app
Heidi Perez,heidi.perez4137@example.com,engineering,Mobile Team,Ship the new mobile app
Zach Garcia,zach.garcia4138@example.com,support,Mobile Team,Ship the new mobile app
Uma Brown,uma.brown4139@example.com,engineering,Data Team,Build the analytics pipeline
Heidi Anderson,heidi.anderson4140@example.com,engineering,Platform Team,Rebuild the customer portal
Xavier Johnson,xavier.johnson4141@example.com,support,Mobile Team,Ship the new mobile app
Peggy Ramirez,peggy.ramirez4142@example.com,engineering,Mobile Team,Ship the new mobile app
Zach Wilson,zach.wilson4143@example.com,support,Data Team,Build the analytics pipeline
Ruth Brown,ruth.brown4144@example.com,sales,Platform Team,Rebuild the customer portal
Peggy Clark,peggy.clark4145@example.com,sales,Platform Team,Rebuild the customer portal
Zach Gonzalez,zach.gonzalez4146@example.com,sales,Platform Team,Rebuild the customer portal
Mallory Thompson,mallory.thompson4147@example.com,sales,Mobile Team,Ship the new mobile app
Zach Brown,zach.brown4148@example.com,engineering,Platform Team,Rebuild the customer portal
Bianca Rodriguez,bianca.rodriguez4149@example.com,support,Platform Team,Rebuild the customer portal
Frank Lopez,frank.lopez4150@example.com,support,Mobile Team,Ship the new mobile app
Kevin Jones,kevin.jones4151@example.com,sales,Growth Team,Expand into new markets
Grace Rodriguez,grace.rodriguez4152@example.com,sales,Platform Team,Rebuild the customer portal
Uma Thompson,uma.thompson4153@example.com,sales,Platform Team,Rebuild the customer portal
Carlos Thompson,carlos.thompson4154@example.com,engineering,Mobile Team,Ship the new mobile app
Yolanda Rodriguez,yolanda.rodriguez4155@example.com,sales,Data Team,Build the analytics pipeline
Wendy Anderson,wendy.anderson4156@example.com,sales,Data Team,Build the analytics pipeline
Wendy Rodriguez,wendy.rodriguez4157@example.com,support,Data Team,Build the analytics pipeline
Bob Harris,bob.harris4158@example.com,engineering,Growth Team,Expand into new markets
Quentin Martinez,quentin.martinez4159@example.com,engineering,Platform Team,Rebuild the customer portal
Carlos Lopez,carlos.lopez4160@example.com,support,Data Team,Build the analytics pipeline
Judy Martinez,judy.martinez4161@example.com,support,Growth Team,Expand into new markets
Uma Martinez,uma.martinez4162@example.com,support,Mobile Team,Ship the new mobile app
Olivia Perez,olivia.perez4163@example.com,engineering,Data Team,Build the analytics pipeline
Xavier Sanchez,xavier.sanchez4164@example.com,engineering,Growth Team,Expand into new markets
Trent Martinez,trent.martinez4165@example.com,sales,Mobile Team,Ship the new mobile app
Uma Davis,uma.davis4166@example.com,engineering,Platform Team,Rebuild the customer portal
Sybil Martinez,sybil.martinez4167@example.com,support,Growth Team,Expand into new markets
Alice Rodriguez,alice.rodriguez4168@example.com,support,Data Team,Build the analytics pipeline
Quentin White,quentin.white4169@example.com,sales,Mobile Team,Ship the new mobile app
Trent Lewis,trent.lewis4170@example.com,sales,Growth Team,Expand into new markets
Uma Jones,uma.jones4171@example.com,support,Data Team,Build the analytics pipeline
Laura Gonzalez,laura.gonzalez4172@example.com,support,Mobile Team,Ship the new mobile app
Frank Ramirez,frank.ramirez4173@example.com,engineering,Mobile Team,Ship the new mobile app
Peggy Lewis,peggy.lewis4174@example.com,engineering,Mobile Team,Ship the new mobile app
Victor Williams,victor.williams4175@example.com,engineering,Data Team,Build the analytics pipeline
Judy Miller,judy.miller4176@example.com,engineering,Growth Team,Expand into new markets
Ivan Martin,ivan.martin4177@example.com,support,Platform Team,Rebuild the customer portal
Grace Lopez,grace.lopez4178@example.com,sales,Mobile Team,Ship the new mobile app
Sybil Robinson,sybil.robinson4179@example.com,support,Platform Team,Rebuild the customer portal
Bianca Clark,bianca.clark4180@example.com,support,Growth Team,Expand into new markets
Grace Lopez,grace.lopez4181@example.com,sales,Platform Team,Rebuild the customer portal
Uma Brown,uma.brown4182@example.com,support,Data Team,Build the analytics pipeline
Carol Rodriguez,carol.rodriguez4183@example.com,engineering,Platform Team,Rebuild the customer portal
Olivia Jackson,olivia.jackson4184@example.com,engineering,Growth Team,Expand into new markets
Ivan Sanchez,ivan.sanchez4185@example.com,support,Growth Team,Expand into new markets
Diana Lee,diana.lee4186@example.com,engineering,Growth Team,Expand into new markets
Wendy Thompson,wendy.thompson4187@example.com,engineering,Mobile Team,Ship the new mobile app
Bob Martin,bob.martin4188@example.com,support,Data Team,Build the analytics pipeline
Ivan Williams,ivan.williams4189@example.com,support,Growth Team,Expand into new markets
Amir Robinson,amir.robinson4190@example.com,engineering,Platform Team,Rebuild the customer portal
Quentin Martinez,quentin.martinez4191@example.com,engineering,Platform Team,Rebuild the customer portal
Heidi Davis,heidi.davis4192@example.com,sales,Mobile Team,Ship the new mobile app
Dave Moore,dave.moore4193@example.com,sales,Platform Team,Rebuild the customer portal
Zach Lee,zach.lee4194@example.com,engineering,Platform Team,Rebuild the customer portal
Peggy Brown,peggy.brown4195@example.com,engineering,Mobile Team,Ship the new mobile app
Peggy Miller,peggy.miller4196@example.com,support,Platform Team,Rebuild the customer portal
Sybil Miller,sybil.miller4197@example.com,sales,Mobile Team,Ship the new mobile app
Sybil Smith,sybil.smith4198@example.com,engineering,Mobile Team,Ship the new mobile app
Xavier Lewis,xavier.lewis4199@example.com,support,Mobile Team,Ship the new mobile app
Grace Jackson,grace.jackson4200@example.com,engineering,Mobile Team,Ship the new mobile app
Ivan Harris,ivan.harris4201@example.com,support,Mobile Team,Ship the new mobile app
Ivan Thomas,ivan.thomas4202@example.com,sales,Growth Team,Expand into new markets
Quentin Thomas,quentin.thomas4203@example.com,support,Data Team,Build the analytics pipeline
Judy Rodriguez,judy.rodriguez4204@example.com,sales,Growth Team,Expand into new markets
Ivan Perez,ivan.perez4205@example.com,support,Data Team,Build the analytics pipeline
Olivia Brown,olivia.brown4206@example.com,sales,Growth Team,Expand into new markets
Alice Hernandez,alice.hernandez4207@example.com,sales,Mobile Team,Ship the new mobile app
Frank Garcia,frank.garcia4208@example.com,sales,Platform Team,Rebuild the customer portal
Victor Martinez,victor.martinez4209@example.com,sales,Platform Team,Rebuild the customer portal
Kevin Lee,kevin.lee4210@example.com,engineering,Growth Team,Expand into new markets
Yolanda Brown,yolanda.brown4211@example.com,engineering,Growth Team,Expand into new markets
Judy Taylor,judy.taylor4212@example.com,sales,Data Team,Build the analytics pipeline
Yolanda Taylor,yolanda.taylor4213@example.com,engineering,Mobile Team,Ship the new mobile app
Victor Martinez,victor.martinez4214@example.com,support,Growth Team,Expand into new markets
Victor Jones,victor.jones4215@example.com,engineering,Data Team,Build the analytics pipeline
Grace Harris,grace.harris4216@example.com,engineering,Mobile Team,Ship the new mobile app
Bianca Garcia,bianca.garcia4217@example.com,sales,Growth Team,Expand into new markets
Quentin Thomas,quentin.thomas4218@example.com,support,Mobile Team,Ship the new mobile app
Ivan Davis,ivan.davis4219@example.com,sales,Data Team,Build the analytics pipeline
Diana Ramirez,diana.ramirez4220@example.com,sales,Data Team,Build the analytics pipeline
Eve Martinez,eve.martinez4221@example.com,support,Data Team,Build the analytics pipeline
Laura Clark,laura.clark4222@example.com,sales,Data Team,Build the analytics pipeline
Judy Wilson,judy.wilson4223@example.com,sales,Mobile Team,Ship the new mobile app
Alice Harris,alice.harris4224@example.com,engineering,Mobile Team,Ship the new mobile app
Niaj Lopez,niaj.lopez4225@example.com,sales,Growth Team,Expand into new markets
Yolanda Rodriguez,yolanda.rodriguez4226@example.com,support,Platform Team,Rebuild the customer portal
Grace Miller,grace.miller4227@example.com,sales,Data Team,Build the analytics pipeline
Amir Lopez,amir.lopez4228@example.com,sales,Platform Team,Rebuild the customer portal
Niaj Sanchez,niaj.sanchez4229@example.com,sales,Mobile Team,Ship the new mobile app
Ruth Moore,ruth.moore4230@example.com,engineering,Growth Team,Expand into new markets
Trent Taylor,trent.taylor4231@example.com,sales,Mobile Team,Ship the new mobile app
Dave Williams,dave.williams4232@example.com,engineering,Growth Team,Expand into new markets
Kevin White,kevin.white4233@example.com,support,Mobile Team,Ship the new mobile app
Sybil Thomas,sybil.thomas4234@example.com,support,Platform Team,Rebuild the customer portal
Mallory Thompson,mallory.thompson4235@example.com,engineering,Mobile Team,Ship the new mobile app
Ivan Martin,ivan.martin4236@example.com,engineering,Mobile Team,Ship the new mobile app
Dave Johnson,dave.johnson4237@example.com,sales,Data Team,Build the analytics pipeline
Ruth Lopez,ruth.lopez4238@example.com,sales,Mobile Team,Ship the new mobile app
Dave Thomas,dave.thomas4239@example.com,support,Growth Team,Expand into new markets
Carol Hernandez,carol.hernandez4240@example.com,engineering,Mobile Team,Ship the new mobile app
Bianca Jones,bianca.jones4241@example.com,support,Data Team,Build the analytics pipeline
Grace Moore,grace.moore4242@example.com,sales,Platform Team,Rebuild the customer portal
Heidi Hernandez,heidi.hernandez4243@example.com,support,Data Team,Build the analytics pipeline
Quentin Clark,quentin.clark4244@example.com,support,Data Team,Build the analytics pipeline
Alice Jones,alice.jones4245@example.com,support,Platform Team,Rebuild the customer portal
Wendy White,wendy.white4246@example.com,sales,Data Team,Build the analytics pipeline
Carlos Harris,carlos.harris4247@example.com,support,Mobile Team,Ship the new mobile app
Carlos Miller,carlos.miller4248@example.com,sales,Growth Team,Expand into new markets
Olivia Davis,olivia.davis4249@example.com,sales,Mobile Team,Ship the new mobile app
Kevin Miller,kevin.miller4250@example.com,sales,Data Team,Build the analytics pipeline
Trent White,trent.white4251@example.com,engineering,Platform Team,Rebuild the customer portal
Dave Lee,dave.lee4252@example.com,sales,Mobile Team,Ship the new mobile app
Mallory Sanchez,mallory.sanchez4253@example.com,engineering,Mobile Team,Ship the new mobile app
Amir Taylor,amir.taylor4254@example.com,support,Platform Team,Rebuild the customer portal
Laura Smith,laura.smith4255@example.com,engineering,Mobile Team,Ship the new mobile app
Quentin Ramirez,quentin.ramirez4256@example.com,support,Data Team,Build the analytics pipeline
Peggy Martinez,peggy.martinez4257@example.com,support,Data Team,Build the analytics pipeline
Carol White,carol.white4258@example.com,support,Platform Team,Rebuild the customer portal
Carol Moore,carol.moore4259@example.com,support,Platform Team,Rebuild the customer portal
Frank Sanchez,frank.sanchez4260@example.com,support,Platform Team,Rebuild the customer portal
Diana Anderson,diana.anderson4261@example.com,engineering,Growth Team,Expand into new markets
Yolanda Perez,yolanda.perez4262@example.com,sales,Mobile Team,Ship the new mobile app
Olivia Anderson,olivia.anderson4263@example.com,support,Growth Team,Expand into new markets
Kevin Williams,kevin.williams4264@example.com,support,Growth Team,Expand into new markets
Sybil Hernandez,sybil.hernandez4265@example.com,support,Mobile Team,Ship the new mobile app
Yolanda Thompson,yolanda.thompson4266@example.com,engineering,Mobile Team,Ship the new mobile app
Mallory Jackson,mallory.jackson4267@example.com,engineering,Data Team,Build the analytics pipeline
Trent Clark,trent.clark4268@example.com,engineering,Mobile Team,Ship the new mobile app
Alice Davis,alice.davis4269@example.com,sales,Data Team,Build the analytics pipeline
Eve Rodriguez,eve.rodriguez4270@example.com,support,Growth Team,Expand into new markets
Victor Harris,victor.harris4271@example.com,support,Data Team,Build the analytics pipeline
Olivia Lee,olivia.lee4272@example.com,support,Growth Team,Expand into new markets
Diana Lopez,diana.lopez4273@example.com,engineering,Growth Team,Expand into new markets
Yolanda Jones,yolanda.jones4274@example.com,sales,Growth Team,Expand into new markets
Frank Brown,frank.brown4275@example.com,support,Platform Team,Rebuild the customer portal
Trent Ramirez,trent.ramirez4276@example.com,engineering,Platform Team,Rebuild the customer portal
Ruth Lopez,ruth.lopez4277@example.com,sales,Platform Team,Rebuild the customer portal
Bianca Hernandez,bianca.hernandez4278@example.com,support,Growth Team,Expand into new markets
Grace Miller,grace.miller4279@example.com,engineering,Data Team,Build the analytics pipeline
Niaj Rodriguez,niaj.rodriguez4280@example.com,engineering,Growth Team,Expand into new markets
Yolanda Lopez,yolanda.lopez4281@example.com,engineering,Platform Team,Rebuild the customer portal
Carlos Lewis,carlos.lewis4282@example.com,engineering,Mobile Team,Ship the new mobile app
Amir Gonzalez,amir.gonzalez4283@example.com,sales,Platform Team,Rebuild the customer portal
Bianca White,bianca.white4284@example.com,sales,Growth Team,Expand into new markets
Bob Anderson,bob.anderson4285@example.com,sales,Mobile Team,Ship the new mobile app
Grace Miller,grace.miller4286@example.com,support,Mobile Team,Ship the new mobile app
Amir Brown,amir.brown4287@example.com,engineering,Platform Team,Rebuild the customer portal
Quentin Robinson,quentin.robinson4288@example.com,engineering,Platform Team,Rebuild the customer portal
Yolanda Miller,yolanda.miller4289@example.com,sales,Platform Team,Rebuild the customer portal
Xavier Martin,xavier.martin4290@example.com,support,Data Team,Build the analytics pipeline
Kevin Wilson,kevin.wilson4291@example.com,engineering,Growth Team,Expand into new markets
Carol Sanchez,carol.sanchez4292@example.com,sales,Data Team,Build the analytics pipeline
Ivan Taylor,ivan.taylor4293@example.com,sales,Platform Team,Rebuild the customer portal
Alice Smith,alice.smith4294@example.com,sales,Mobile Team,Ship the new mobile app
Mallory Ramirez,mallory.ramirez4295@example.com,sales,Platform Team,Rebuild the customer portal
Laura Martinez,laura.martinez4296@example.com,sales,Platform Team,Rebuild the customer portal
Bianca Lee,bianca.lee4297@example.com,engineering,Data Team,Build the analytics pipeline
Wendy Williams,wendy.williams4298@example.com,sales,Mobile Team,Ship the new mobile app
Alice Rodriguez,alice.rodriguez4299@example.com,engineering,Data Team,Build the analytics pipeline
Eve Ramirez,eve.ramirez4300@example.com,engineering,Growth Team,Expand into new markets
Sybil Smith,sybil.smith4301@example.com,support,Growth Team,Expand into new markets
Eve Jones,eve.jones4302@example.com,engineering,Mobile Team,Ship the new mobile app
Bob Martin,bob.martin4303@example.com,support,Growth Team,Expand into new markets
Victor Martinez,victor.martinez4304@example.com,support,Data Team,Build the analytics pipeline
Niaj Clark,niaj.clark4305@example.com,sales,Growth Team,Expand into new markets
Frank Garcia,frank.garcia4306@example.com,support,Growth Team,Expand into new markets
Zach Sanchez,zach.sanchez4307@example.com,sales,Growth Team,Expand into new markets
Carlos Robinson,carlos.robinson4308@example.com,engineering,Platform Team,Rebuild the customer portal
Alice Thomas,alice.thomas4309@example.com,sales,Growth Team,Expand into new markets
Mallory Lee,mallory.lee4310@example.com,sales,Data Team,Build the analytics pipeline
Trent Hernandez,trent.hernandez4311@example.com,engineering,Platform Team,Rebuild the customer portal
Kevin Smith,kevin.smith4312@example.com,engineering,Mobile Team,Ship the new mobile app
Xavier Ramirez,xavier.ramirez4313@example.com,sales,Growth Team,Expand into new markets
Bob Moore,bob.moore4314@example.com,support,Mobile Team,Ship the new mobile app
Xavier Taylor,xavier.taylor4315@example.com,engineering,Growth Team,Expand into new markets
Dave Smith,dave.smith4316@example.com,engineering,Data Team,Build the analytics pipeline
Carol Wilson,carol.wilson4317@example.com,engineering,Platform Team,Rebuild the customer portal
Peggy Anderson,peggy.anderson4318@example.com,support,Mobile Team,Ship the new mobile app
Olivia Jones,olivia.jones4319@example.com,sales,Platform Team,Rebuild the customer portal
Peggy Thomas,peggy.thomas4320@example.com,engineering,Data Team,Build the analytics pipeline
Kevin Perez,kevin.perez4321@example.com,support,Data Team,Build the analytics pipeline
Victor Thompson,victor.thompson4322@example.com,sales,Platform Team,Rebuild the customer portal
Peggy White,peggy.white4323@example.com,engineering,Growth Team,Expand into new markets
Heidi Taylor,heidi.taylor4324@example.com,engineering,Growth Team,Expand into new markets
Heidi Perez,heidi.perez4325@example.com,support,Platform Team,Rebuild the customer portal
Dave Thompson,dave.thompson4326@example.com,sales,Mobile Team,Ship the new mobile app
Carlos Martin,carlos.martin4327@example.com,engineering,Platform Team,Rebuild the customer portal
Heidi Rodriguez,heidi.rodriguez4328@example.com,support,Growth Team,Expand into new markets
Victor Martinez,victor.martinez4329@example.com,support,Data Team,Build the analytics pipeline
Olivia Perez,olivia.perez4330@example.com,engineering,Data Team,Build the analytics pipeline
Kevin Wilson,kevin.wilson4331@example.com,support,Data Team,Build the analytics pipeline
Eve Jackson,eve.jackson4332@example.com,support,Platform Team,Rebuild the customer portal
Carlos Sanchez,carlos.sanchez4333@example.com,support,Mobile Team,Ship the new mobile app
Bob Sanchez,bob.sanchez4334@example.com,engineering,Growth Team,Expand into new markets
Alice Jones,alice.jones4335@example.com,engineering,Platform Team,Rebuild the customer portal
Frank Gonzalez,frank.gonzalez4336@example.com,engineering,Data Team,Build the analytics pipeline
Sybil Thomas,sybil.thomas4337@example.com,sales,Mobile Team,Ship the new mobile app
Grace Lee,grace.lee4338@example.com,sales,Mobile Team,Ship the new mobile app
Grace Anderson,grace.anderson4339@example.com,support,Data Team,Build the analytics pipeline
Olivia Brown,olivia.brown4340@example.com,support,Data Team,Build the analytics pipeline
Yolanda Taylor,yolanda.taylor4341@example.com,sales,Data Team,Build the analytics pipeline
Carlos Garcia,carlos.garcia4342@example.com,sales,Data Team,Build the analytics pipeline
Zach Ramirez,zach.ramirez4343@example.com,support,Mobile Team,Ship the new mobile app
Olivia Perez,olivia.perez4344@example.com,support,Platform Team,Rebuild the customer portal
Bianca Hernandez,bianca.hernandez4345@example.com,engineering,Data Team,Build the analytics pipeline
Zach Lopez,zach.lopez4346@example.com,support,Mobile Team,Ship the new mobile app
Alice Moore,alice.moore4347@example.com,engineering,Growth Team,Expand into new markets
Heidi Anderson,heidi.anderson4348@example.com,engineering,Platform Team,Rebuild the customer portal
Ruth Thompson,ruth.thompson4349@example.com,engineering,Data Team,Build the analytics pipeline
Bianca Lopez,bianca.lopez4350@example.com,sales,Data Team,Build the analytics pipeline
Niaj Moore,niaj.moore4351@example.com,support,Platform Team,Rebuild the customer portal
Frank Gonzalez,frank.gonzalez4352@example.com,engineering,Growth Team,Expand into new markets
Amir Perez,amir.perez4353@example.com,engineering,Growth Team,Expand into new markets
Grace White,grace.white4354@example.com,support,Data Team,Build the analytics pipeline
Trent Harris,trent.harris4355@example.com,support,Growth Team,Expand into new markets
Bianca Taylor,bianca.taylor4356@example.com,support,Platform Team,Rebuild the customer portal
Laura Moore,laura.moore4357@example.com,support,Growth Team,Expand into new markets
Quentin Garcia,quentin.garcia4358@example.com,engineering,Data Team,Build the analytics pipeline
Dave Perez,dave.perez4359@example.com,support,Growth Team,Expand into new markets
Uma Ramirez,uma.ramirez4360@example.com,support,Growth Team,Expand into new markets
Eve Moore,eve.moore4361@example.com,engineering,Mobile Team,Ship the new mobile app
Ivan Johnson,ivan.johnson4362@example.com,sales,Mobile Team,Ship the new mobile app
Mallory Lewis,mallory.lewis4363@example.com,sales,Mobile Team,Ship the new mobile app
Olivia Hernandez,olivia.hernandez4364@example.com,support,Growth Team,Expand into new markets
Judy Smith,judy.smith4365@example.com,sales,Platform Team,Rebuild the customer portal
Wendy Moore,wendy.moore4366@example.com,engineering,Data Team,Build the analytics pipeline
Diana White,diana.white4367@example.com,engineering,Platform Team,Rebuild the customer portal
Yolanda Wilson,yolanda.wilson4368@example.com,engineering,Growth Team,Expand into new markets
Peggy Clark,peggy.clark4369@example.com,engineering,Growth Team,Expand into new markets
Mallory Sanchez,mallory.sanchez4370@example.com,support,Growth Team,Expand into new markets
Niaj Gonzalez,niaj.gonzalez4371@example.com,engineering,Growth Team,Expand into new markets
Amir Lopez,amir.lopez4372@example.com,engineering,Platform Team,Rebuild the customer portal
Ivan Jones,ivan.jones4373@example.com,engineering,Mobile Team,Ship the new mobile app
Xavier White,xavier.white4374@example.com,engineering,Growth Team,Expand into new markets
Olivia Jones,olivia.jones4375@example.com,sales,Data Team,Build the analytics pipeline
Alice Lee,alice.lee4376@example.com,support,Platform Team,Rebuild the customer portal
Judy Taylor,judy.taylor4377@example.com,support,Platform Team,Rebuild the customer portal
Trent Thomas,trent.thomas4378@example.com,support,Growth Team,Expand into new markets
Olivia Martinez,olivia.martinez4379@example.com,support,Platform Team,Rebuild the customer portal
Xavier Martin,xavier.martin4380@example.com,engineering,Mobile Team,Ship the new mobile app
Carol Lewis,carol.lewis4381@example.com,sales,Data Team,Build the analytics pipeline
Bob Gonzalez,bob.gonzalez4382@example.com,engineering,Data Team,Build the analytics pipeline
Uma Anderson,uma.anderson4383@example.com,support,Mobile Team,Ship the new mobile app
Frank Lewis,frank.lewis4384@example.com,sales,Mobile Team,Ship the new mobile app
Heidi Taylor,heidi.taylor4385@example.com,engineering,Platform Team,Rebuild the customer portal
Xavier Martin,xavier.martin4386@example.com,engineering,Data Team,Build the analytics pipeline
Bianca Ramirez,bianca.ramirez4387@example.com,support,Mobile Team,Ship the new mobile app
Niaj Wilson,niaj.wilson4388@example.com,support,Platform Team,Rebuild the customer portal
Dave Ramirez,dave.ramirez4389@example.com,support,Data Team,Build the analytics pipeline
Xavier Rodriguez,xavier.rodriguez4390@example.com,support,Data Team,Build the analytics pipeline
Quentin Hernandez,quentin.hernandez4391@example.com,support,Mobile Team,Ship the new mobile app
Amir Rodriguez,amir.rodriguez4392@example.com,engineering,Data Team,Build the analytics pipeline
Alice Brown,alice.brown4393@example.com,engineering,Mobile Team,Ship the new mobile app
Sybil Thomas,sybil.thomas4394@example.com,support,Growth Team,Expand into new markets
Niaj Perez,niaj.perez4395@example.com,engineering,Data Team,Build the analytics pipeline
Yolanda Clark,yolanda.clark4396@example.com,support,Mobile Team,Ship the new mobile app
Trent Clark,trent.clark4397@example.com,support,Mobile Team,Ship the new mobile app
Quentin Ramirez,quentin.ramirez4398@example.com,engineering,Mobile Team,Ship the new mobile app
Trent Brown,trent.brown4399@example.com,support,Platform Team,Rebuild the customer portal
Dave Brown,dave.brown4400@example.com,sales,Growth Team,Expand into new markets
Sybil Perez,sybil.perez4401@example.com,sales,Mobile Team,Ship the new mobile app
Wendy White,wendy.white4402@example.com,sales,Platform Team,Rebuild the customer portal
Uma Sanchez,uma.sanchez4403@example.com,sales,Mobile Team,Ship the new mobile app
Sybil Ramirez,sybil.ramirez4404@example.com,sales,Platform Team,Rebuild the customer portal
Amir Sanchez,amir.sanchez4405@example.com,support,Mobile Team,Ship the new mobile app
Diana Smith,diana.smith4406@example.com,support,Growth Team,Expand into new markets
Frank Smith,frank.smith4407@example.com,engineering,Data Team,Build the analytics pipeline
Judy Robinson,judy.robinson4408@example.com,engineering,Mobile Team,Ship the new mobile app
Xavier Anderson,xavier.anderson4409@example.com,sales,Data Team,Build the analytics pipeline
Amir Perez,amir.perez4410@example.com,sales,Data Team,Build the analytics pipeline
Heidi Rodriguez,heidi.rodriguez4411@example.com,engineering,Mobile Team,Ship the new mobile app
Kevin Anderson,kevin.anderson4412@example.com,engineering,Data Team,Build the analytics pipeline
Grace Moore,grace.moore4413@example.com,support,Data Team,Build the analytics pipeline
Mallory Harris,mallory.harris4414@example.com,engineering,Data Team,Build the analytics pipeline
Bianca Thomas,bianca.thomas4415@example.com,sales,Platform Team,Rebuild the customer portal
Laura Martin,laura.martin4416@example.com,sales,Growth Team,Expand into new markets
Amir Martinez,amir.martinez4417@example.com,support,Platform Team,Rebuild the customer portal
Carol Lee,carol.lee4418@example.com,sales,Mobile Team,Ship the new mobile app
Trent Thomas,trent.thomas4419@example.com,sales,Growth Team,Expand into new markets
Grace Rodriguez,grace.rodriguez4420@example.com,sales,Mobile Team,Ship the new mobile app
Kevin Sanchez,kevin.sanchez4421@example.com,sales,Mobile Team,Ship the new mobile app
Yolanda Garcia,yolanda.garcia4422@example.com,sales,Growth Team,Expand into new markets
Alice Brown,alice.brown4423@example.com,support,Growth Team,Expand into new markets
Judy Robinson,judy.robinson4424@example.com,support,Data Team,Build the analytics pipeline
Ruth Garcia,ruth.garcia4425@example.com,support,Mobile Team,Ship the new mobile app
Wendy Williams,wendy.williams4426@example.com,engineering,Growth Team,Expand into new markets
Carol Thompson,carol.thompson4427@example.com,sales,Mobile Team,Ship the new mobile app
Eve Thompson,eve.thompson4428@example.com,support,Data Team,Build the analytics pipeline
Laura Gonzalez,laura.gonzalez4429@example.com,sales,Growth Team,Expand into new markets
Dave Ramirez,dave.ramirez4430@example.com,support,Data Team,Build the analytics pipeline
Sybil Williams,sybil.williams4431@example.com,engineering,Data Team,Build the analytics pipeline
Olivia Clark,olivia.clark4432@example.com,engineering,Platform Team,Rebuild the customer portal
Ruth Jones,ruth.jones4433@example.com,engineering,Data Team,Build the analytics pipeline
Peggy Davis,peggy.davis4434@example.com,engineering,Growth Team,Expand into new markets
Carlos Davis,carlos.davis4435@example.com,support,Mobile Team,Ship the new mobile app
Zach Miller,zach.miller4436@example.com,engineering,Growth Team,Expand into new markets
Judy Davis,judy.davis4437@example.com,support,Platform Team,Rebuild the customer portal
Peggy Clark,peggy.clark4438@example.com,sales,Mobile Team,Ship the new mobile app
Ruth Moore,ruth.moore4439@example.com,sales,Growth Team,Expand into new markets
Frank Ramirez,frank.ramirez4440@example.com,support,Mobile Team,Ship the new mobile app
Sybil Lewis,sybil.lewis4441@example.com,support,Mobile Team,Ship the new mobile app
Ivan Thompson,ivan.thompson4442@example.com,sales,Data Team,Build the analytics pipeline
Niaj Lopez,niaj.lopez4443@example.com,engineering,Data Team,Build the analytics pipeline
Kevin Moore,kevin.moore4444@example.com,engineering,Data Team,Build the analytics pipeline
Wendy Jones,wendy.jones4445@example.com,support,Data Team,Build the analytics pipeline
Heidi Sanchez,heidi.sanchez4446@example.com,engineering,Growth Team,Expand into new markets
Diana Sanchez,diana.sanchez4447@example.com,support,Mobile Team,Ship the new mobile app
Kevin Brown,kevin.brown4448@example.com,support,Growth Team,Expand into new markets
Laura Thompson,laura.thompson4449@example.com,sales,Growth Team,Expand into new markets
Ivan Jackson,ivan.jackson4450@example.com,sales,Platform Team,Rebuild the customer portal
Trent Anderson,trent.anderson4451@example.com,support,Mobile Team,Ship the new mobile app
Niaj Williams,niaj.williams4452@example.com,engineering,Growth Team,Expand into new markets
Ruth Anderson,ruth.anderson4453@example.com,sales,Platform Team,Rebuild the customer portal
Peggy Ramirez,peggy.ramirez4454@example.com,engineering,Growth Team,Expand into new markets
Victor Lopez,victor.lopez4455@example.com,support,Platform Team,Rebuild the customer portal
Ivan Jackson,ivan.jackson4456@example.com,support,Data Team,Build the analytics pipeline
Alice Thompson,alice.thompson4457@example.com,sales,Mobile Team,Ship the new mobile app
Wendy Harris,wendy.harris4458@example.com,sales,Growth Team,Expand into new markets
Grace Perez,grace.perez4459@example.com,sales,Mobile Team,Ship the new mobile app
Ruth Thompson,ruth.thompson4460@example.com,sales,Data Team,Build the analytics pipeline
Heidi Jackson,heidi.jackson4461@example.com,engineering,Mobile Team,Ship the new mobile app
Yolanda Moore,yolanda.moore4462@example.com,engineering,Data Team,Build the analytics pipeline
Trent Johnson,trent.johnson4463@example.com,support,Data Team,Build the analytics pipeline
Dave Harris,dave.harris4464@example.com,support,Platform Team,Rebuild the customer portal
Carol Taylor,carol.taylor4465@example.com,support,Mobile Team,Ship the new mobile app
Frank White,frank.white4466@example.com,engineering,Growth Team,Expand into new markets
Trent Harris,trent.harris4467@example.com,engineering,Growth Team,Expand into new markets
Alice Lee,alice.lee4468@example.com,support,Mobile Team,Ship the new mobile app
Dave Hernandez,dave.hernandez4469@example.com,engineering,Platform Team,Rebuild the customer portal
Mallory Jackson,mallory.jackson4470@example.com,sales,Mobile Team,Ship the new mobile app
Mallory Thompson,mallory.thompson4471@example.com,engineering,Mobile Team,Ship the new mobile app
Bianca Hernandez,bianca.hernandez4472@example.com,engineering,Growth Team,Expand into new markets
Judy Lopez,judy.lopez4473@example.com,support,Growth Team,Expand into new markets
Niaj Lewis,niaj.lewis4474@example.com,sales,Data Team,Build the analytics pipeline
Carol Garcia,carol.garcia4475@example.com,sales,Data Team,Build the analytics pipeline
Grace Davis,grace.davis4476@example.com,support,Data Team,Build the analytics pipeline
Uma Williams,uma.williams4477@example.com,sales,Data Team,Build the analytics pipeline
Yolanda Brown,yolanda.brown4478@example.com,engineering,Data Team,Build the analytics pipeline
Carlos Martin,carlos.martin4479@example.com,support,Platform Team,Rebuild the customer portal
Bob Perez,bob.perez4480@example.com,engineering,Data Team,Build the analytics pipeline
Frank Smith,frank.smith4481@example.com,engineering,Platform Team,Rebuild the customer portal
Kevin Gonzalez,kevin.gonzalez4482@example.com,engineering,Data Team,Build the analytics pipeline
Zach Lewis,zach.lewis4483@example.com,engineering,Data Team,Build the analytics pipeline
Frank Miller,frank.miller4484@example.com,engineering,Mobile Team,Ship the new mobile app
Ruth Miller,ruth.miller4485@example.com,engineering,Data Team,Build the analytics pipeline
Bianca Perez,bianca.perez4486@example.com,support,Growth Team,Expand into new markets
Laura Jackson,laura.jackson4487@example.com,sales,Growth Team,Expand into new markets
Wendy Ramirez,wendy.ramirez4488@example.com,support,Growth Team,Expand into new markets
Eve Clark,eve.clark4489@example.com,engineering,Mobile Team,Ship the new mobile app
Trent Johnson,trent.johnson4490@example.com,sales,Platform Team,Rebuild the customer portal
Diana Martinez,diana.martinez4491@example.com,sales,Platform Team,Rebuild the customer portal
Victor Garcia,victor.garcia4492@example.com,engineering,Growth Team,Expand into new markets
Peggy Miller,peggy.miller4493@example.com,support,Growth Team,Expand into new markets
Diana Hernandez,diana.hernandez4494@example.com,support,Mobile Team,Ship the new mobile app
Ruth Clark,ruth.clark4495@example.com,sales,Mobile Team,Ship the new mobile app
Dave Perez,dave.perez4496@example.com,sales,Platform Team,Rebuild the customer portal
Heidi Lopez,heidi.lopez4497@example.com,engineering,Growth Team,Expand into new markets
Amir Thomas,amir.thomas4498@example.com,sales,Growth Team,Expand into new markets
Bob Lopez,bob.lopez4499@example.com,sales,Platform Team,Rebuild the customer portal
Zach Clark,zach.clark4500@example.com,support,Platform Team,Rebuild the customer portal
Carol Perez,carol.perez4501@example.com,support,Data Team,Build the analytics pipeline
Sybil Jackson,sybil.jackson4502@example.com,support,Mobile Team,Ship the new mobile app
Uma Miller,uma.miller4503@example.com,sales,Data Team,Build the analytics pipeline
Eve Anderson,eve.anderson4504@example.com,sales,Growth Team,Expand into new markets
Uma Wilson,uma.wilson4505@example.com,sales,Mobile Team,Ship the new mobile app
Mallory Williams,mallory.williams4506@example.com,engineering,Mobile Team,Ship the new mobile app
Peggy Brown,peggy.brown4507@example.com,support,Data Team,Build the analytics pipeline
Peggy Martin,peggy.martin4508@example.com,sales,Mobile Team,Ship the new mobile app
Peggy Sanchez,peggy.sanchez4509@example.com,support,Data Team,Build the analytics pipeline
Wendy Johnson,wendy.johnson4510@example.com,engineering,Platform Team,Rebuild the customer portal
Carol Martinez,carol.martinez4511@example.com,support,Growth Team,Expand into new markets
Kevin White,kevin.white4512@example.com,support,Platform Team,Rebuild the customer portal
Alice Johnson,alice.johnson4513@example.com,sales,Data Team,Build the analytics pipeline
Grace Lopez,grace.lopez4514@example.com,support,Platform Team,Rebuild the customer portal
Bianca Wilson,bianca.wilson4515@example.com,support,Growth Team,Expand into new markets
Laura Perez,laura.perez4516@example.com,engineering,Platform Team,Rebuild the customer portal
Dave Anderson,dave.anderson4517@example.com,engineering,Growth Team,Expand into new markets
Wendy Hernandez,wendy.hernandez4518@example.com,support,Platform Team,Rebuild the customer portal
Grace Thomas,grace.thomas4519@example.com,support,Growth Team,Expand into new markets
Uma Martin,uma.martin4520@example.com,engineering,Platform Team,Rebuild the customer portal
Diana Gonzalez,diana.gonzalez4521@example.com,support,Growth Team,Expand into new markets
Dave Robinson,dave.robinson4522@example.com,engineering,Data Team,Build the analytics pipeline
Carlos Davis,carlos.davis4523@example.com,engineering,Data Team,Build the analytics pipeline
Mallory Clark,mallory.clark4524@example.com,sales,Growth Team,Expand into new markets
Diana Clark,diana.clark4525@example.com,engineering,Mobile Team,Ship the new mobile app
Eve Jones,eve.jones4526@example.com,support,Growth Team,Expand into new markets
Victor Rodriguez,victor.rodriguez4527@example.com,support,Mobile Team,Ship the new mobile app
Sybil Thompson,sybil.thompson4528@example.com,engineering,Data Team,Build the analytics pipeline
Carlos Lee,carlos.lee4529@example.com,sales,Data Team,Build the analytics pipeline
Wendy Smith,wendy.smith4530@example.com,sales,Mobile Team,Ship the new mobile app
Mallory Rodriguez,mallory.rodriguez4531@example.com,sales,Growth Team,Expand into new markets
Ivan Martin,ivan.martin4532@example.com,support,Platform Team,Rebuild the customer portal
Wendy Gonzalez,wendy.gonzalez4533@example.com,support,Platform Team,Rebuild the customer portal
Yolanda Anderson,yolanda.anderson4534@example.com,support,Growth Team,Expand into new markets
Wendy Davis,wendy.davis4535@example.com,support,Platform Team,Rebuild the customer portal
Dave Brown,dave.brown4536@example.com,sales,Growth Team,Expand into new markets
Carol Garcia,carol.garcia4537@example.com,engineering,Data Team,Build the analytics pipeline
Xavier Rodriguez,xavier.rodriguez4538@example.com,sales,Mobile Team,Ship the new mobile app
Ruth Martinez,ruth.martinez4539@example.com,support,Data Team,Build the analytics pipeline
Ivan Brown,ivan.brown4540@example.com,sales,Platform Team,Rebuild the customer portal
Amir Lewis,amir.lewis4541@example.com,engineering,Growth Team,Expand into new markets
Ruth Ramirez,ruth.ramirez4542@example.com,engineering,Mobile Team,Ship the new mobile app
Eve Taylor,eve.taylor4543@example.com,sales,Platform Team,Rebuild the customer portal
Peggy Brown,peggy.brown4544@example.com,engineering,Platform Team,Rebuild the customer portal
Bob Clark,bob.clark4545@example.com,engineering,Mobile Team,Ship the new mobile app
Carol Harris,carol.harris4546@example.com,engineering,Platform Team,Rebuild the customer portal
Niaj Martin,niaj.martin4547@example.com,sales,Data Team,Build the analytics pipeline
Xavier Jones,xavier.jones4548@example.com,support,Mobile Team,Ship the new mobile app
Yolanda Johnson,yolanda.johnson4549@example.com,engineering,Growth Team,Expand into new markets
Xavier Hernandez,xavier.hernandez4550@example.com,support,Platform Team,Rebuild the customer portal
Alice Jones,alice.jones4551@example.com,sales,Data Team,Build the analytics pipeline
Diana Garcia,diana.garcia4552@example.com,sales,Data Team,Build the analytics pipeline
Grace Lewis,grace.lewis4553@example.com,sales,Platform Team,Rebuild the customer portal
Mallory Jones,mallory.jones4554@example.com,support,Data Team,Build the analytics pipeline
Carol Davis,carol.davis4555@example.com,support,Growth Team,Expand into new markets
Grace Hernandez,grace.hernandez4556@example.com,engineering,Mobile Team,Ship the new mobile app
Bianca Anderson,bianca.anderson4557@example.com,engineering,Platform Team,Rebuild the customer portal
Trent Taylor,trent.taylor4558@example.com,support,Data Team,Build the analytics pipeline
Frank Jones,frank.jones4559@example.com,engineering,Data Team,Build the analytics pipeline
Dave Perez,dave.perez4560@example.com,sales,Platform Team,Rebuild the customer portal
Quentin Moore,quentin.moore4561@example.com,support,Platform Team,Rebuild the customer portal
Xavier Garcia,xavier.garcia4562@example.com,sales,Data Team,Build the analytics pipeline
Bob Jones,bob.jones4563@example.com,support,Platform Team,Rebuild the customer portal
Heidi Smith,heidi.smith4564@example.com,engineering,Mobile Team,Ship the new mobile app
Sybil Johnson,sybil.johnson4565@example.com,support,Mobile Team,Ship the new mobile app
Dave Ramirez,dave.ramirez4566@example.com,support,Growth Team,Expand into new markets
Bob Jackson,bob.jackson4567@example.com,engineering,Platform Team,Rebuild the customer portal
Uma Clark,uma.clark4568@example.com,support,Mobile Team,Ship the new mobile app
Uma Gonzalez,uma.gonzalez4569@example.com,support,Data Team,Build the analytics pipeline
Trent Gonzalez,trent.gonzalez4570@example.com,support,Mobile Team,Ship the new mobile app
Heidi Perez,heidi.perez4571@example.com,support,Mobile Team,Ship the new mobile app
Ivan Lopez,ivan.lopez4572@example.com,sales,Mobile Team,Ship the new mobile app
Diana Lewis,diana.lewis4573@example.com,sales,Growth Team,Expand into new markets
Ruth Lewis,ruth.lewis4574@example.com,engineering,Data Team,Build the analytics pipeline
Eve Martinez,eve.martinez4575@example.com,sales,Growth Team,Expand into new markets
Ivan Lewis,ivan.lewis4576@example.com,sales,Growth Team,Expand into new markets
Xavier Smith,xavier.smith4577@example.com,sales,Mobile Team,Ship the new mobile app
Eve Johnson,eve.johnson4578@example.com,sales,Mobile Team,Ship the new mobile app
Wendy Lewis,wendy.lewis4579@example.com,sales,Growth Team,Expand into new markets
Eve Clark,eve.clark4580@example.com,engineering,Data Team,Build the analytics pipeline
Mallory Wilson,mallory.wilson4581@example.com,sales,Mobile Team,Ship the new mobile app
Xavier Anderson,xavier.anderson4582@example.com,sales,Mobile Team,Ship the new mobile app
Olivia Lopez,olivia.lopez4583@example.com,sales,Data Team,Build the analytics pipeline
Victor Gonzalez,victor.gonzalez4584@example.com,support,Growth Team,Expand into new markets
Quentin Miller,quentin.miller4585@example.com,engineering,Growth Team,Expand into new markets
Wendy Miller,wendy.miller4586@example.com,support,Growth Team,Expand into new markets
Victor Sanchez,victor.sanchez4587@example.com,sales,Data Team,Build the analytics pipeline
Ruth Ramirez,ruth.ramirez4588@example.com,sales,Mobile Team,Ship the new mobile app
Uma Martinez,uma.martinez4589@example.com,sales,Growth Team,Expand into new markets
Eve Thomas,eve.thomas4590@example.com,support,Platform Team,Rebuild the customer portal
Uma Anderson,uma.anderson4591@example.com,support,Data Team,Build the analytics pipeline
Niaj Johnson,niaj.johnson4592@example.com,engineering,Growth Team,Expand into new markets
Kevin Moore,kevin.moore4593@example.com,support,Growth Team,Expand into new markets
Mallory Robinson,mallory.robinson4594@example.com,engineering,Mobile Team,Ship the new mobile app
Olivia Smith,olivia.smith4595@example.com,sales,Growth Team,Expand into new markets
Sybil Perez,sybil.perez4596@example.com,sales,Growth Team,Expand into new markets
Xavier Perez,xavier.perez4597@example.com,support,Growth Team,Expand into new markets
Mallory Jackson,mallory.jackson4598@example.com,engineering,Growth Team,Expand into new markets
Niaj Hernandez,niaj.hernandez4599@example.com,engineering,Mobile Team,Ship the new mobile app
Bianca White,bianca.white4600@example.com,sales,Growth Team,Expand into new markets
Kevin Martin,kevin.martin4601@example.com,support,Platform Team,Rebuild the customer portal
Dave Sanchez,dave.sanchez4602@example.com,engineering,Platform Team,Rebuild the customer portal
Alice Smith,alice.smith4603@example.com,sales,Platform Team,Rebuild the customer portal
Bianca Williams,bianca.williams4604@example.com,sales,Data Team,Build the analytics pipeline
Grace White,grace.white4605@example.com,engineering,Growth Team,Expand into new markets
Judy Clark,judy.clark4606@example.com,sales,Platform Team,Rebuild the customer portal
Trent Robinson,trent.robinson4607@example.com,support,Data Team,Build the analytics pipeline
Carlos Clark,carlos.clark4608@example.com,sales,Mobile Team,Ship the new mobile app
Kevin Thompson,kevin.thompson4609@example.com,sales,Growth Team,Expand into new markets
Judy Brown,judy.brown4610@example.com,engineering,Growth Team,Expand into new markets
Frank Wilson,frank.wilson4611@example.com,support,Platform Team,Rebuild the customer portal
Diana Martin,diana.martin4612@example.com,engineering,Mobile Team,Ship the new mobile app
Ruth Moore,ruth.moore4613@example.com,support,Mobile Team,Ship the new mobile app
Ivan Thompson,ivan.thompson4614@example.com,engineering,Growth Team,Expand into new markets
Victor Jones,victor.jones4615@example.com,engineering,Mobile Team,Ship the new mobile app
Yolanda Johnson,yolanda.johnson4616@example.com,sales,Growth Team,Expand into new markets
Peggy Gonzalez,peggy.gonzalez4617@example.com,engineering,Mobile Team,Ship the new mobile app
Yolanda Smith,yolanda.smith4618@example.com,sales,Data Team,Build the analytics pipeline
Sybil Jackson,sybil.jackson4619@example.com,sales,Growth Team,Expand into new markets
Carlos Smith,carlos.smith4620@example.com,support,Mobile Team,Ship the new mobile app
Sybil Lopez,sybil.lopez4621@example.com,engineering,Data Team,Build the analytics pipeline
Carlos Lopez,carlos.lopez4622@example.com,engineering,Platform Team,Rebuild the customer portal
Eve Martin,eve.martin4623@example.com,support,Data Team,Build the analytics pipeline
Mallory Robinson,mallory.robinson4624@example.com,engineering,Growth Team,Expand into new markets
Diana Sanchez,diana.sanchez4625@example.com,support,Growth Team,Expand into new markets
Kevin Martinez,kevin.martinez4626@example.com,sales,Platform Team,Rebuild the customer portal
Trent Sanchez,trent.sanchez4627@example.com,engineering,Mobile Team,Ship the new mobile app
Trent Lewis,trent.lewis4628@example.com,engineering,Mobile Team,Ship the new mobile app
Laura Ramirez,laura.ramirez4629@example.com,engineering,Data Team,Build the analytics pipeline
Quentin Rodriguez,quentin.rodriguez4630@example.com,sales,Platform Team,Rebuild the customer portal
Kevin Lewis,kevin.lewis4631@example.com,engineering,Growth Team,Expand into new markets
Uma Davis,uma.davis4632@example.com,sales,Data Team,Build the analytics pipeline
Olivia Wilson,olivia.wilson4633@example.com,engineering,Data Team,Build the analytics pipeline
Ivan White,ivan.white4634@example.com,support,Mobile Team,Ship the new mobile app
Carol Hernandez,carol.hernandez4635@example.com,engineering,Platform Team,Rebuild the customer portal
Bianca Robinson,bianca.robinson4636@example.com,support,Platform Team,Rebuild the customer portal
Sybil Smith,sybil.smith4637@example.com,sales,Data Team,Build the analytics pipeline
Grace Lewis,grace.lewis4638@example.com,sales,Mobile Team,Ship the new mobile app
Mallory Johnson,mallory.johnson4639@example.com,support,Data Team,Build the analytics pipeline
Mallory Hernandez,mallory.hernandez4640@example.com,support,Data Team,Build the analytics pipeline
Bianca Sanchez,bianca.sanchez4641@example.com,sales,Mobile Team,Ship the new mobile app
Wendy Hernandez,wendy.hernandez4642@example.com,sales,Growth Team,Expand into new markets
Xavier Rodriguez,xavier.rodriguez4643@example.com,sales,Growth Team,Expand into new markets
Judy Rodriguez,judy.rodriguez4644@example.com,sales,Platform Team,Rebuild the customer portal
Diana Perez,diana.perez4645@example.com,support,Platform Team,Rebuild the customer portal
Diana Hernandez,diana.hernandez4646@example.com,engineering,Platform Team,Rebuild the customer portal
Zach Jones,zach.jones4647@example.com,engineering,Platform Team,Rebuild the customer portal
Carol Garcia,carol.garcia4648@example.com,engineering,Data Team,Build the analytics pipeline
Eve Jackson,eve.jackson4649@example.com,engineering,Growth Team,Expand into new markets
Bianca Williams,bianca.williams4650@example.com,support,Platform Team,Rebuild the customer portal
Alice White,alice.white4651@example.com,support,Data Team,Build the analytics pipeline
Carol Jones,carol.jones4652@example.com,support,Mobile Team,Ship the new mobile app
Bianca Hernandez,bianca.hernandez4653@example.com,support,Platform Team,Rebuild the customer portal
Dave Johnson,dave.johnson4654@example.com,engineering,Growth Team,Expand into new markets
Diana White,diana.white4655@example.com,engineering,Platform Team,Rebuild the customer portal
Carol Thompson,carol.thompson4656@example.com,engineering,Platform Team,Rebuild the customer portal
Niaj Sanchez,niaj.sanchez4657@example.com,engineering,Growth Team,Expand into new markets
Bob Thompson,bob.thompson4658@example.com,sales,Platform Team,Rebuild the customer portal
Kevin Lee,kevin.lee4659@example.com,sales,Growth Team,Expand into new markets
Amir Miller,amir.miller4660@example.com,support,Mobile Team,Ship the new mobile app
Wendy Garcia,wendy.garcia4661@example.com,sales,Mobile Team,Ship the new mobile app
Xavier Perez,xavier.perez4662@example.com,sales,Platform Team,Rebuild the customer portal
Frank Taylor,frank.taylor4663@example.com,engineering,Platform Team,Rebuild the customer portal
Frank Miller,frank.miller4664@example.com,engineering,Data Team,Build the analytics pipeline
Carlos Moore,carlos.moore4665@example.com,support,Growth Team,Expand into new markets
Dave Thompson,dave.thompson4666@example.com,engineering,Platform Team,Rebuild the customer portal
Frank Ramirez,frank.ramirez4667@example.com,engineering,Data Team,Build the analytics pipeline
Frank Gonzalez,frank.gonzalez4668@example.com,support,Data Team,Build the analytics pipeline
Niaj Taylor,niaj.taylor4669@example.com,engineering,Data Team,Build the analytics pipeline
Niaj Rodriguez,niaj.rodriguez4670@example.com,support,Data Team,Build the analytics pipeline
Heidi Taylor,heidi.taylor4671@example.com,support,Platform Team,Rebuild the customer portal
Carlos Perez,carlos.perez4672@example.com,sales,Data Team,Build the analytics pipeline
Yolanda Garcia,yolanda.garcia4673@example.com,engineering,Platform Team,Rebuild the customer portal
Carol Thomas,carol.thomas4674@example.com,support,Data Team,Build the analytics pipeline
Bob Martin,bob.martin4675@example.com,engineering,Mobile Team,Ship the new mobile app
Victor Harris,victor.harris4676@example.com,engineering,Mobile Team,Ship the new mobile app
Xavier Perez,xavier.perez4677@example.com,sales,Platform Team,Rebuild the customer portal
Sybil Harris,sybil.harris4678@example.com,support,Data Team,Build the analytics pipeline
Victor Martin,victor.martin4679@example.com,support,Platform Team,Rebuild the customer portal
Ivan White,ivan.white4680@example.com,sales,Data Team,Build the analytics pipeline
Laura White,laura.white4681@example.com,sales,Mobile Team,Ship the new mobile app
Peggy Martinez,peggy.martinez4682@example.com,sales,Mobile Team,Ship the new mobile app
Ruth White,ruth.white4683@example.com,engineering,Growth Team,Expand into new markets
Sybil Garcia,sybil.garcia4684@example.com,support,Platform Team,Rebuild the customer portal
Laura Wilson,laura.wilson4685@example.com,sales,Mobile Team,Ship the new mobile app
Kevin Robinson,kevin.robinson4686@example.com,sales,Mobile Team,Ship the new mobile app
Bianca Lewis,bianca.lewis4687@example.com,sales,Mobile Team,Ship the new mobile app
Eve Jones,eve.jones4688@example.com,sales,Mobile Team,Ship the new mobile app
Alice Ramirez,alice.ramirez4689@example.com,sales,Growth Team,Expand into new markets
Mallory Ramirez,mallory.ramirez4690@example.com,sales,Growth Team,Expand into new markets
Laura Smith,laura.smith4691@example.com,support,Mobile Team,Ship the new mobile app
Carlos Garcia,carlos.garcia4692@example.com,support,Growth Team,Expand into new markets
Frank Miller,frank.miller4693@example.com,engineering,Platform Team,Rebuild the customer portal
Mallory Thomas,mallory.thomas4694@example.com,sales,Growth Team,Expand into new markets
Kevin Miller,kevin.miller4695@example.com,sales,Platform Team,Rebuild the customer portal
Mallory Garcia,mallory.garcia4696@example.com,support,Data Team,Build the analytics pipeline
Ivan Davis,ivan.davis4697@example.com,sales,Growth Team,Expand into new markets
Trent White,trent.white4698@example.com,sales,Mobile Team,Ship the new mobile app
Niaj Ramirez,niaj.ramirez4699@example.com,sales,Growth Team,Expand into new markets
Victor Johnson,victor.johnson4700@example.com,engineering,Data Team,Build the analytics pipeline
Carol Hernandez,carol.hernandez4701@example.com,support,Mobile Team,Ship the new mobile app
Judy Jones,judy.jones4702@example.com,support,Growth Team,Expand into new markets
Peggy Sanchez,peggy.sanchez4703@example.com,sales,Growth Team,Expand into new markets
Peggy Smith,peggy.smith4704@example.com,support,Data Team,Build the analytics pipeline
Frank Hernandez,frank.hernandez4705@example.com,support,Data Team,Build the analytics pipeline
Trent Wilson,trent.wilson4706@example.com,support,Platform Team,Rebuild the customer portal
Eve Taylor,eve.taylor4707@example.com,sales,Data Team,Build the analytics pipeline
Xavier Lopez,xavier.lopez4708@example.com,sales,Growth Team,Expand into new markets
Sybil Thomas,sybil.thomas4709@example.com,engineering,Platform Team,Rebuild the customer portal
Olivia Lopez,olivia.lopez4710@example.com,engineering,Mobile Team,Ship the new mobile app
Grace Hernandez,grace.hernandez4711@example.com,sales,Growth Team,Expand into new markets
Uma Robinson,uma.robinson4712@example.com,sales,Mobile Team,Ship the new mobile app
Ruth Hernandez,ruth.hernandez4713@example.com,support,Data Team,Build the analytics pipeline
Grace Lewis,grace.lewis4714@example.com,sales,Growth Team,Expand into new markets
Zach Lee,zach.lee4715@example.com,support,Growth Team,Expand into new markets
Sybil Martin,sybil.martin4716@example.com,engineering,Growth Team,Expand into new markets
Peggy Jackson,peggy.jackson4717@example.com,engineering,Mobile Team,Ship the new mobile app
Kevin Taylor,kevin.taylor4718@example.com,sales,Platform Team,Rebuild the customer portal
Yolanda Jones,yolanda.jones4719@example.com,engineering,Data Team,Build the analytics pipeline
Quentin Thomas,quentin.thomas4720@example.com,support,Mobile Team,Ship the new mobile app
Carlos Lewis,carlos.lewis4721@example.com,engineering,Data Team,Build the analytics pipeline
Olivia Gonzalez,olivia.gonzalez4722@example.com,sales,Growth Team,Expand into new markets
Wendy Jones,wendy.jones4723@example.com,engineering,Data Team,Build the analytics pipeline
Peggy Davis,peggy.davis4724@example.com,support,Growth Team,Expand into new markets
Alice Hernandez,alice.hernandez4725@example.com,support,Data Team,Build the analytics pipeline
Peggy Moore,peggy.moore4726@example.com,sales,Growth Team,Expand into new markets
Kevin Thomas,kevin.thomas4727@example.com,support,Data Team,Build the analytics pipeline
Carlos Moore,carlos.moore4728@example.com,support,Growth Team,Expand into new markets
Grace Robinson,grace.robinson4729@example.com,sales,Platform Team,Rebuild the customer portal
Xavier Johnson,xavier.johnson4730@example.com,support,Growth Team,Expand into new markets
Zach Taylor,zach.taylor4731@example.com,engineering,Data Team,Build the analytics pipeline
Zach Gonzalez,zach.gonzalez4732@example.com,support,Mobile Team,Ship the new mobile app
Amir Ramirez,amir.ramirez4733@example.com,sales,Platform Team,Rebuild the customer portal
Ivan Miller,ivan.miller4734@example.com,sales,Growth Team,Expand into new markets
Alice Smith,alice.smith4735@example.com,engineering,Mobile Team,Ship the new mobile app
Laura Anderson,laura.anderson4736@example.com,sales,Growth Team,Expand into new markets
Uma Gonzalez,uma.gonzalez4737@example.com,support,Growth Team,Expand into new markets
Olivia Harris,olivia.harris4738@example.com,engineering,Data Team,Build the analytics pipeline
Diana Rodriguez,diana.rodriguez4739@example.com,sales,Mobile Team,Ship the new mobile app
Grace Thompson,grace.thompson4740@example.com,sales,Mobile Team,Ship the new mobile app
Frank Jackson,frank.jackson4741@example.com,sales,Growth Team,Expand into new markets
Alice Brown,alice.brown4742@example.com,sales,Platform Team,Rebuild the customer portal
Ruth Thomas,ruth.thomas4743@example.com,engineering,Data Team,Build the analytics pipeline
Kevin Clark,kevin.clark4744@example.com,support,Mobile Team,Ship the new mobile app
Alice Lee,alice.lee4745@example.com,support,Mobile Team,Ship the new mobile app
Kevin Gonzalez,kevin.gonzalez4746@example.com,sales,Growth Team,Expand into new markets
Trent Clark,trent.clark4747@example.com,support,Platform Team,Rebuild the customer portal
Judy Hernandez,judy.hernandez4748@example.com,support,Platform Team,Rebuild the customer portal
Bob White,bob.white4749@example.com,sales,Growth Team,Expand into new markets
Carol Robinson,carol.robinson4750@example.com,engineering,Platform Team,Rebuild the customer portal
Eve Brown,eve.brown4751@example.com,support,Growth Team,Expand into new markets
Heidi Williams,heidi.williams4752@example.com,sales,Data Team,Build the analytics pipeline
Kevin Williams,kevin.williams4753@example.com,sales,Mobile Team,Ship the new mobile app
Yolanda Williams,yolanda.williams4754@example.com,sales,Mobile Team,Ship the new mobile app
Ruth Johnson,ruth.johnson4755@example.com,support,Mobile Team,Ship the new mobile app
Zach Gonzalez,zach.gonzalez4756@example.com,support,Growth Team,Expand into new markets
Amir Williams,amir.williams4757@example.com,sales,Growth Team,Expand into new markets
Frank Brown,frank.brown4758@example.com,engineering,Data Team,Build the analytics pipeline
Heidi Johnson,heidi.johnson4759@example.com,engineering,Platform Team,Rebuild the customer portal
Uma Clark,uma.clark4760@example.com,sales,Growth Team,Expand into new markets
Bob Johnson,bob.johnson4761@example.com,engineering,Growth Team,Expand into new markets
Eve Ramirez,eve.ramirez4762@example.com,support,Growth Team,Expand into new markets
Kevin Hernandez,kevin.hernandez4763@example.com,support,Mobile Team,Ship the new mobile app
Victor Gonzalez,victor.gonzalez4764@example.com,support,Platform Team,Rebuild the customer portal
Yolanda Martinez,yolanda.martinez4765@example.com,engineering,Mobile Team,Ship the new mobile app
Victor Thompson,victor.thompson4766@example.com,support,Mobile Team,Ship the new mobile app
Carol Johnson,carol.johnson4767@example.com,support,Growth Team,Expand into new markets
Bob Miller,bob.miller4768@example.com,support,Growth Team,Expand into new markets
Peggy Smith,peggy.smith4769@example.com,support,Data Team,Build the analytics pipeline
Carol Jackson,carol.jackson4770@example.com,support,Data Team,Build the analytics pipeline
Carlos Clark,carlos.clark4771@example.com,sales,Growth Team,Expand into new markets
Grace Jones,grace.jones4772@example.com,support,Platform Team,Rebuild the customer portal
Xavier Martin,xavier.martin4773@example.com,sales,Data Team,Build the analytics pipeline
Ruth Lopez,ruth.lopez4774@example.com,engineering,Mobile Team,Ship the new mobile app
Amir Miller,amir.miller4775@example.com,sales,Data Team,Build the analytics pipeline
Grace Hernandez,grace.hernandez4776@example.com,sales,Data Team,Build the analytics pipeline
Dave Lee,dave.lee4777@example.com,sales,Data Team,Build the analytics pipeline
Alice Anderson,alice.anderson4778@example.com,engineering,Mobile Team,Ship the new mobile app
Frank Brown,frank.brown4779@example.com,sales,Platform Team,Rebuild the customer portal
Zach Brown,zach.brown4780@example.com,engineering,Growth Team,Expand into new markets
Yolanda Jackson,yolanda.jackson4781@example.com,support,Data Team,Build the analytics pipeline
Victor Miller,victor.miller4782@example.com,sales,Data Team,Build the analytics pipeline
Olivia Johnson,olivia.johnson4783@example.com,support,Growth Team,Expand into new markets
Carlos Lewis,carlos.lewis4784@example.com,engineering,Data Team,Build the analytics pipeline
Quentin Smith,quentin.smith4785@example.com,engineering,Data Team,Build the analytics pipeline
Grace Clark,grace.clark4786@example.com,sales,Growth Team,Expand into new markets
Grace Thomas,grace.thomas4787@example.com,support,Mobile Team,Ship the new mobile app
Kevin Anderson,kevin.anderson4788@example.com,support,Mobile Team,Ship the new mobile app
Yolanda Garcia,yolanda.garcia4789@example.com,sales,Mobile Team,Ship the new mobile app
Ruth Martin,ruth.martin4790@example.com,support,Data Team,Build the analytics pipeline
Bianca Davis,bianca.davis4791@example.com,support,Platform Team,Rebuild the customer portal
Dave Lewis,dave.lewis4792@example.com,engineering,Platform Team,Rebuild the customer portal
Trent Johnson,trent.johnson4793@example.com,sales,Platform Team,Rebuild the customer portal
Diana Smith,diana.smith4794@example.com,sales,Data Team,Build the analytics pipeline
Mallory White,mallory.white4795@example.com,engineering,Growth Team,Expand into new markets
Bob Lopez,bob.lopez4796@example.com,support,Growth Team,Expand into new markets
Grace Wilson,grace.wilson4797@example.com,engineering,Data Team,Build the analytics pipeline
Ivan Wilson,ivan.wilson4798@example.com,sales,Platform Team,Rebuild the customer portal
Yolanda Johnson,yolanda.johnson4799@example.com,sales,Platform Team,Rebuild the customer portal
Eve Rodriguez,eve.rodriguez4800@example.com,engineering,Mobile Team,Ship the new mobile app
Dave Robinson,dave.robinson4801@example.com,sales,Platform Team,Rebuild the customer portal
Frank Smith,frank.smith4802@example.com,engineering,Platform Team,Rebuild the customer portal
Xavier Davis,xavier.davis4803@example.com,support,Mobile Team,Ship the new mobile app
Wendy Moore,wendy.moore4804@example.com,sales,Data Team,Build the analytics pipeline
Alice Thompson,alice.thompson4805@example.com,engineering,Mobile Team,Ship the new mobile app
Xavier Thompson,xavier.thompson4806@example.com,engineering,Growth Team,Expand into new markets
Carol Gonzalez,carol.gonzalez4807@example.com,engineering,Mobile Team,Ship the new mobile app
Bob Thomas,bob.thomas4808@example.com,sales,Mobile Team,Ship the new mobile app
Niaj Garcia,niaj.garcia4809@example.com,support,Platform Team,Rebuild the customer portal
Carlos Johnson,carlos.johnson4810@example.com,sales,Platform Team,Rebuild the customer portal
Wendy Martinez,wendy.martinez4811@example.com,engineering,Mobile Team,Ship the new mobile app
Zach Rodriguez,zach.rodriguez4812@example.com,support,Platform Team,Rebuild the customer portal
Ivan Ramirez,ivan.ramirez4813@example.com,engineering,Growth Team,Expand into new markets
Wendy Anderson,wendy.anderson4814@example.com,support,Platform Team,Rebuild the customer portal
Bob Ramirez,bob.ramirez4815@example.com,support,Mobile Team,Ship the new mobile app
Wendy Thomas,wendy.thomas4816@example.com,support,Growth Team,Expand into new markets
Bianca White,bianca.white4817@example.com,sales,Platform Team,Rebuild the customer portal
Laura Williams,laura.williams4818@example.com,sales,Data Team,Build the analytics pipeline
Amir Thomas,amir.thomas4819@example.com,sales,Growth Team,Expand into new markets
Victor Lewis,victor.lewis4820@example.com,support,Data Team,Build the analytics pipeline
Ruth Moore,ruth.moore4821@example.com,sales,Growth Team,Expand into new markets
Xavier Lee,xavier.lee4822@example.com,sales,Data Team,Build the analytics pipeline
Frank Jackson,frank.jackson4823@example.com,sales,Mobile Team,Ship the new mobile app
Olivia Lopez,olivia.lopez4824@example.com,engineering,Data Team,Build the analytics pipeline
Amir Perez,amir.perez4825@example.com,support,Mobile Team,Ship the new mobile app
Ruth Wilson,ruth.wilson4826@example.com,sales,Data Team,Build the analytics pipeline
Carol Martin,carol.martin4827@example.com,engineering,Data Team,Build the analytics pipeline
Kevin Robinson,kevin.robinson4828@example.com,support,Data Team,Build the analytics pipeline
Olivia Anderson,olivia.anderson4829@example.com,engineering,Growth Team,Expand into new markets
Kevin Taylor,kevin.taylor4830@example.com,support,Growth Team,Expand into new markets
Kevin Moore,kevin.moore4831@example.com,support,Growth Team,Expand into new markets
Eve Clark,eve.clark4832@example.com,support,Growth Team,Expand into new markets
Mallory Williams,mallory.williams4833@example.com,engineering,Mobile Team,Ship the new mobile app
Quentin Moore,quentin.moore4834@example.com,support,Platform Team,Rebuild the customer portal
Dave Jackson,dave.jackson4835@example.com,sales,Platform Team,Rebuild the customer portal
Diana Moore,diana.moore4836@example.com,support,Growth Team,Expand into new markets
Heidi Perez,heidi.perez4837@example.com,sales,Data Team,Build the analytics pipeline
Dave Hernandez,dave.hernandez4838@example.com,support,Data Team,Build the analytics pipeline
Diana Gonzalez,diana.gonzalez4839@example.com,engineering,Mobile Team,Ship the new mobile app
Sybil Lopez,sybil.lopez4840@example.com,support,Mobile Team,Ship the new mobile app
Yolanda Brown,yolanda.brown4841@example.com,support,Growth Team,Expand into new markets
Uma Anderson,uma.anderson4842@example.com,support,Growth Team,Expand into new markets
Carlos Harris,carlos.harris4843@example.com,support,Growth Team,Expand into new markets
Alice Lewis,alice.lewis4844@example.com,sales,Platform Team,Rebuild the customer portal
Eve Robinson,eve.robinson4845@example.com,support,Platform Team,Rebuild the customer portal
Judy Davis,judy.davis4846@example.com,sales,Mobile Team,Ship the new mobile app
Amir Miller,amir.miller4847@example.com,engineering,Platform Team,Rebuild the customer portal
Alice Smith,alice.smith4848@example.com,sales,Platform Team,Rebuild the customer portal
Dave Miller,dave.miller4849@example.com,support,Growth Team,Expand into new markets
Carol Williams,carol.williams4850@example.com,sales,Data Team,Build the analytics pipeline
Dave Wilson,dave.wilson4851@example.com,support,Data Team,Build the analytics pipeline
Mallory Smith,mallory.smith4852@example.com,sales,Data Team,Build the analytics pipeline
Mallory Lopez,mallory.lopez4853@example.com,sales,Growth Team,Expand into new markets
Niaj Martin,niaj.martin4854@example.com,support,Mobile Team,Ship the new mobile app
Trent Jackson,trent.jackson4855@example.com,support,Platform Team,Rebuild the customer portal
Peggy Johnson,peggy.johnson4856@example.com,sales,Mobile Team,Ship the new mobile app
Laura Smith,laura.smith4857@example.com,support,Data Team,Build the analytics pipeline
Peggy Ramirez,peggy.ramirez4858@example.com,support,Mobile Team,Ship the new mobile app
Yolanda Brown,yolanda.brown4859@example.com,support,Mobile Team,Ship the new mobile app
Sybil Martin,sybil.martin4860@example.com,support,Data Team,Build the analytics pipeline
Peggy Smith,peggy.smith4861@example.com,engineering,Mobile Team,Ship the new mobile app
Peggy Harris,peggy.harris4862@example.com,sales,Platform Team,Rebuild the customer portal
Ivan Moore,ivan.moore4863@example.com,engineering,Platform Team,Rebuild the customer portal
Heidi White,heidi.white4864@example.com,sales,Platform Team,Rebuild the customer portal
Mallory White,mallory.white4865@example.com,engineering,Data Team,Build the analytics pipeline
Trent Thomas,trent.thomas4866@example.com,sales,Platform Team,Rebuild the customer portal
Judy Moore,judy.moore4867@example.com,engineering,Mobile Team,Ship the new mobile app
Trent Wilson,trent.wilson4868@example.com,engineering,Platform Team,Rebuild the customer portal
Victor Jones,victor.jones4869@example.com,support,Platform Team,Rebuild the customer portal
Olivia Williams,olivia.williams4870@example.com,sales,Growth Team,Expand into new markets
Ivan Thompson,ivan.thompson4871@example.com,support,Mobile Team,Ship the new mobile app
Uma White,uma.white4872@example.com,sales,Platform Team,Rebuild the customer portal
Sybil Brown,sybil.brown4873@example.com,engineering,Mobile Team,Ship the new mobile app
Carlos Anderson,carlos.anderson4874@example.com,engineering,Data Team,Build the analytics pipeline
Bob Martinez,bob.martinez4875@example.com,sales,Data Team,Build the analytics pipeline
Dave Perez,dave.perez4876@example.com,engineering,Growth Team,Expand into new markets
Grace Thomas,grace.thomas4877@example.com,engineering,Mobile Team,Ship the new mobile app
Alice Gonzalez,alice.gonzalez4878@example.com,sales,Growth Team,Expand into new markets
Bob Martinez,bob.martinez4879@example.com,engineering,Growth Team,Expand into new markets
Kevin Ramirez,kevin.ramirez4880@example.com,engineering,Mobile Team,Ship the new mobile app
Wendy Anderson,wendy.anderson4881@example.com,engineering,Platform Team,Rebuild the customer portal
Frank Jones,frank.jones4882@example.com,support,Growth Team,Expand into new markets
Trent Jackson,trent.jackson4883@example.com,sales,Platform Team,Rebuild the customer portal
Peggy Lopez,peggy.lopez4884@example.com,engineering,Mobile Team,Ship the new mobile app
Wendy Taylor,wendy.taylor4885@example.com,support,Data Team,Build the analytics pipeline
Ruth Brown,ruth.brown4886@example.com,sales,Mobile Team,Ship the new mobile app
Bob Rodriguez,bob.rodriguez4887@example.com,support,Mobile Team,Ship the new mobile app
Wendy Wilson,wendy.wilson4888@example.com,engineering,Platform Team,Rebuild the customer portal
Carol Rodriguez,carol.rodriguez4889@example.com,sales,Data Team,Build the analytics pipeline
Mallory Taylor,mallory.taylor4890@example.com,engineering,Growth Team,Expand into new markets
Dave Smith,dave.smith4891@example.com,engineering,Growth Team,Expand into new markets
Sybil Garcia,sybil.garcia4892@example.com,sales,Growth Team,Expand into new markets
Victor Moore,victor.moore4893@example.com,support,Data Team,Build the analytics pipeline
Ivan Thomas,ivan.thomas4894@example.com,support,Platform Team,Rebuild the customer portal
Frank Jackson,frank.jackson4895@example.com,engineering,Mobile Team,Ship the new mobile app
Ruth Johnson,ruth.johnson4896@example.com,engineering,Growth Team,Expand into new markets
Eve Martinez,eve.martinez4897@example.com,support,Growth Team,Expand into new markets
Wendy Gonzalez,wendy.gonzalez4898@example.com,sales,Platform Team,Rebuild the customer portal
Bob Taylor,bob.taylor4899@example.com,engineering,Platform Team,Rebuild the customer portal
Quentin Perez,quentin.perez4900@example.com,support,Data Team,Build the analytics pipeline
Quentin Smith,quentin.smith4901@example.com,engineering,Data Team,Build the analytics pipeline
Kevin Robinson,kevin.robinson4902@example.com,sales,Growth Team,Expand into new markets
Zach Miller,zach.miller4903@example.com,support,Growth Team,Expand into new markets
Peggy Thomas,peggy.thomas4904@example.com,engineering,Mobile Team,Ship the new mobile app
Dave Garcia,dave.garcia4905@example.com,support,Mobile Team,Ship the new mobile app
Uma Lee,uma.lee4906@example.com,engineering,Platform Team,Rebuild the customer portal
Victor Jones,victor.jones4907@example.com,engineering,Growth Team,Expand into new markets
Peggy Taylor,peggy.taylor4908@example.com,support,Platform Team,Rebuild the customer portal
Frank Davis,frank.davis4909@example.com,support,Mobile Team,Ship the new mobile app
Laura Davis,laura.davis4910@example.com,sales,Data Team,Build the analytics pipeline
Bob Harris,bob.harris4911@example.com,engineering,Mobile Team,Ship the new mobile app
Bianca Hernandez,bianca.hernandez4912@example.com,engineering,Mobile Team,Ship the new mobile app
Grace Perez,grace.perez4913@example.com,sales,Data Team,Build the analytics pipeline
Olivia Martin,olivia.martin4914@example.com,support,Growth Team,Expand into new markets
Diana Jones,diana.jones4915@example.com,support,Mobile Team,Ship the new mobile app
Zach Taylor,zach.taylor4916@example.com,support,Mobile Team,Ship the new mobile app
Bianca Harris,bianca.harris4917@example.com,engineering,Growth Team,Expand into new markets
Trent Taylor,trent.taylor4918@example.com,sales,Data Team,Build the analytics pipeline
Yolanda Williams,yolanda.williams4919@example.com,support,Mobile Team,Ship the new mobile app
Alice Wilson,alice.wilson4920@example.com,support,Platform Team,Rebuild the customer portal
Carol Thompson,carol.thompson4921@example.com,support,Growth Team,Expand into new markets
Bob Lopez,bob.lopez4922@example.com,sales,Data Team,Build the analytics pipeline
Ivan Anderson,ivan.anderson4923@example.com,sales,Data Team,Build the analytics pipeline
Amir Moore,amir.moore4924@example.com,sales,Data Team,Build the analytics pipeline
Bianca Thomas,bianca.thomas4925@example.com,sales,Mobile Team,Ship the new mobile app
Yolanda Ramirez,yolanda.ramirez4926@example.com,sales,Growth Team,Expand into new markets
Kevin Williams,kevin.williams4927@example.com,sales,Mobile Team,Ship the new mobile app
Ruth Taylor,ruth.taylor4928@example.com,sales,Platform Team,Rebuild the customer portal
Uma Rodriguez,uma.rodriguez4929@example.com,sales,Data Team,Build the analytics pipeline
Trent Taylor,trent.taylor4930@example.com,sales,Growth Team,Expand into new markets
Diana Lewis,diana.lewis4931@example.com,engineering,Data Team,Build the analytics pipeline
Sybil Miller,sybil.miller4932@example.com,sales,Data Team,Build the analytics pipeline
Grace Clark,grace.clark4933@example.com,support,Data Team,Build the analytics pipeline
Victor Wilson,victor.wilson4934@example.com,sales,Data Team,Build the analytics pipeline
Trent Wilson,trent.wilson4935@example.com,support,Growth Team,Expand into new markets
Carlos Sanchez,carlos.sanchez4936@example.com,support,Growth Team,Expand into new markets
Judy Miller,judy.miller4937@example.com,support,Data Team,Build the analytics pipeline
Ruth Moore,ruth.moore4938@example.com,engineering,Data Team,Build the analytics pipeline
Zach Anderson,zach.anderson4939@example.com,engineering,Growth Team,Expand into new markets
Xavier White,xavier.white4940@example.com,support,Data Team,Build the analytics pipeline
Heidi Miller,heidi.miller4941@example.com,engineering,Data Team,Build the analytics pipeline
Carlos Lee,carlos.lee4942@example.com,sales,Mobile Team,Ship the new mobile app
Heidi Gonzalez,heidi.gonzalez4943@example.com,support,Mobile Team,Ship the new mobile app
Ivan Robinson,ivan.robinson4944@example.com,support,Mobile Team,Ship the new mobile app
Kevin Jones,kevin.jones4945@example.com,support,Data Team,Build the analytics pipeline
Carol Rodriguez,carol.rodriguez4946@example.com,sales,Platform Team,Rebuild the customer portal
Amir Moore,amir.moore4947@example.com,engineering,Mobile Team,Ship the new mobile app
Carol Miller,carol.miller4948@example.com,sales,Data Team,Build the analytics pipeline
Olivia Robinson,olivia.robinson4949@example.com,support,Data Team,Build the analytics pipeline
Sybil Wilson,sybil.wilson4950@example.com,sales,Growth Team,Expand into new markets
Bob Wilson,bob.wilson4951@example.com,support,Mobile Team,Ship the new mobile app
Dave Thomas,dave.thomas4952@example.com,sales,Mobile Team,Ship the new mobile app
Kevin Brown,kevin.brown4953@example.com,engineering,Growth Team,Expand into new markets
Dave Lopez,dave.lopez4954@example.com,engineering,Platform Team,Rebuild the customer portal
Bianca Williams,bianca.williams4955@example.com,engineering,Data Team,Build the analytics pipeline
Ruth Moore,ruth.moore4956@example.com,engineering,Data Team,Build the analytics pipeline
Zach Brown,zach.brown4957@example.com,engineering,Mobile Team,Ship the new mobile app
Bob Lewis,bob.lewis4958@example.com,engineering,Platform Team,Rebuild the customer portal
Dave Hernandez,dave.hernandez4959@example.com,sales,Data Team,Build the analytics pipeline
Niaj Davis,niaj.davis4960@example.com,engineering,Growth Team,Expand into new markets
Trent Martin,trent.martin4961@example.com,support,Data Team,Build the analytics pipeline
Laura Clark,laura.clark4962@example.com,engineering,Growth Team,Expand into new markets
Alice Moore,alice.moore4963@example.com,engineering,Data Team,Build the analytics pipeline
Frank Sanchez,frank.sanchez4964@example.com,engineering,Mobile Team,Ship the new mobile app
Ruth Martin,ruth.martin4965@example.com,engineering,Platform Team,Rebuild the customer portal
Carol Jackson,carol.jackson4966@example.com,sales,Data Team,Build the analytics pipeline
Dave Brown,dave.brown4967@example.com,sales,Growth Team,Expand into new markets
Heidi Davis,heidi.davis4968@example.com,support,Mobile Team,Ship the new mobile app
Frank Lewis,frank.lewis4969@example.com,engineering,Growth Team,Expand into new markets
Ivan Brown,ivan.brown4970@example.com,engineering,Platform Team,Rebuild the customer portal
Victor Martinez,victor.martinez4971@example.com,support,Mobile Team,Ship the new mobile app
Bianca Martin,bianca.martin4972@example.com,sales,Mobile Team,Ship the new mobile app
Grace Davis,grace.davis4973@example.com,engineering,Platform Team,Rebuild the customer portal
Niaj Thompson,niaj.thompson4974@example.com,sales,Mobile Team,Ship the new mobile app
Eve White,eve.white4975@example.com,support,Mobile Team,Ship the new mobile app
Yolanda Gonzalez,yolanda.gonzalez4976@example.com,support,Platform Team,Rebuild the customer portal
Yolanda Rodriguez,yolanda.rodriguez4977@example.com,support,Growth Team,Expand into new markets
Peggy Wilson,peggy.wilson4978@example.com,sales,Data Team,Build the analytics pipeline
Alice Thomas,alice.thomas4979@example.com,sales,Mobile Team,Ship the new mobile app
Trent Miller,trent.miller4980@example.com,engineering,Data Team,Build the analytics pipeline
Wendy Williams,wendy.williams4981@example.com,engineering,Mobile Team,Ship the new mobile app
Zach Gonzalez,zach.gonzalez4982@example.com,engineering,Growth Team,Expand into new markets
Kevin Lopez,kevin.lopez4983@example.com,sales,Mobile Team,Ship the new mobile app
Heidi Thompson,heidi.thompson4984@example.com,engineering,Data Team,Build the analytics pipeline
Mallory Martin,mallory.martin4985@example.com,engineering,Mobile Team,Ship the new mobile app
Victor Robinson,victor.robinson4986@example.com,support,Growth Team,Expand into new markets
Wendy Williams,wendy.williams4987@example.com,support,Mobile Team,Ship the new mobile app
Zach Smith,zach.smith4988@example.com,support,Mobile Team,Ship the new mobile app
Laura Lopez,laura.lopez4989@example.com,engineering,Mobile Team,Ship the new mobile app
Peggy Wilson,peggy.wilson4990@example.com,sales,Mobile Team,Ship the new mobile app
Carol Wilson,carol.wilson4991@example.com,sales,Data Team,Build the analytics pipeline
Heidi Rodriguez,heidi.rodriguez4992@example.com,sales,Data Team,Build the analytics pipeline
Peggy Garcia,peggy.garcia4993@example.com,engineering,Growth Team,Expand into new markets
Bianca Jackson,bianca.jackson4994@example.com,engineering,Growth Team,Expand into new markets
Mallory Lopez,mallory.lopez4995@example.com,engineering,Platform Team,Rebuild the customer portal
Carol Thompson,carol.thompson4996@example.com,engineering,Growth Team,Expand into new markets
Trent Thompson,trent.thompson4997@example.com,sales,Platform Team,Rebuild the customer portal
Carol Taylor,carol.taylor4998@example.com,sales,Data Team,Build the analytics pipeline
Eve Martinez,eve.martinez4999@example.com,sales,Growth Team,Expand into new markets
Ivan Ramirez,ivan.ramirez5000@example.com,engineering,Growth Team,Expand into new markets
Niaj Martinez,niaj.martinez5001@example.com,support,Growth Team,Expand into new markets
Carol Davis,carol.davis5002@example.com,support,Platform Team,Rebuild the customer portal
Bob Jackson,bob.jackson5003@example.com,sales,Growth Team,Expand into new markets
Ruth Thomas,ruth.thomas5004@example.com,engineering,Mobile Team,Ship the new mobile app
Heidi Smith,heidi.smith5005@example.com,support,Growth Team,Expand into new markets
Wendy Williams,wendy.williams5006@example.com,engineering,Platform Team,Rebuild the customer portal
Ivan Clark,ivan.clark5007@example.com,support,Growth Team,Expand into new markets
Dave Harris,dave.harris5008@example.com,support,Mobile Team,Ship the new mobile app
Yolanda Lopez,yolanda.lopez5009@example.com,engineering,Growth Team,Expand into new markets
Ruth Robinson,ruth.robinson5010@example.com,engineering,Growth Team,Expand into new markets
Zach Smith,zach.smith5011@example.com,engineering,Data Team,Build the analytics pipeline
Yolanda Rodriguez,yolanda.rodriguez5012@example.com,support,Platform Team,Rebuild the customer portal
Quentin Lewis,quentin.lewis5013@example.com,sales,Platform Team,Rebuild the customer portal
Eve Garcia,eve.garcia5014@example.com,sales,Platform Team,Rebuild the customer portal
Eve Ramirez,eve.ramirez5015@example.com,engineering,Growth Team,Expand into new markets
Bianca Martin,bianca.martin5016@example.com,support,Data Team,Build the analytics pipeline
Zach Rodriguez,zach.rodriguez5017@example.com,engineering,Mobile Team,Ship the new mobile app
Olivia Garcia,olivia.garcia5018@example.com,support,Platform Team,Rebuild the customer portal
Heidi Garcia,heidi.garcia5019@example.com,engineering,Platform Team,Rebuild the customer portal
Mallory Jones,mallory.jones5020@example.com,sales,Platform Team,Rebuild the customer portal
Olivia Taylor,olivia.taylor5021@example.com,support,Mobile Team,Ship the new mobile app
Yolanda Gonzalez,yolanda.gonzalez5022@example.com,support,Mobile Team,Ship the new mobile app
Olivia Lee,olivia.lee5023@example.com,support,Data Team,Build the analytics pipeline
Sybil Thompson,sybil.thompson5024@example.com,sales,Mobile Team,Ship the new mobile app
Quentin Robinson,quentin.robinson5025@example.com,engineering,Mobile Team,Ship the new mobile app
Quentin Ramirez,quentin.ramirez5026@example.com,engineering,Mobile Team,Ship the new mobile app
Zach Johnson,zach.johnson5027@example.com,engineering,Growth Team,Expand into new markets
Trent Lopez,trent.lopez5028@example.com,engineering,Data Team,Build the analytics pipeline
Trent Lewis,trent.lewis5029@example.com,sales,Mobile Team,Ship the new mobile app
Mallory Martinez,mallory.martinez5030@example.com,engineering,Data Team,Build the analytics pipeline
Kevin Thomas,kevin.thomas5031@example.com,engineering,Growth Team,Expand into new markets
Grace Wilson,grace.wilson5032@example.com,sales,Growth Team,Expand into new markets
Bianca Jackson,bianca.jackson5033@example.com,support,Growth Team,Expand into new markets
Zach Martinez,zach.martinez5034@example.com,engineering,Mobile Team,Ship the new mobile app
Eve Smith,eve.smith5035@example.com,sales,Growth Team,Expand into new markets
Ivan Thomas,ivan.thomas5036@example.com,sales,Mobile Team,Ship the new mobile app
Wendy Anderson,wendy.anderson5037@example.com,engineering,Data Team,Build the analytics pipeline
Olivia Jones,olivia.jones5038@example.com,engineering,Mobile Team,Ship the new mobile app
Heidi Jones,heidi.jones5039@example.com,sales,Platform Team,Rebuild the customer portal
Laura Johnson,laura.johnson5040@example.com,sales,Data Team,Build the analytics pipeline
Diana Gonzalez,diana.gonzalez5041@example.com,engineering,Mobile Team,Ship the new mobile app
Trent Martinez,trent.martinez5042@example.com,support,Data Team,Build the analytics pipeline
Ruth Thomas,ruth.thomas5043@example.com,sales,Platform Team,Rebuild the customer portal
Carol Lopez,carol.lopez5044@example.com,engineering,Data Team,Build the analytics pipeline
Judy Robinson,judy.robinson5045@example.com,engineering,Growth Team,Expand into new markets
Dave Jones,dave.jones5046@example.com,engineering,Data Team,Build the analytics pipeline
Alice Taylor,alice.taylor5047@example.com,support,Growth Team,Expand into new markets
Quentin Lopez,quentin.lopez5048@example.com,sales,Platform Team,Rebuild the customer portal
Mallory Hernandez,mallory.hernandez5049@example.com,sales,Mobile Team,Ship the new mobile app
Trent Hernandez,trent.hernandez5050@example.com,sales,Data Team,Build the analytics pipeline
Bob Sanchez,bob.sanchez5051@example.com,sales,Platform Team,Rebuild the customer portal
Yolanda Thomas,yolanda.thomas5052@example.com,support,Mobile Team,Ship the new mobile app
Bob Perez,bob.perez5053@example.com,engineering,Platform Team,Rebuild the customer portal
Diana Clark,diana.clark5054@example.com,sales,Mobile Team,Ship the new mobile app
Victor Thompson,victor.thompson5055@example.com,support,Mobile Team,Ship the new mobile app
Xavier Lee,xavier.lee5056@example.com,engineering,Data Team,Build the analytics pipeline
Eve Harris,eve.harris5057@example.com,engineering,Growth Team,Expand into new markets
Trent Gonzalez,trent.gonzalez5058@example.com,sales,Data Team,Build the analytics pipeline
Heidi Johnson,heidi.johnson5059@example.com,sales,Platform Team,Rebuild the customer portal
Alice Jones,alice.jones5060@example.com,sales,Growth Team,Expand into new markets
Sybil Miller,sybil.miller5061@example.com,engineering,Mobile Team,Ship the new mobile app
Niaj Moore,niaj.moore5062@example.com,engineering,Data Team,Build the analytics pipeline
Alice Williams,alice.williams5063@example.com,engineering,Growth Team,Expand into new markets
Ivan White,ivan.white5064@example.com,engineering,Mobile Team,Ship the new mobile app
Heidi Anderson,heidi.anderson5065@example.com,support,Growth Team,Expand into new markets
Peggy Brown,peggy.brown5066@example.com,support,Platform Team,Rebuild the customer portal
Olivia Sanchez,olivia.sanchez5067@example.com,support,Data Team,Build the analytics pipeline
Xavier Lopez,xavier.lopez5068@example.com,sales,Mobile Team,Ship the new mobile app
Sybil Moore,sybil.moore5069@example.com,support,Data Team,Build the analytics pipeline
Victor Hernandez,victor.hernandez5070@example.com,support,Growth Team,Expand into new markets
Victor Clark,victor.clark5071@example.com,support,Data Team,Build the analytics pipeline
Yolanda Lewis,yolanda.lewis5072@example.com,engineering,Growth Team,Expand into new markets
Amir Smith,amir.smith5073@example.com,sales,Mobile Team,Ship the new mobile app
Ivan Hernandez,ivan.hernandez5074@example.com,sales,Data Team,Build the analytics pipeline
Xavier Gonzalez,xavier.gonzalez5075@example.com,support,Platform Team,Rebuild the customer portal
Judy Sanchez,judy.sanchez5076@example.com,engineering,Data Team,Build the analytics pipeline
Amir Jones,amir.jones5077@example.com,engineering,Growth Team,Expand into new markets
Carlos Davis,carlos.davis5078@example.com,engineering,Mobile Team,Ship the new mobile app
Diana Brown,diana.brown5079@example.com,sales,Data Team,Build the analytics pipeline
Xavier Gonzalez,xavier.gonzalez5080@example.com,support,Mobile Team,Ship the new mobile app
Kevin Martinez,kevin.martinez5081@example.com,engineering,Platform Team,Rebuild the customer portal
Frank Martin,frank.martin5082@example.com,support,Mobile Team,Ship the new mobile app
Carol Harris,carol.harris5083@example.com,engineering,Data Team,Build the analytics pipeline
Niaj Gonzalez,niaj.gonzalez5084@example.com,engineering,Mobile Team,Ship the new mobile app
Niaj Thomas,niaj.thomas5085@example.com,sales,Platform Team,Rebuild the customer portal
Laura Brown,laura.brown5086@example.com,engineering,Data Team,Build the analytics pipeline
Peggy Lewis,peggy.lewis5087@example.com,sales,Mobile Team,Ship the new mobile app
Sybil Miller,sybil.miller5088@example.com,sales,Mobile Team,Ship the new mobile app
Bianca Davis,bianca.davis5089@example.com,engineering,Data Team,Build the analytics pipeline
Trent Sanchez,trent.sanchez5090@example.com,sales,Growth Team,Expand into new markets
Frank Martin,frank.martin5091@example.com,support,Data Team,Build the analytics pipeline
Mallory Ramirez,mallory.ramirez5092@example.com,engineering,Platform Team,Rebuild the customer portal
Carol Williams,carol.williams5093@example.com,engineering,Platform Team,Rebuild the customer portal
Ruth Wilson,ruth.wilson5094@example.com,engineering,Mobile Team,Ship the new mobile app
Diana Sanchez,diana.sanchez5095@example.com,engineering,Growth Team,Expand into new markets
Alice Thomas,alice.thomas5096@example.com,engineering,Growth Team,Expand into new markets
Eve Martinez,eve.martinez5097@example.com,support,Data Team,Build the analytics pipeline
Victor Robinson,victor.robinson5098@example.com,support,Data Team,Build the analytics pipeline
Sybil Williams,sybil.williams5099@example.com,engineering,Platform Team,Rebuild the customer portal
Carlos Martinez,carlos.martinez5100@example.com,engineering,Data Team,Build the analytics pipeline
Bob Jackson,bob.jackson5101@example.com,engineering,Platform Team,Rebuild the customer portal
Trent Smith,trent.smith5102@example.com,engineering,Growth Team,Expand into new markets
Carlos Gonzalez,carlos.gonzalez5103@example.com,engineering,Mobile Team,Ship the new mobile app
Ivan Jackson,ivan.jackson5104@example.com,support,Data Team,Build the analytics pipeline
Amir Taylor,amir.taylor5105@example.com,support,Platform Team,Rebuild the customer portal
Judy Jones,judy.jones5106@example.com,sales,Platform Team,Rebuild the customer portal
Trent Ramirez,trent.ramirez5107@example.com,engineering,Data Team,Build the analytics pipeline
Uma Harris,uma.harris5108@example.com,sales,Platform Team,Rebuild the customer portal
Trent Davis,trent.davis5109@example.com,engineering,Data Team,Build the analytics pipeline
Mallory Ramirez,mallory.ramirez5110@example.com,support,Data Team,Build the analytics pipeline
Frank Thompson,frank.thompson5111@example.com,sales,Mobile Team,Ship the new mobile app
Laura Taylor,laura.taylor5112@example.com,sales,Data Team,Build the analytics pipeline
Uma Thompson,uma.thompson5113@example.com,sales,Mobile Team,Ship the new mobile app
Zach Robinson,zach.robinson5114@example.com,sales,Growth Team,Expand into new markets
Victor Hernandez,victor.hernandez5115@example.com,engineering,Growth Team,Expand into new markets
Olivia Jones,olivia.jones5116@example.com,engineering,Growth Team,Expand into new markets
Carol Johnson,carol.johnson5117@example.com,engineering,Platform Team,Rebuild the customer portal
Dave Anderson,dave.anderson5118@example.com,engineering,Growth Team,Expand into new markets
Xavier Williams,xavier.williams5119@example.com,sales,Data Team,Build the analytics pipeline
Wendy Hernandez,wendy.hernandez5120@example.com,support,Growth Team,Expand into new markets
Peggy Wilson,peggy.wilson5121@example.com,engineering,Mobile Team,Ship the new mobile app
Diana Lee,diana.lee5122@example.com,support,Data Team,Build the analytics pipeline
Grace Lewis,grace.lewis5123@example.com,support,Mobile Team,Ship the new mobile app
Bob Lopez,bob.lopez5124@example.com,sales,Growth Team,Expand into new markets
Grace Lopez,grace.lopez5125@example.com,engineering,Platform Team,Rebuild the customer portal
Bob Clark,bob.clark5126@example.com,sales,Data Team,Build the analytics pipeline
Frank Clark,frank.clark5127@example.com,sales,Mobile Team,Ship the new mobile app
Victor Gonzalez,victor.gonzalez5128@example.com,sales,Data Team,Build the analytics pipeline
Eve Clark,eve.clark5129@example.com,support,Data Team,Build the analytics pipeline
Wendy Wilson,wendy.wilson5130@example.com,support,Data Team,Build the analytics pipeline
Bianca Thompson,bianca.thompson5131@example.com,engineering,Growth Team,Expand into new markets
Bianca Sanchez,bianca.sanchez5132@example.com,sales,Growth Team,Expand into new markets
Niaj Williams,niaj.williams5133@example.com,sales,Mobile Team,Ship the new mobile app
Eve Johnson,eve.johnson5134@example.com,engineering,Growth Team,Expand into new markets
Quentin Martin,quentin.martin5135@example.com,sales,Mobile Team,Ship the new mobile app
Diana Miller,diana.miller5136@example.com,sales,Growth Team,Expand into new markets
Bob Harris,bob.harris5137@example.com,support,Platform Team,Rebuild the customer portal
Laura Thompson,laura.thompson5138@example.com,support,Data Team,Build the analytics pipeline
Laura Hernandez,laura.hernandez5139@example.com,engineering,Platform Team,Rebuild the customer portal
Peggy Harris,peggy.harris5140@example.com,engineering,Growth Team,Expand into new markets
Eve Hernandez,eve.hernandez5141@example.com,support,Data Team,Build the analytics pipeline
Mallory Lewis,mallory.lewis5142@example.com,sales,Growth Team,Expand into new markets
Yolanda White,yolanda.white5143@example.com,sales,Platform Team,Rebuild the customer portal
Xavier Jackson,xavier.jackson5144@example.com,support,Data Team,Build the analytics pipeline
Yolanda Anderson,yolanda.anderson5145@example.com,sales,Platform Team,Rebuild the customer portal
Kevin Smith,kevin.smith5146@example.com,support,Mobile Team,Ship the new mobile app
Uma Sanchez,uma.sanchez5147@example.com,sales,Platform Team,Rebuild the customer portal
Amir Lewis,amir.lewis5148@example.com,sales,Mobile Team,Ship the new mobile app
Diana Lewis,diana.lewis5149@example.com,sales,Growth Team,Expand into new markets
Amir Jackson,amir.jackson5150@example.com,sales,Growth Team,Expand into new markets
Ivan Martinez,ivan.martinez5151@example.com,engineering,Platform Team,Rebuild the customer portal
Victor Lewis,victor.lewis5152@example.com,sales,Data Team,Build the analytics pipeline
Ivan Smith,ivan.smith5153@example.com,engineering,Growth Team,Expand into new markets
Heidi Clark,heidi.clark5154@example.com,engineering,Mobile Team,Ship the new mobile app
Mallory Smith,mallory.smith5155@example.com,engineering,Mobile Team,Ship the new mobile app
Carol Sanchez,carol.sanchez5156@example.com,support,Data Team,Build the analytics pipeline
Amir Lewis,amir.lewis5157@example.com,engineering,Mobile Team,Ship the new mobile app
Quentin Ramirez,quentin.ramirez5158@example.com,support,Data Team,Build the analytics pipeline
Victor Johnson,victor.johnson5159@example.com,support,Mobile Team,Ship the new mobile app
Grace Moore,grace.moore5160@example.com,engineering,Data Team,Build the analytics pipeline
Bianca Davis,bianca.davis5161@example.com,support,Mobile Team,Ship the new mobile app
Xavier Hernandez,xavier.hernandez5162@example.com,support,Growth Team,Expand into new markets
Uma Miller,uma.miller5163@example.com,support,Platform Team,Rebuild the customer portal
Niaj Williams,niaj.williams5164@example.com,support,Data Team,Build the analytics pipeline
Heidi Thomas,heidi.thomas5165@example.com,engineering,Platform Team,Rebuild the customer portal
Eve Robinson,eve.robinson5166@example.com,engineering,Data Team,Build the analytics pipeline
Victor Martinez,victor.martinez5167@example.com,sales,Data Team,Build the analytics pipeline
Frank Lewis,frank.lewis5168@example.com,engineering,Mobile Team,Ship the new mobile app
Xavier Garcia,xavier.garcia5169@example.com,engineering,Data Team,Build the analytics pipeline
Yolanda Robinson,yolanda.robinson5170@example.com,sales,Data Team,Build the analytics pipeline
Ruth Thompson,ruth.thompson5171@example.com,engineering,Platform Team,Rebuild the customer portal
Eve Ramirez,eve.ramirez5172@example.com,engineering,Platform Team,Rebuild the customer portal
Heidi Williams,heidi.williams5173@example.com,engineering,Data Team,Build the analytics pipeline
Dave Harris,dave.harris5174@example.com,sales,Mobile Team,Ship the new mobile app
Dave Taylor,dave.taylor5175@example.com,support,Mobile Team,Ship the new mobile app
Dave Thomas,dave.thomas5176@example.com,engineering,Data Team,Build the analytics pipeline
Laura Sanchez,laura.sanchez5177@example.com,sales,Platform Team,Rebuild the customer portal
Frank Gonzalez,frank.gonzalez5178@example.com,support,Growth Team,Expand into new markets
Ivan White,ivan.white5179@example.com,support,Platform Team,Rebuild the customer portal
Zach Sanchez,zach.sanchez5180@example.com,engineering,Platform Team,Rebuild the customer portal
Frank Jones,frank.jones5181@example.com,engineering,Data Team,Build the analytics pipeline
Quentin Clark,quentin.clark5182@example.com,sales,Growth Team,Expand into new markets
Diana Harris,diana.harris5183@example.com,engineering,Data Team,Build the analytics pipeline
Kevin Ramirez,kevin.ramirez5184@example.com,sales,Mobile Team,Ship the new mobile app
Dave Sanchez,dave.sanchez5185@example.com,engineering,Mobile Team,Ship the new mobile app
Frank Miller,frank.miller5186@example.com,support,Mobile Team,Ship the new mobile app
Xavier Thompson,xavier.thompson5187@example.com,support,Platform Team,Rebuild the customer portal
Heidi Clark,heidi.clark5188@example.com,support,Mobile Team,Ship the new mobile app
Yolanda Anderson,yolanda.anderson5189@example.com,sales,Mobile Team,Ship the new mobile app
Uma Lopez,uma.lopez5190@example.com,engineering,Growth Team,Expand into new markets
Bob Anderson,bob.anderson5191@example.com,engineering,Growth Team,Expand into new markets
Sybil Lopez,sybil.lopez5192@example.com,support,Platform Team,Rebuild the customer portal
Diana Lopez,diana.lopez5193@example.com,sales,Data Team,Build the analytics pipeline
Xavier Clark,xavier.clark5194@example.com,sales,Platform Team,Rebuild the customer portal
Bianca Anderson,bianca.anderson5195@example.com,engineering,Platform Team,Rebuild the customer portal
Amir Brown,amir.brown5196@example.com,support,Platform Team,Rebuild the customer portal
Eve Thomas,eve.thomas5197@example.com,support,Mobile Team,Ship the new mobile app
Ruth White,ruth.white5198@example.com,engineering,Data Team,Build the analytics pipeline
Trent Sanchez,trent.sanchez5199@example.com,support,Platform Team,Rebuild the customer portal
Kevin Davis,kevin.davis5200@example.com,support,Data Team,Build the analytics pipeline
Amir Wilson,amir.wilson5201@example.com,engineering,Data Team,Build the analytics pipeline
Bianca Brown,bianca.brown5202@example.com,sales,Platform Team,Rebuild the customer portal
Victor Jones,victor.jones5203@example.com,sales,Data Team,Build the analytics pipeline
Eve Rodriguez,eve.rodriguez5204@example.com,sales,Data Team,Build the analytics pipeline
Carol Taylor,carol.taylor5205@example.com,engineering,Data Team,Build the analytics pipeline
Peggy Martinez,peggy.martinez5206@example.com,sales,Data Team,Build the analytics pipeline
Alice Smith,alice.smith5207@example.com,sales,Data Team,Build the analytics pipeline
Frank Thompson,frank.thompson5208@example.com,engineering,Platform Team,Rebuild the customer portal
Diana Taylor,diana.taylor5209@example.com,sales,Platform Team,Rebuild the customer portal
Dave Brown,dave.brown5210@example.com,sales,Data Team,Build the analytics pipeline
Kevin Lewis,kevin.lewis5211@example.com,engineering,Platform Team,Rebuild the customer portal
Sybil Miller,sybil.miller5212@example.com,engineering,Platform Team,Rebuild the customer portal
Bob Rodriguez,bob.rodriguez5213@example.com,support,Data Team,Build the analytics pipeline
Yolanda Moore,yolanda.moore5214@example.com,support,Platform Team,Rebuild the customer portal
Ruth Robinson,ruth.robinson5215@example.com,support,Data Team,Build the analytics pipeline
Victor Martinez,victor.martinez5216@example.com,sales,Platform Team,Rebuild the customer portal
Yolanda Robinson,yolanda.robinson5217@example.com,sales,Platform Team,Rebuild the customer portal
Diana Lewis,diana.lewis5218@example.com,engineering,Mobile Team,Ship the new mobile app
Victor Hernandez,victor.hernandez5219@example.com,support,Data Team,Build the analytics pipeline
Bob Jones,bob.jones5220@example.com,engineering,Platform Team,Rebuild the customer portal
Sybil Smith,sybil.smith5221@example.com,sales,Platform Team,Rebuild the customer portal
Bob Thomas,bob.thomas5222@example.com,sales,Data Team,Build the analytics pipeline
Ruth Brown,ruth.brown5223@example.com,engineering,Data Team,Build the analytics pipeline
Sybil Moore,sybil.moore5224@example.com,engineering,Growth Team,Expand into new markets
Kevin Garcia,kevin.garcia5225@example.com,support,Growth Team,Expand into new markets
Diana Jackson,diana.jackson5226@example.com,support,Platform Team,Rebuild the customer portal
Zach Smith,zach.smith5227@example.com,engineering,Mobile Team,Ship the new mobile app
Xavier Thompson,xavier.thompson5228@example.com,engineering,Growth Team,Expand into new markets
Xavier Clark,xavier.clark5229@example.com,sales,Growth Team,Expand into new markets
Alice Perez,alice.perez5230@example.com,support,Data Team,Build the analytics pipeline
Zach White,zach.white5231@example.com,sales,Growth Team,Expand into new markets
Ruth Davis,ruth.davis5232@example.com,sales,Platform Team,Rebuild the customer portal
Grace Martin,grace.martin5233@example.com,engineering,Mobile Team,Ship the new mobile app
Amir Taylor,amir.taylor5234@example.com,sales,Data Team,Build the analytics pipeline
Eve Gonzalez,eve.gonzalez5235@example.com,support,Mobile Team,Ship the new mobile app
Judy Rodriguez,judy.rodriguez5236@example.com,support,Growth Team,Expand into new markets
Bianca Lewis,bianca.lewis5237@example.com,support,Platform Team,Rebuild the customer portal
Niaj Rodriguez,niaj.rodriguez5238@example.com,engineering,Mobile Team,Ship the new mobile app
Dave Gonzalez,dave.gonzalez5239@example.com,support,Growth Team,Expand into new markets
Ivan Thompson,ivan.thompson5240@example.com,support,Growth Team,Expand into new markets
Frank Clark,frank.clark5241@example.com,support,Platform Team,Rebuild the customer portal
Heidi Jones,heidi.jones5242@example.com,engineering,Platform Team,Rebuild the customer portal
Heidi White,heidi.white5243@example.com,support,Platform Team,Rebuild the customer portal
Carol Perez,carol.perez5244@example.com,engineering,Mobile Team,Ship the new mobile app
Grace Rodriguez,grace.rodriguez5245@example.com,support,Platform Team,Rebuild the customer portal
Alice Lee,alice.lee5246@example.com,support,Growth Team,Expand into new markets
Dave Clark,dave.clark5247@example.com,sales,Platform Team,Rebuild the customer portal
Dave Hernandez,dave.hernandez5248@example.com,sales,Growth Team,Expand into new markets
Eve Jones,eve.jones5249@example.com,sales,Platform Team,Rebuild the customer portal
Kevin Wilson,kevin.wilson5250@example.com,support,Mobile Team,Ship the new mobile app
Quentin Perez,quentin.perez5251@example.com,sales,Data Team,Build the analytics pipeline
Victor Miller,victor.miller5252@example.com,engineering,Growth Team,Expand into new markets
Mallory Lopez,mallory.lopez5253@example.com,support,Growth Team,Expand into new markets
Bianca Perez,bianca.perez5254@example.com,sales,Growth Team,Expand into new markets
Peggy Rodriguez,peggy.rodriguez5255@example.com,engineering,Mobile Team,Ship the new mobile app
Ivan Smith,ivan.smith5256@example.com,sales,Mobile Team,Ship the new mobile app
Frank Johnson,frank.johnson5257@example.com,support,Platform Team,Rebuild the customer portal
Olivia Taylor,olivia.taylor5258@example.com,engineering,Data Team,Build the analytics pipeline
Niaj Brown,niaj.brown5259@example.com,engineering,Data Team,Build the analytics pipeline
Judy Rodriguez,judy.rodriguez5260@example.com,sales,Growth Team,Expand into new markets
Yolanda Smith,yolanda.smith5261@example.com,support,Mobile Team,Ship the new mobile app
Carol Jackson,carol.jackson5262@example.com,sales,Mobile Team,Ship the new mobile app
Judy Lee,judy.lee5263@example.com,sales,Growth Team,Expand into new markets
Grace Thompson,grace.thompson5264@example.com,sales,Data Team,Build the analytics pipeline
Mallory Rodriguez,mallory.rodriguez5265@example.com,sales,Growth Team,Expand into new markets
Heidi Anderson,heidi.anderson5266@example.com,engineering,Growth Team,Expand into new markets
Yolanda Davis,yolanda.davis5267@example.com,sales,Mobile Team,Ship the new mobile app
Heidi Moore,heidi.moore5268@example.com,engineering,Growth Team,Expand into new markets
Ivan White,ivan.white5269@example.com,support,Data Team,Build the analytics pipeline
Ivan Thompson,ivan.thompson5270@example.com,sales,Platform Team,Rebuild the customer portal
Bianca Perez,bianca.perez5271@example.com,support,Data Team,Build the analytics pipeline
Mallory Smith,mallory.smith5272@example.com,support,Platform Team,Rebuild the customer portal
Carlos Brown,carlos.brown5273@example.com,sales,Growth Team,Expand into new markets
Ivan Sanchez,ivan.sanchez5274@example.com,support,Growth Team,Expand into new markets
Diana Moore,diana.moore5275@example.com,support,Growth Team,Expand into new markets
Peggy Taylor,peggy.taylor5276@example.com,engineering,Platform Team,Rebuild the customer portal
Alice Hernandez,alice.hernandez5277@example.com,support,Mobile Team,Ship the new mobile app
Kevin Smith,kevin.smith5278@example.com,engineering,Mobile Team,Ship the new mobile app
Frank Brown,frank.brown5279@example.com,support,Data Team,Build the analytics pipeline
Yolanda Wilson,yolanda.wilson5280@example.com,support,Data Team,Build the analytics pipeline
Zach Rodriguez,zach.rodriguez5281@example.com,support,Growth Team,Expand into new markets
Mallory Perez,mallory.perez5282@example.com,engineering,Data Team,Build the analytics pipeline
Mallory Thomas,mallory.thomas5283@example.com,engineering,Growth Team,Expand into new markets
Kevin Johnson,kevin.johnson5284@example.com,sales,Data Team,Build the analytics pipeline
Peggy Harris,peggy.harris5285@example.com,support,Growth Team,Expand into new markets
Kevin Thomas,kevin.thomas5286@example.com,sales,Growth Team,Expand into new markets
Ruth Smith,ruth.smith5287@example.com,engineering,Platform Team,Rebuild the customer portal
Sybil Lewis,sybil.lewis5288@example.com,engineering,Growth Team,Expand into new markets
Niaj Ramirez,niaj.ramirez5289@example.com,engineering,Platform Team,Rebuild the customer portal
Olivia Wilson,olivia.wilson5290@example.com,engineering,Platform Team,Rebuild the customer portal
Victor Moore,victor.moore5291@example.com,support,Mobile Team,Ship the new mobile app
Eve Davis,eve.davis5292@example.com,engineering,Growth Team,Expand into new markets
Laura Brown,laura.brown5293@example.com,sales,Platform Team,Rebuild the customer portal
Alice Robinson,alice.robinson5294@example.com,engineering,Mobile Team,Ship the new mobile app
Ivan Lee,ivan.lee5295@example.com,engineering,Mobile Team,Ship the new mobile app
Carol Hernandez,carol.hernandez5296@example.com,support,Growth Team,Expand into new markets
Dave Williams,dave.williams5297@example.com,support,Data Team,Build the analytics pipeline
Ruth White,ruth.white5298@example.com,engineering,Growth Team,Expand into new markets
Peggy Thompson,peggy.thompson5299@example.com,support,Data Team,Build the analytics pipeline
Frank Perez,frank.perez5300@example.com,sales,Platform Team,Rebuild the customer portal
Amir Miller,amir.miller5301@example.com,sales,Mobile Team,Ship the new mobile app
Dave Williams,dave.williams5302@example.com,support,Growth Team,Expand into new markets
Ivan Smith,ivan.smith5303@example.com,support,Mobile Team,Ship the new mobile app
Laura Robinson,laura.robinson5304@example.com,sales,Data Team,Build the analytics pipeline
Ruth Thompson,ruth.thompson5305@example.com,engineering,Growth Team,Expand into new markets
Xavier Brown,xavier.brown5306@example.com,support,Platform Team,Rebuild the customer portal
Ivan Miller,ivan.miller5307@example.com,engineering,Growth Team,Expand into new markets
Heidi White,heidi.white5308@example.com,support,Platform Team,Rebuild the customer portal
Frank Miller,frank.miller5309@example.com,engineering,Growth Team,Expand into new markets
Eve Martinez,eve.martinez5310@example.com,engineering,Mobile Team,Ship the new mobile app
Victor Anderson,victor.anderson5311@example.com,support,Growth Team,Expand into new markets
Eve Johnson,eve.johnson5312@example.com,support,Platform Team,Rebuild the customer portal
Diana White,diana.white5313@example.com,sales,Growth Team,Expand into new markets
Uma Harris,uma.harris5314@example.com,support,Data Team,Build the analytics pipeline
Niaj Jones,niaj.jones5315@example.com,engineering,Platform Team,Rebuild the customer portal
Peggy Gonzalez,peggy.gonzalez5316@example.com,engineering,Platform Team,Rebuild the customer portal
Laura Johnson,laura.johnson5317@example.com,support,Growth Team,Expand into new markets
Amir Lewis,amir.lewis5318@example.com,engineering,Mobile Team,Ship the new mobile app
Carol Harris,carol.harris5319@example.com,engineering,Growth Team,Expand into new markets
Carol Jones,carol.jones5320@example.com,engineering,Mobile Team,Ship the new mobile app
Niaj Davis,niaj.davis5321@example.com,sales,Growth Team,Expand into new markets
Wendy Taylor,wendy.taylor5322@example.com,sales,Data Team,Build the analytics pipeline
Frank Clark,frank.clark5323@example.com,sales,Growth Team,Expand into new markets
Niaj Garcia,niaj.garcia5324@example.com,sales,Mobile Team,Ship the new mobile app
Kevin Rodriguez,kevin.rodriguez5325@example.com,support,Growth Team,Expand into new markets
Zach Harris,zach.harris5326@example.com,engineering,Platform Team,Rebuild the customer portal
Mallory Martinez,mallory.martinez5327@example.com,support,Mobile Team,Ship the new mobile app
Olivia Robinson,olivia.robinson5328@example.com,support,Platform Team,Rebuild the customer portal
Dave Sanchez,dave.sanchez5329@example.com,engineering,Growth Team,Expand into new markets
Heidi White,heidi.white5330@example.com,support,Platform Team,Rebuild the customer portal
Peggy Gonzalez,peggy.gonzalez5331@example.com,engineering,Growth Team,Expand into new markets
Quentin Garcia,quentin.garcia5332@example.com,engineering,Growth Team,Expand into new markets
Heidi Robinson,heidi.robinson5333@example.com,support,Platform Team,Rebuild the customer portal
Bianca Martin,bianca.martin5334@example.com,engineering,Platform Team,Rebuild the customer portal
Ruth Moore,ruth.moore5335@example.com,sales,Platform Team,Rebuild the customer portal
Quentin Moore,quentin.moore5336@example.com,sales,Platform Team,Rebuild the customer portal
Ivan Hernandez,ivan.hernandez5337@example.com,engineering,Growth Team,Expand into new markets
Bob Wilson,bob.wilson5338@example.com,engineering,Mobile Team,Ship the new mobile app
Eve Sanchez,eve.sanchez5339@example.com,support,Growth Team,Expand into new markets
Uma Williams,uma.williams5340@example.com,support,Growth Team,Expand into new markets
Olivia Williams,olivia.williams5341@example.com,support,Mobile Team,Ship the new mobile app
Uma Moore,uma.moore5342@example.com,support,Platform Team,Rebuild the customer portal
Yolanda Hernandez,yolanda.hernandez5343@example.com,engineering,Mobile Team,Ship the new mobile app
Victor Rodriguez,victor.rodriguez5344@example.com,engineering,Data Team,Build the analytics pipeline
Bob Harris,bob.harris5345@example.com,engineering,Platform Team,Rebuild the customer portal
Yolanda Perez,yolanda.perez5346@example.com,support,Platform Team,Rebuild the customer portal
Alice Williams,alice.williams5347@example.com,engineering,Data Team,Build the analytics pipeline
Yolanda White,yolanda.white5348@example.com,engineering,Platform Team,Rebuild the customer portal
Wendy Miller,wendy.miller5349@example.com,engineering,Mobile Team,Ship the new mobile app
Olivia Sanchez,olivia.sanchez5350@example.com,engineering,Data Team,Build the analytics pipeline
Zach Lee,zach.lee5351@example.com,support,Platform Team,Rebuild the customer portal
Eve Lopez,eve.lopez5352@example.com,sales,Data Team,Build the analytics pipeline
Victor Brown,victor.brown5353@example.com,sales,Data Team,Build the analytics pipeline
Ivan Garcia,ivan.garcia5354@example.com,support,Platform Team,Rebuild the customer portal
Amir Jones,amir.jones5355@example.com,sales,Mobile Team,Ship the new mobile app
Peggy Taylor,peggy.taylor5356@example.com,engineering,Platform Team,Rebuild the customer portal
Frank Clark,frank.clark5357@example.com,support,Data Team,Build the analytics pipeline
Trent Sanchez,trent.sanchez5358@example.com,sales,Platform Team,Rebuild the customer portal
Mallory Thomas,mallory.thomas5359@example.com,support,Platform Team,Rebuild the customer portal
Niaj Anderson,niaj.anderson5360@example.com,engineering,Platform Team,Rebuild the customer portal
Trent Johnson,trent.johnson5361@example.com,support,Platform Team,Rebuild the customer portal
Ivan Lewis,ivan.lewis5362@example.com,sales,Growth Team,Expand into new markets
Laura Lee,laura.lee5363@example.com,engineering,Data Team,Build the analytics pipeline
Laura White,laura.white5364@example.com,support,Data Team,Build the analytics pipeline
Eve Gonzalez,eve.gonzalez5365@example.com,support,Mobile Team,Ship the new mobile app
Dave Davis,dave.davis5366@example.com,engineering,Mobile Team,Ship the new mobile app
Zach Rodriguez,zach.rodriguez5367@example.com,sales,Growth Team,Expand into new markets
Laura Perez,laura.perez5368@example.com,sales,Platform Team,Rebuild the customer portal
Judy Clark,judy.clark5369@example.com,support,Growth Team,Expand into new markets
Mallory White,mallory.white5370@example.com,support,Platform Team,Rebuild the customer portal
Wendy Johnson,wendy.johnson5371@example.com,engineering,Mobile Team,Ship the new mobile app
Niaj Miller,niaj.miller5372@example.com,sales,Growth Team,Expand into new markets
Trent Ramirez,trent.ramirez5373@example.com,support,Mobile Team,Ship the new mobile app
Laura Sanchez,laura.sanchez5374@example.com,support,Platform Team,Rebuild the customer portal
Yolanda Lee,yolanda.lee5375@example.com,engineering,Growth Team,Expand into new markets
Carol Johnson,carol.johnson5376@example.com,engineering,Data Team,Build the analytics pipeline
Diana Brown,diana.brown5377@example.com,sales,Mobile Team,Ship the new mobile app
Amir Taylor,amir.taylor5378@example.com,support,Platform Team,Rebuild the customer portal
Diana Taylor,diana.taylor5379@example.com,sales,Platform Team,Rebuild the customer portal
Uma White,uma.white5380@example.com,support,Data Team,Build the analytics pipeline
Frank Moore,frank.moore5381@example.com,sales,Mobile Team,Ship the new mobile app
Carlos Robinson,carlos.robinson5382@example.com,support,Growth Team,Expand into new markets
Grace Gonzalez,grace.gonzalez5383@example.com,support,Growth Team,Expand into new markets
Uma Williams,uma.williams5384@example.com,sales,Mobile Team,Ship the new mobile app
Heidi Jones,heidi.jones5385@example.com,engineering,Platform Team,Rebuild the customer portal
Wendy Gonzalez,wendy.gonzalez5386@example.com,support,Data Team,Build the analytics pipeline
Frank Taylor,frank.taylor5387@example.com,sales,Data Team,Build the analytics pipeline
Judy Garcia,judy.garcia5388@example.com,engineering,Platform Team,Rebuild the customer portal
Carlos Wilson,carlos.wilson5389@example.com,sales,Growth Team,Expand into new markets
Xavier White,xavier.white5390@example.com,engineering,Mobile Team,Ship the new mobile app
Dave Martinez,dave.martinez5391@example.com,engineering,Data Team,Build the analytics pipeline
Olivia Ramirez,olivia.ramirez5392@example.com,sales,Platform Team,Rebuild the customer portal
Judy Lee,judy.lee5393@example.com,engineering,Mobile Team,Ship the new mobile app
Laura Harris,laura.harris5394@example.com,sales,Data Team,Build the analytics pipeline
Bianca Ramirez,bianca.ramirez5395@example.com,engineering,Platform Team,Rebuild the customer portal
Mallory Sanchez,mallory.sanchez5396@example.com,support,Growth Team,Expand into new markets
Victor Lopez,victor.lopez5397@example.com,support,Data Team,Build the analytics pipeline
Victor Garcia,victor.garcia5398@example.com,engineering,Data Team,Build the analytics pipeline
Bianca Robinson,bianca.robinson5399@example.com,support,Platform Team,Rebuild the customer portal
Carol Thomas,carol.thomas5400@example.com,sales,Mobile Team,Ship the new mobile app
Niaj Sanchez,niaj.sanchez5401@example.com,sales,Data Team,Build the analytics pipeline
Quentin Jackson,quentin.jackson5402@example.com,engineering,Platform Team,Rebuild the customer portal
Xavier Brown,xavier.brown5403@example.com,engineering,Data Team,Build the analytics pipeline
Ruth Thompson,ruth.thompson5404@example.com,sales,Growth Team,Expand into new markets
Kevin White,kevin.white5405@example.com,sales,Growth Team,Expand into new markets
Trent Clark,trent.clark5406@example.com,support,Platform Team,Rebuild the customer portal
Wendy Hernandez,wendy.hernandez5407@example.com,sales,Platform Team,Rebuild the customer portal
Victor Lee,victor.lee5408@example.com,sales,Platform Team,Rebuild the customer portal
Heidi Miller,heidi.miller5409@example.com,engineering,Growth Team,Expand into new markets
Yolanda Clark,yolanda.clark5410@example.com,engineering,Data Team,Build the analytics pipeline
Amir Taylor,amir.taylor5411@example.com,support,Data Team,Build the analytics pipeline
Kevin Lewis,kevin.lewis5412@example.com,sales,Platform Team,Rebuild the customer portal
Xavier Davis,xavier.davis5413@example.com,engineering,Growth Team,Expand into new markets
Carol Brown,carol.brown5414@example.com,support,Mobile Team,Ship the new mobile app
Olivia White,olivia.white5415@example.com,support,Platform Team,Rebuild the customer portal
Bob Martin,bob.martin5416@example.com,engineering,Growth Team,Expand into new markets
Sybil Williams,sybil.williams5417@example.com,sales,Growth Team,Expand into new markets
Grace Jones,grace.jones5418@example.com,support,Mobile Team,Ship the new mobile app
Kevin Davis,kevin.davis5419@example.com,sales,Platform Team,Rebuild the customer portal
Bianca Johnson,bianca.johnson5420@example.com,engineering,Platform Team,Rebuild the customer portal
Diana Harris,diana.harris5421@example.com,sales,Mobile Team,Ship the new mobile app
Mallory Brown,mallory.brown5422@example.com,support,Mobile Team,Ship the new mobile app
Bianca Wilson,bianca.wilson5423@example.com,engineering,Platform Team,Rebuild the customer portal
Diana Garcia,diana.garcia5424@example.com,engineering,Growth Team,Expand into new markets
Zach Smith,zach.smith5425@example.com,sales,Platform Team,Rebuild the customer portal
Yolanda Wilson,yolanda.wilson5426@example.com,support,Platform Team,Rebuild the customer portal
Eve Clark,eve.clark5427@example.com,engineering,Platform Team,Rebuild the customer portal
Wendy Gonzalez,wendy.gonzalez5428@example.com,sales,Data Team,Build the analytics pipeline
Uma Thompson,uma.thompson5429@example.com,sales,Mobile Team,Ship the new mobile app
Xavier Martinez,xavier.martinez5430@example.com,support,Platform Team,Rebuild the customer portal
Diana Wilson,diana.wilson5431@example.com,support,Platform Team,Rebuild the customer portal
Victor Miller,victor.miller5432@example.com,sales,Mobile Team,Ship the new mobile app
Trent Sanchez,trent.sanchez5433@example.com,engineering,Data Team,Build the analytics pipeline
Carlos Johnson,carlos.johnson5434@example.com,sales,Platform Team,Rebuild the customer portal
Trent Williams,trent.williams5435@example.com,support,Platform Team,Rebuild the customer portal
Uma Harris,uma.harris5436@example.com,engineering,Data Team,Build the analytics pipeline
Ruth Martinez,ruth.martinez5437@example.com,engineering,Growth Team,Expand into new markets
Mallory Taylor,mallory.taylor5438@example.com,sales,Mobile Team,Ship the new mobile app
Amir Smith,amir.smith5439@example.com,sales,Growth Team,Expand into new markets
Grace Garcia,grace.garcia5440@example.com,engineering,Growth Team,Expand into new markets
Trent Martin,trent.martin5441@example.com,engineering,Growth Team,Expand into new markets
Heidi Anderson,heidi.anderson5442@example.com,sales,Data Team,Build the analytics pipeline
Kevin Wilson,kevin.wilson5443@example.com,engineering,Platform Team,Rebuild the customer portal
Ivan Robinson,ivan.robinson5444@example.com,support,Platform Team,Rebuild the customer portal
Xavier Ramirez,xavier.ramirez5445@example.com,engineering,Data Team,Build the analytics pipeline
Quentin Moore,quentin.moore5446@example.com,support,Mobile Team,Ship the new mobile app
Bob Clark,bob.clark5447@example.com,support,Data Team,Build the analytics pipeline
Alice Harris,alice.harris5448@example.com,engineering,Data Team,Build the analytics pipeline
Peggy Robinson,peggy.robinson5449@example.com,sales,Mobile Team,Ship the new mobile app
Niaj Sanchez,niaj.sanchez5450@example.com,support,Platform Team,Rebuild the customer portal
Wendy Brown,wendy.brown5451@example.com,support,Platform Team,Rebuild the customer portal
Eve Wilson,eve.wilson5452@example.com,engineering,Platform Team,Rebuild the customer portal
Grace Ramirez,grace.ramirez5453@example.com,support,Platform Team,Rebuild the customer portal
Carlos Miller,carlos.miller5454@example.com,sales,Data Team,Build the analytics pipeline
Mallory Lewis,mallory.lewis5455@example.com,engineering,Platform Team,Rebuild the customer portal
Mallory Jones,mallory.jones5456@example.com,engineering,Mobile Team,Ship the new mobile app
Kevin White,kevin.white5457@example.com,engineering,Growth Team,Expand into new markets
Frank Harris,frank.harris5458@example.com,sales,Growth Team,Expand into new markets
Carlos Hernandez,carlos.hernandez5459@example.com,engineering,Data Team,Build the analytics pipeline
Amir Wilson,amir.wilson5460@example.com,sales,Growth Team,Expand into new markets
Sybil Brown,sybil.brown5461@example.com,support,Mobile Team,Ship the new mobile app
Bianca Thomas,bianca.thomas5462@example.com,support,Mobile Team,Ship the new mobile app
Uma Lewis,uma.lewis5463@example.com,support,Growth Team,Expand into new markets
Grace Taylor,grace.taylor5464@example.com,sales,Data Team,Build the analytics pipeline
Xavier Johnson,xavier.johnson5465@example.com,engineering,Platform Team,Rebuild the customer portal
Judy Lewis,judy.lewis5466@example.com,support,Platform Team,Rebuild the customer portal
Olivia Harris,olivia.harris5467@example.com,sales,Growth Team,Expand into new markets
Judy Davis,judy.davis5468@example.com,support,Mobile Team,Ship the new mobile app
Diana Moore,diana.moore5469@example.com,sales,Growth Team,Expand into new markets
Bob Miller,bob.miller5470@example.com,support,Growth Team,Expand into new markets
Laura Martin,laura.martin5471@example.com,engineering,Platform Team,Rebuild the customer portal
Dave Perez,dave.perez5472@example.com,sales,Data Team,Build the analytics pipeline
Wendy Thompson,wendy.thompson5473@example.com,support,Platform Team,Rebuild the customer portal
Amir Johnson,amir.johnson5474@example.com,support,Data Team,Build the analytics pipeline
Sybil Thompson,sybil.thompson5475@example.com,sales,Platform Team,Rebuild the customer portal
Judy Jackson,judy.jackson5476@example.com,engineering,Growth Team,Expand into new markets
Wendy Anderson,wendy.anderson5477@example.com,support,Data Team,Build the analytics pipeline
Zach Garcia,zach.garcia5478@example.com,support,Mobile Team,Ship the new mobile app
Wendy Jackson,wendy.jackson5479@example.com,support,Mobile Team,Ship the new mobile app
Sybil Sanchez,sybil.sanchez5480@example.com,support,Mobile Team,Ship the new mobile app
Judy Clark,judy.clark5481@example.com,engineering,Mobile Team,Ship the new mobile app
Carlos Taylor,carlos.taylor5482@example.com,engineering,Data Team,Build the analytics pipeline
Ruth Sanchez,ruth.sanchez5483@example.com,support,Data Team,Build the analytics pipeline
Mallory Lee,mallory.lee5484@example.com,engineering,Growth Team,Expand into new markets
Kevin Jackson,kevin.jackson5485@example.com,sales,Platform Team,Rebuild the customer portal
Alice Harris,alice.harris5486@example.com,support,Data Team,Build the analytics pipeline
Trent Sanchez,trent.sanchez5487@example.com,engineering,Growth Team,Expand into new markets
Carlos Miller,carlos.miller5488@example.com,engineering,Platform Team,Rebuild the customer portal
Amir Harris,amir.harris5489@example.com,sales,Growth Team,Expand into new markets
Yolanda Jones,yolanda.jones5490@example.com,sales,Mobile Team,Ship the new mobile app
Sybil Moore,sybil.moore5491@example.com,sales,Platform Team,Rebuild the customer portal
Trent Thompson,trent.thompson5492@example.com,support,Platform Team,Rebuild the customer portal
Peggy Jones,peggy.jones5493@example.com,support,Mobile Team,Ship the new mobile app
Dave Anderson,dave.anderson5494@example.com,engineering,Mobile Team,Ship the new mobile app
Uma Anderson,uma.anderson5495@example.com,support,Growth Team,Expand into new markets
Grace Martinez,grace.martinez5496@example.com,support,Growth Team,Expand into new markets
Trent Davis,trent.davis5497@example.com,support,Data Team,Build the analytics pipeline
Victor Martin,victor.martin5498@example.com,support,Data Team,Build the analytics pipeline
Heidi Lewis,heidi.lewis5499@example.com,support,Growth Team,Expand into new markets
Carlos Moore,carlos.moore5500@example.com,sales,Platform Team,Rebuild the customer portal
Amir Smith,amir.smith5501@example.com,sales,Data Team,Build the analytics pipeline
Carlos Perez,carlos.perez5502@example.com,engineering,Platform Team,Rebuild the customer portal
Carlos Thompson,carlos.thompson5503@example.com,sales,Mobile Team,Ship the new mobile app
Alice Moore,alice.moore5504@example.com,sales,Growth Team,Expand into new markets
Sybil Harris,sybil.harris5505@example.com,support,Data Team,Build the analytics pipeline
Victor Jones,victor.jones5506@example.com,support,Mobile Team,Ship the new mobile app
Ivan Williams,ivan.williams5507@example.com,support,Mobile Team,Ship the new mobile app
Mallory Lopez,mallory.lopez5508@example.com,support,Mobile Team,Ship the new mobile app
Carol Robinson,carol.robinson5509@example.com,engineering,Growth Team,Expand into new markets
Ruth Thomas,ruth.thomas5510@example.com,engineering,Mobile Team,Ship the new mobile app
Victor Clark,victor.clark5511@example.com,engineering,Growth Team,Expand into new markets
Zach Taylor,zach.taylor5512@example.com,support,Data Team,Build the analytics pipeline
Kevin Robinson,kevin.robinson5513@example.com,sales,Platform Team,Rebuild the customer portal
Amir Miller,amir.miller5514@example.com,sales,Data Team,Build the analytics pipeline
Ruth Jones,ruth.jones5515@example.com,support,Growth Team,Expand into new markets
Zach Harris,zach.harris5516@example.com,support,Data Team,Build the analytics pipeline
Ivan Lee,ivan.lee5517@example.com,engineering,Platform Team,Rebuild the customer portal
Amir Garcia,amir.garcia5518@example.com,engineering,Mobile Team,Ship the new mobile app
Alice Smith,alice.smith5519@example.com,support,Mobile Team,Ship the new mobile app
Mallory Robinson,mallory.robinson5520@example.com,engineering,Mobile Team,Ship the new mobile app
Bob Brown,bob.brown5521@example.com,support,Mobile Team,Ship the new mobile app
Grace Williams,grace.williams5522@example.com,support,Platform Team,Rebuild the customer portal
Grace Clark,grace.clark5523@example.com,engineering,Data Team,Build the analytics pipeline
Bob Williams,bob.williams5524@example.com,support,Mobile Team,Ship the new mobile app
Bob Martin,bob.martin5525@example.com,engineering,Data Team,Build the analytics pipeline
Judy Lee,judy.lee5526@example.com,support,Platform Team,Rebuild the customer portal
Kevin Johnson,kevin.johnson5527@example.com,sales,Mobile Team,Ship the new mobile app
Yolanda Garcia,yolanda.garcia5528@example.com,support,Growth Team,Expand into new markets
Olivia Lee,olivia.lee5529@example.com,support,Mobile Team,Ship the new mobile app
Eve Johnson,eve.johnson5530@example.com,engineering,Data Team,Build the analytics pipeline
Uma Rodriguez,uma.rodriguez5531@example.com,engineering,Data Team,Build the analytics pipeline
Carlos Thomas,carlos.thomas5532@example.com,sales,Mobile Team,Ship the new mobile app
Trent Martinez,trent.martinez5533@example.com,engineering,Mobile Team,Ship the new mobile app
Bob Thompson,bob.thompson5534@example.com,engineering,Mobile Team,Ship the new mobile app
Xavier Gonzalez,xavier.gonzalez5535@example.com,support,Mobile Team,Ship the new mobile app
Eve Martin,eve.martin5536@example.com,sales,Growth Team,Expand into new markets
Alice Moore,alice.moore5537@example.com,support,Platform Team,Rebuild the customer portal
Bianca Thomas,bianca.thomas5538@example.com,sales,Mobile Team,Ship the new mobile app
Diana Johnson,diana.johnson5539@example.com,support,Growth Team,Expand into new markets
Wendy Robinson,wendy.robinson5540@example.com,sales,Platform Team,Rebuild the customer portal
Alice Gonzalez,alice.gonzalez5541@example.com,engineering,Data Team,Build the analytics pipeline
Grace Miller,grace.miller5542@example.com,sales,Growth Team,Expand into new markets
Heidi Williams,heidi.williams5543@example.com,sales,Growth Team,Expand into new markets
Laura Thompson,laura.thompson5544@example.com,engineering,Growth Team,Expand into new markets
Laura Robinson,laura.robinson5545@example.com,engineering,Mobile Team,Ship the new mobile app
Olivia Moore,olivia.moore5546@example.com,sales,Platform Team,Rebuild the customer portal
Alice Miller,alice.miller5547@example.com,support,Growth Team,Expand into new markets
Dave Williams,dave.williams5548@example.com,engineering,Growth Team,Expand into new markets
Mallory Brown,mallory.brown5549@example.com,sales,Growth Team,Expand into new markets
Heidi Clark,heidi.clark5550@example.com,engineering,Data Team,Build the analytics pipeline
Olivia Thomas,olivia.thomas5551@example.com,sales,Data Team,Build the analytics pipeline
Dave Miller,dave.miller5552@example.com,sales,Growth Team,Expand into new markets
Carol Lewis,carol.lewis5553@example.com,sales,Data Team,Build the analytics pipeline
Ivan Jackson,ivan.jackson5554@example.com,support,Platform Team,Rebuild the customer portal
Frank Ramirez,frank.ramirez5555@example.com,engineering,Data Team,Build the analytics pipeline
Eve Ramirez,eve.ramirez5556@example.com,sales,Mobile Team,Ship the new mobile app
Quentin Johnson,quentin.johnson5557@example.com,sales,Platform Team,Rebuild the customer portal
Ivan Martinez,ivan.martinez5558@example.com,engineering,Platform Team,Rebuild the customer portal
Olivia Miller,olivia.miller5559@example.com,engineering,Data Team,Build the analytics pipeline
Mallory Thomas,mallory.thomas5560@example.com,engineering,Platform Team,Rebuild the customer portal
Carlos Anderson,carlos.anderson5561@example.com,support,Mobile Team,Ship the new mobile app
Quentin Garcia,quentin.garcia5562@example.com,engineering,Growth Team,Expand into new markets
Alice Clark,alice.clark5563@example.com,support,Growth Team,Expand into new markets
Carol Lewis,carol.lewis5564@example.com,support,Mobile Team,Ship the new mobile app
Ruth Clark,ruth.clark5565@example.com,engineering,Growth Team,Expand into new markets
Uma Miller,uma.miller5566@example.com,support,Data Team,Build the analytics pipeline
Diana Wilson,diana.wilson5567@example.com,support,Growth Team,Expand into new markets
Ruth Hernandez,ruth.hernandez5568@example.com,support,Mobile Team,Ship the new mobile app
Victor Martin,victor.martin5569@example.com,engineering,Mobile Team,Ship the new mobile app
Yolanda Wilson,yolanda.wilson5570@example.com,support,Growth Team,Expand into new markets
Heidi Lewis,heidi.lewis5571@example.com,support,Platform Team,Rebuild the customer portal
Frank Moore,frank.moore5572@example.com,sales,Data Team,Build the analytics pipeline
Alice Hernandez,alice.hernandez5573@example.com,support,Growth Team,Expand into new markets
Yolanda Anderson,yolanda.anderson5574@example.com,sales,Platform Team,Rebuild the customer portal
Zach Thompson,zach.thompson5575@example.com,sales,Mobile Team,Ship the new mobile app
Victor Robinson,victor.robinson5576@example.com,sales,Platform Team,Rebuild the customer portal
Peggy Thompson,peggy.thompson5577@example.com,sales,Platform Team,Rebuild the customer portal
Bianca Thomas,bianca.thomas5578@example.com,sales,Growth Team,Expand into new markets
Quentin Harris,quentin.harris5579@example.com,engineering,Growth Team,Expand into new markets
Laura Harris,laura.harris5580@example.com,sales,Platform Team,Rebuild the customer portal
Ruth Jones,ruth.jones5581@example.com,support,Platform Team,Rebuild the customer portal
Amir Garcia,amir.garcia5582@example.com,engineering,Growth Team,Expand into new markets
Uma Lopez,uma.lopez5583@example.com,support,Data Team,Build the analytics pipeline
Frank Williams,frank.williams5584@example.com,support,Mobile Team,Ship the new mobile app
Bianca Perez,bianca.perez5585@example.com,engineering,Data Team,Build the analytics pipeline
Yolanda Hernandez,yolanda.hernandez5586@example.com,engineering,Mobile Team,Ship the new mobile app
Victor Rodriguez,victor.rodriguez5587@example.com,support,Mobile Team,Ship the new mobile app
Eve White,eve.white5588@example.com,support,Platform Team,Rebuild the customer portal
Uma Harris,uma.harris5589@example.com,engineering,Growth Team,Expand into new markets
Sybil Jones,sybil.jones5590@example.com,support,Data Team,Build the analytics pipeline
Mallory Anderson,mallory.anderson5591@example.com,support,Platform Team,Rebuild the customer portal
Sybil Moore,sybil.moore5592@example.com,engineering,Data Team,Build the analytics pipeline
Niaj Martin,niaj.martin5593@example.com,support,Data Team,Build the analytics pipeline
Bianca Smith,bianca.smith5594@example.com,engineering,Growth Team,Expand into new markets
Carlos Robinson,carlos.robinson5595@example.com,sales,Platform Team,Rebuild the customer portal
Zach Johnson,zach.johnson5596@example.com,support,Growth Team,Expand into new markets
Amir Moore,amir.moore5597@example.com,support,Mobile Team,Ship the new mobile app
Trent Thompson,trent.thompson5598@example.com,support,Data Team,Build the analytics pipeline
Judy Lee,judy.lee5599@example.com,sales,Growth Team,Expand into new markets
Carlos Martin,carlos.martin5600@example.com,support,Data Team,Build the analytics pipeline
Trent Taylor,trent.taylor5601@example.com,support,Platform Team,Rebuild the customer portal
Carol Martinez,carol.martinez5602@example.com,sales,Data Team,Build the analytics pipeline
Uma Moore,uma.moore5603@example.com,engineering,Mobile Team,Ship the new mobile app
Wendy Lee,wendy.lee5604@example.com,engineering,Mobile Team,Ship the new mobile app
Laura Robinson,laura.robinson5605@example.com,engineering,Growth Team,Expand into new markets
Carlos Moore,carlos.moore5606@example.com,sales,Mobile Team,Ship the new mobile app
Mallory Thomas,mallory.thomas5607@example.com,support,Growth Team,Expand into new markets
Yolanda Perez,yolanda.perez5608@example.com,engineering,Growth Team,Expand into new markets
Diana Martin,diana.martin5609@example.com,sales,Mobile Team,Ship the new mobile app
Mallory Harris,mallory.harris5610@example.com,support,Platform Team,Rebuild the customer portal
Carol White,carol.white5611@example.com,sales,Mobile Team,Ship the new mobile app
Trent Moore,trent.moore5612@example.com,sales,Mobile Team,Ship the new mobile app
Ruth Jones,ruth.jones5613@example.com,support,Mobile Team,Ship the new mobile app
Peggy Thompson,peggy.thompson5614@example.com,engineering,Growth Team,Expand into new markets
Kevin Taylor,kevin.taylor5615@example.com,sales,Growth Team,Expand into new markets
Xavier Johnson,xavier.johnson5616@example.com,support,Data Team,Build the analytics pipeline
Quentin Smith,quentin.smith5617@example.com,support,Mobile Team,Ship the new mobile app
Frank Perez,frank.perez5618@example.com,sales,Growth Team,Expand into new markets
Bob Thompson,bob.thompson5619@example.com,engineering,Data Team,Build the analytics pipeline
Victor Lewis,victor.lewis5620@example.com,sales,Data Team,Build the analytics pipeline
Mallory White,mallory.white5621@example.com,support,Data Team,Build the analytics pipeline
Olivia Jackson,olivia.jackson5622@example.com,engineering,Platform Team,Rebuild the customer portal
Victor Brown,victor.brown5623@example.com,sales,Growth Team,Expand into new markets
Carlos Moore,carlos.moore5624@example.com,support,Growth Team,Expand into new markets
Kevin Ramirez,kevin.ramirez5625@example.com,sales,Data Team,Build the analytics pipeline
Ivan Garcia,ivan.garcia5626@example.com,sales,Mobile Team,Ship the new mobile app
Sybil Gonzalez,sybil.gonzalez5627@example.com,engineering,Growth Team,Expand into new markets
Laura Clark,laura.clark5628@example.com,engineering,Data Team,Build the analytics pipeline
Uma Davis,uma.davis5629@example.com,support,Growth Team,Expand into new markets
Ruth White,ruth.white5630@example.com,sales,Data Team,Build the analytics pipeline
Amir Ramirez,amir.ramirez5631@example.com,engineering,Growth Team,Expand into new markets
Ruth Lewis,ruth.lewis5632@example.com,sales,Platform Team,Rebuild the customer portal
Mallory Garcia,mallory.garcia5633@example.com,engineering,Data Team,Build the analytics pipeline
Victor Perez,victor.perez5634@example.com,engineering,Data Team,Build the analytics pipeline
Ruth Harris,ruth.harris5635@example.com,support,Data Team,Build the analytics pipeline
Diana Thomas,diana.thomas5636@example.com,sales,Growth Team,Expand into new markets
Mallory Garcia,mallory.garcia5637@example.com,sales,Growth Team,Expand into new markets
Sybil Davis,sybil.davis5638@example.com,sales,Growth Team,Expand into new markets
Quentin Martin,quentin.martin5639@example.com,engineering,Data Team,Build the analytics pipeline
Heidi Ramirez,heidi.ramirez5640@example.com,support,Platform Team,Rebuild the customer portal
Wendy Gonzalez,wendy.gonzalez5641@example.com,sales,Data Team,Build the analytics pipeline
Alice Lee,alice.lee5642@example.com,support,Mobile Team,Ship the new mobile app
Ivan Gonzalez,ivan.gonzalez5643@example.com,engineering,Data Team,Build the analytics pipeline
Trent Hernandez,trent.hernandez5644@example.com,support,Mobile Team,Ship the new mobile app
Judy Clark,judy.clark5645@example.com,engineering,Data Team,Build the analytics pipeline
Alice Miller,alice.miller5646@example.com,support,Data Team,Build the analytics pipeline
Trent Brown,trent.brown5647@example.com,engineering,Platform Team,Rebuild the customer portal
Diana Thomas,diana.thomas5648@example.com,engineering,Mobile Team,Ship the new mobile app
Bob Miller,bob.miller5649@example.com,support,Data Team,Build the analytics pipeline
Heidi Rodriguez,heidi.rodriguez5650@example.com,engineering,Platform Team,Rebuild the customer portal
Amir Lopez,amir.lopez5651@example.com,sales,Growth Team,Expand into new markets
Judy Williams,judy.williams5652@example.com,sales,Data Team,Build the analytics pipeline
Olivia Brown,olivia.brown5653@example.com,sales,Data Team,Build the analytics pipeline
Grace Brown,grace.brown5654@example.com,support,Growth Team,Expand into new markets
Frank Lopez,frank.lopez5655@example.com,sales,Growth Team,Expand into new markets
Peggy White,peggy.white5656@example.com,engineering,Platform Team,Rebuild the customer portal
Zach Wilson,zach.wilson5657@example.com,sales,Mobile Team,Ship the new mobile app
Bob Smith,bob.smith5658@example.com,engineering,Data Team,Build the analytics pipeline
Wendy Ramirez,wendy.ramirez5659@example.com,sales,Platform Team,Rebuild the customer portal
Yolanda Sanchez,yolanda.sanchez5660@example.com,engineering,Platform Team,Rebuild the customer portal
Yolanda Lopez,yolanda.lopez5661@example.com,sales,Growth Team,Expand into new markets
Mallory Martin,mallory.martin5662@example.com,support,Platform Team,Rebuild the customer portal
Sybil Taylor,sybil.taylor5663@example.com,support,Mobile Team,Ship the new mobile app
Bob Martin,bob.martin5664@example.com,sales,Growth Team,Expand into new markets
Alice Rodriguez,alice.rodriguez5665@example.com,engineering,Data Team,Build the analytics pipeline
Heidi Ramirez,heidi.ramirez5666@example.com,sales,Data Team,Build the analytics pipeline
Frank Lewis,frank.lewis5667@example.com,sales,Growth Team,Expand into new markets
Ruth Sanchez,ruth.sanchez5668@example.com,sales,Mobile Team,Ship the new mobile app
Bob Hernandez,bob.hernandez5669@example.com,sales,Mobile Team,Ship the new mobile app
Ruth Anderson,ruth.anderson5670@example.com,sales,Data Team,Build the analytics pipeline
Bianca Garcia,bianca.garcia5671@example.com,sales,Growth Team,Expand into new markets
Wendy Hernandez,wendy.hernandez5672@example.com,support,Data Team,Build the analytics pipeline
Carlos Perez,carlos.perez5673@example.com,support,Data Team,Build the analytics pipeline
Uma Hernandez,uma.hernandez5674@example.com,sales,Mobile Team,Ship the new mobile app
Zach Ramirez,zach.ramirez5675@example.com,support,Data Team,Build the analytics pipeline
Amir Martin,amir.martin5676@example.com,engineering,Data Team,Build the analytics pipeline
Quentin Jones,quentin.jones5677@example.com,support,Data Team,Build the analytics pipeline
Diana Brown,diana.brown5678@example.com,support,Platform Team,Rebuild the customer portal
Niaj Hernandez,niaj.hernandez5679@example.com,engineering,Platform Team,Rebuild the customer portal
Diana Ramirez,diana.ramirez5680@example.com,engineering,Platform Team,Rebuild the customer portal
Bob Jones,bob.jones5681@example.com,sales,Data Team,Build the analytics pipeline
Uma Davis,uma.davis5682@example.com,engineering,Growth Team,Expand into new markets
Heidi Jones,heidi.jones5683@example.com,sales,Platform Team,Rebuild the customer portal
Bianca Hernandez,bianca.hernandez5684@example.com,engineering,Platform Team,Rebuild the customer portal
Alice Hernandez,alice.hernandez5685@example.com,sales,Data Team,Build the analytics pipeline
Bob Taylor,bob.taylor5686@example.com,support,Growth Team,Expand into new markets
Uma Wilson,uma.wilson5687@example.com,support,Growth Team,Expand into new markets
Dave Martinez,dave.martinez5688@example.com,sales,Data Team,Build the analytics pipeline
Bianca Taylor,bianca.taylor5689@example.com,sales,Mobile Team,Ship the new mobile app
Sybil Martin,sybil.martin5690@example.com,engineering,Mobile Team,Ship the new mobile app
Peggy Ramirez,peggy.ramirez5691@example.com,sales,Growth Team,Expand into new markets
Olivia Lewis,olivia.lewis5692@example.com,support,Mobile Team,Ship the new mobile app
Judy Lee,judy.lee5693@example.com,engineering,Mobile Team,Ship the new mobile app
Xavier Smith,xavier.smith5694@example.com,sales,Growth Team,Expand into new markets
Bianca Taylor,bianca.taylor5695@example.com,sales,Growth Team,Expand into new markets
Judy Miller,judy.miller5696@example.com,support,Platform Team,Rebuild the customer portal
Grace Sanchez,grace.sanchez5697@example.com,support,Growth Team,Expand into new markets
Ruth Sanchez,ruth.sanchez5698@example.com,support,Platform Team,Rebuild the customer portal
Eve Miller,eve.miller5699@example.com,engineering,Platform Team,Rebuild the customer portal
Grace Martin,grace.martin5700@example.com,support,Growth Team,Expand into new markets
Alice Lee,alice.lee5701@example.com,support,Data Team,Build the analytics pipeline
Carol Johnson,carol.johnson5702@example.com,support,Mobile Team,Ship the new mobile app
Alice Lewis,alice.lewis5703@example.com,support,Platform Team,Rebuild the customer portal
Heidi Wilson,heidi.wilson5704@example.com,sales,Data Team,Build the analytics pipeline
Frank Miller,frank.miller5705@example.com,sales,Mobile Team,Ship the new mobile app
Alice Moore,alice.moore5706@example.com,sales,Growth Team,Expand into new markets
Mallory Taylor,mallory.taylor5707@example.com,support,Platform Team,Rebuild the customer portal
Olivia Garcia,olivia.garcia5708@example.com,sales,Growth Team,Expand into new markets
Peggy Anderson,peggy.anderson5709@example.com,sales,Data Team,Build the analytics pipeline
Xavier Lopez,xavier.lopez5710@example.com,sales,Data Team,Build the analytics pipeline
Eve Gonzalez,eve.gonzalez5711@example.com,support,Growth Team,Expand into new markets
Bob Hernandez,bob.hernandez5712@example.com,support,Growth Team,Expand into new markets
Carol Taylor,carol.taylor5713@example.com,sales,Mobile Team,Ship the new mobile app
Carlos Perez,carlos.perez5714@example.com,support,Growth Team,Expand into new markets
Dave Gonzalez,dave.gonzalez5715@example.com,support,Platform Team,Rebuild the customer portal
Bianca Garcia,bianca.garcia5716@example.com,engineering,Mobile Team,Ship the new mobile app
Uma Thomas,uma.thomas5717@example.com,engineering,Growth Team,Expand into new markets
Olivia Perez,olivia.perez5718@example.com,engineering,Growth Team,Expand into new markets
Olivia Sanchez,olivia.sanchez5719@example.com,support,Growth Team,Expand into new markets
Uma Jackson,uma.jackson5720@example.com,engineering,Growth Team,Expand into new markets
Kevin Garcia,kevin.garcia5721@example.com,engineering,Growth Team,Expand into new markets
Sybil Jackson,sybil.jackson5722@example.com,support,Growth Team,Expand into new markets
Niaj Lewis,niaj.lewis5723@example.com,engineering,Growth Team,Expand into new markets
Xavier Wilson,xavier.wilson5724@example.com,support,Data Team,Build the analytics pipeline
Bianca Jackson,bianca.jackson5725@example.com,support,Platform Team,Rebuild the customer portal
Judy Davis,judy.davis5726@example.com,engineering,Growth Team,Expand into new markets
Carlos Garcia,carlos.garcia5727@example.com,support,Data Team,Build the analytics pipeline
Laura Thompson,laura.thompson5728@example.com,support,Growth Team,Expand into new markets
Bianca Lewis,bianca.lewis5729@example.com,sales,Growth Team,Expand into new markets
Ruth Martinez,ruth.martinez5730@example.com,sales,Data Team,Build the analytics pipeline
Dave Thomas,dave.thomas5731@example.com,support,Mobile Team,Ship the new mobile app
Xavier Lewis,xavier.lewis5732@example.com,engineering,Mobile Team,Ship the new mobile app
Frank Sanchez,frank.sanchez5733@example.com,sales,Mobile Team,Ship the new mobile app
Heidi Smith,heidi.smith5734@example.com,sales,Data Team,Build the analytics pipeline
Bianca Rodriguez,bianca.rodriguez5735@example.com,support,Mobile Team,Ship the new mobile app
Wendy White,wendy.white5736@example.com,engineering,Platform Team,Rebuild the customer portal
Carlos Anderson,carlos.anderson5737@example.com,engineering,Mobile Team,Ship the new mobile app
Frank Jackson,frank.jackson5738@example.com,sales,Growth Team,Expand into new markets
Carol Garcia,carol.garcia5739@example.com,sales,Platform Team,Rebuild the customer portal
Heidi Perez,heidi.perez5740@example.com,support,Mobile Team,Ship the new mobile app
Diana Thomas,diana.thomas5741@example.com,engineering,Platform Team,Rebuild the customer portal
Peggy Thompson,peggy.thompson5742@example.com,engineering,Data Team,Build the analytics pipeline
Sybil Moore,sybil.moore5743@example.com,engineering,Growth Team,Expand into new markets
Eve Smith,eve.smith5744@example.com,engineering,Platform Team,Rebuild the customer portal
Zach Lopez,zach.lopez5745@example.com,support,Mobile Team,Ship the new mobile app
Zach White,zach.white5746@example.com,support,Platform Team,Rebuild the customer portal
Grace Garcia,grace.garcia5747@example.com,engineering,Platform Team,Rebuild the customer portal
Ivan Harris,ivan.harris5748@example.com,support,Mobile Team,Ship the new mobile app
Zach Perez,zach.perez5749@example.com,support,Mobile Team,Ship the new mobile app
Quentin Taylor,quentin.taylor5750@example.com,sales,Mobile Team,Ship the new mobile app
Victor Miller,victor.miller5751@example.com,support,Data Team,Build the analytics pipeline
Quentin Lopez,quentin.lopez5752@example.com,engineering,Growth Team,Expand into new markets
Uma Moore,uma.moore5753@example.com,engineering,Mobile Team,Ship the new mobile app
Zach Clark,zach.clark5754@example.com,engineering,Platform Team,Rebuild the customer portal
Alice Rodriguez,alice.rodriguez5755@example.com,engineering,Data Team,Build the analytics pipeline
Diana Gonzalez,diana.gonzalez5756@example.com,support,Platform Team,Rebuild the customer portal
Bianca Sanchez,bianca.sanchez5757@example.com,engineering,Data Team,Build the analytics pipeline
Olivia Williams,olivia.williams5758@example.com,engineering,Data Team,Build the analytics pipeline
Grace Ramirez,grace.ramirez5759@example.com,engineering,Platform Team,Rebuild the customer portal
Yolanda Jones,yolanda.jones5760@example.com,support,Growth Team,Expand into new markets
Sybil White,sybil.white5761@example.com,support,Data Team,Build the analytics pipeline
Alice Williams,alice.williams5762@example.com,engineering,Data Team,Build the analytics pipeline
Peggy Rodriguez,peggy.rodriguez5763@example.com,engineering,Growth Team,Expand into new markets
Trent Clark,trent.clark5764@example.com,engineering,Growth Team,Expand into new markets
Sybil Wilson,sybil.wilson5765@example.com,engineering,Mobile Team,Ship the new mobile app
Grace Perez,grace.perez5766@example.com,engineering,Mobile Team,Ship the new mobile app
Trent Brown,trent.brown5767@example.com,sales,Growth Team,Expand into new markets
Bob Lee,bob.lee5768@example.com,support,Growth Team,Expand into new markets
Eve Brown,eve.brown5769@example.com,engineering,Growth Team,Expand into new markets
Dave Ramirez,dave.ramirez5770@example.com,sales,Mobile Team,Ship the new mobile app
Olivia Harris,olivia.harris5771@example.com,engineering,Growth Team,Expand into new markets
Dave Martin,dave.martin5772@example.com,engineering,Platform Team,Rebuild the customer portal
Dave Gonzalez,dave.gonzalez5773@example.com,engineering,Mobile Team,Ship the new mobile app
Eve Robinson,eve.robinson5774@example.com,engineering,Growth Team,Expand into new markets
Dave Martin,dave.martin5775@example.com,sales,Platform Team,Rebuild the customer portal
Eve White,eve.white5776@example.com,support,Data Team,Build the analytics pipeline
Xavier Robinson,xavier.robinson5777@example.com,engineering,Mobile Team,Ship the new mobile app
Grace Robinson,grace.robinson5778@example.com,engineering,Growth Team,Expand into new markets
Judy Jackson,judy.jackson5779@example.com,sales,Growth Team,Expand into new markets
Mallory Hernandez,mallory.hernandez5780@example.com,support,Growth Team,Expand into new markets
Alice Perez,alice.perez5781@example.com,sales,Growth Team,Expand into new markets
Uma Lewis,uma.lewis5782@example.com,support,Data Team,Build the analytics pipeline
Dave Jones,dave.jones5783@example.com,engineering,Data Team,Build the analytics pipeline
Dave Williams,dave.williams5784@example.com,engineering,Data Team,Build the analytics pipeline
Zach Moore,zach.moore5785@example.com,support,Mobile Team,Ship the new mobile app
Quentin Jones,quentin.jones5786@example.com,engineering,Data Team,Build the analytics pipeline
Sybil Perez,sybil.perez5787@example.com,engineering,Data Team,Build the analytics pipeline
Eve Martin,eve.martin5788@example.com,sales,Data Team,Build the analytics pipeline
Eve Smith,eve.smith5789@example.com,support,Growth Team,Expand into new markets
Bianca Lopez,bianca.lopez5790@example.com,support,Data Team,Build the analytics pipeline
Mallory Clark,mallory.clark5791@example.com,support,Platform Team,Rebuild the customer portal
Xavier Lee,xavier.lee5792@example.com,engineering,Platform Team,Rebuild the customer portal
Wendy Perez,wendy.perez5793@example.com,engineering,Data Team,Build the analytics pipeline
Yolanda Thompson,yolanda.thompson5794@example.com,engineering,Mobile Team,Ship the new mobile app
Yolanda Brown,yolanda.brown5795@example.com,sales,Growth Team,Expand into new markets
Dave Jones,dave.jones5796@example.com,engineering,Data Team,Build the analytics pipeline
Niaj Robinson,niaj.robinson5797@example.com,support,Data Team,Build the analytics pipeline
Kevin Moore,kevin.moore5798@example.com,sales,Data Team,Build the analytics pipeline
Judy Harris,judy.harris5799@example.com,engineering,Growth Team,Expand into new markets
Bianca Smith,bianca.smith5800@example.com,engineering,Data Team,Build the analytics pipeline
Carlos White,carlos.white5801@example.com,engineering,Growth Team,Expand into new markets
Eve Thomas,eve.thomas5802@example.com,sales,Platform Team,Rebuild the customer portal
Dave Lopez,dave.lopez5803@example.com,sales,Growth Team,Expand into new markets
Heidi Moore,heidi.moore5804@example.com,sales,Mobile Team,Ship the new mobile app
Bob Garcia,bob.garcia5805@example.com,sales,Platform Team,Rebuild the customer portal
Xavier White,xavier.white5806@example.com,sales,Platform Team,Rebuild the customer portal
Niaj Ramirez,niaj.ramirez5807@example.com,sales,Platform Team,Rebuild the customer portal
Heidi Jones,heidi.jones5808@example.com,sales,Growth Team,Expand into new markets
Quentin Lee,quentin.lee5809@example.com,sales,Platform Team,Rebuild the customer portal
Kevin Rodriguez,kevin.rodriguez5810@example.com,support,Growth Team,Expand into new markets
Uma Lee,uma.lee5811@example.com,engineering,Platform Team,Rebuild the customer portal
Wendy Thompson,wendy.thompson5812@example.com,engineering,Data Team,Build the analytics pipeline
Heidi Johnson,heidi.johnson5813@example.com,engineering,Platform Team,Rebuild the customer portal
Trent Lopez,trent.lopez5814@example.com,sales,Mobile Team,Ship the new mobile app
Sybil Robinson,sybil.robinson5815@example.com,sales,Mobile Team,Ship the new mobile app
Niaj Lewis,niaj.lewis5816@example.com,support,Data Team,Build the analytics pipeline
Carol Lopez,carol.lopez5817@example.com,support,Mobile Team,Ship the new mobile app
Victor Harris,victor.harris5818@example.com,sales,Data Team,Build the analytics pipeline
Judy Wilson,judy.wilson5819@example.com,engineering,Growth Team,Expand into new markets
Ivan Thomas,ivan.thomas5820@example.com,engineering,Platform Team,Rebuild the customer portal
Amir Sanchez,amir.sanchez5821@example.com,sales,Data Team,Build the analytics pipeline
Niaj Smith,niaj.smith5822@example.com,engineering,Platform Team,Rebuild the customer portal
Ruth Johnson,ruth.johnson5823@example.com,support,Platform Team,Rebuild the customer portal
Dave Johnson,dave.johnson5824@example.com,engineering,Growth Team,Expand into new markets
Zach Robinson,zach.robinson5825@example.com,support,Mobile Team,Ship the new mobile app
Heidi Brown,heidi.brown5826@example.com,sales,Mobile Team,Ship the new mobile app
Ivan Harris,ivan.harris5827@example.com,sales,Platform Team,Rebuild the customer portal
Frank Wilson,frank.wilson5828@example.com,support,Platform Team,Rebuild the customer portal
Alice Taylor,alice.taylor5829@example.com,support,Platform Team,Rebuild the customer portal
Victor Lopez,victor.lopez5830@example.com,engineering,Mobile Team,Ship the new mobile app
Eve Jackson,eve.jackson5831@example.com,support,Platform Team,Rebuild the customer portal
Dave Hernandez,dave.hernandez5832@example.com,sales,Platform Team,Rebuild the customer portal
Carol Miller,carol.miller5833@example.com,sales,Platform Team,Rebuild the customer portal
Olivia Brown,olivia.brown5834@example.com,engineering,Growth Team,Expand into new markets
Olivia Thompson,olivia.thompson5835@example.com,sales,Growth Team,Expand into new markets
Carol Johnson,carol.johnson5836@example.com,sales,Data Team,Build the analytics pipeline
Quentin Rodriguez,quentin.rodriguez5837@example.com,sales,Mobile Team,Ship the new mobile app
Grace Sanchez,grace.sanchez5838@example.com,engineering,Mobile Team,Ship the new mobile app
Dave Thompson,dave.thompson5839@example.com,engineering,Growth Team,Expand into new markets
Alice Jackson,alice.jackson5840@example.com,engineering,Mobile Team,Ship the new mobile app
Laura Moore,laura.moore5841@example.com,sales,Data Team,Build the analytics pipeline
Niaj Thompson,niaj.thompson5842@example.com,support,Mobile Team,Ship the new mobile app
Ivan Thomas,ivan.thomas5843@example.com,engineering,Platform Team,Rebuild the customer portal
Dave Moore,dave.moore5844@example.com,sales,Platform Team,Rebuild the customer portal
Grace Perez,grace.perez5845@example.com,support,Growth Team,Expand into new markets
Mallory Garcia,mallory.garcia5846@example.com,sales,Mobile Team,Ship the new mobile app
Amir Wilson,amir.wilson5847@example.com,sales,Mobile Team,Ship the new mobile app
Amir Jones,amir.jones5848@example.com,sales,Platform Team,Rebuild the customer portal
Sybil Williams,sybil.williams5849@example.com,engineering,Growth Team,Expand into new markets
Wendy Ramirez,wendy.ramirez5850@example.com,engineering,Mobile Team,Ship the new mobile app
Bob Johnson,bob.johnson5851@example.com,sales,Data Team,Build the analytics pipeline
Niaj Wilson,niaj.wilson5852@example.com,sales,Platform Team,Rebuild the customer portal
Kevin Lee,kevin.lee5853@example.com,engineering,Platform Team,Rebuild the customer portal
Zach Brown,zach.brown5854@example.com,sales,Platform Team,Rebuild the customer portal
Sybil Thomas,sybil.thomas5855@example.com,engineering,Mobile Team,Ship the new mobile app
Diana Rodriguez,diana.rodriguez5856@example.com,engineering,Platform Team,Rebuild the customer portal
Xavier Lee,xavier.lee5857@example.com,support,Data Team,Build the analytics pipeline
Heidi Moore,heidi.moore5858@example.com,support,Platform Team,Rebuild the customer portal
Sybil Harris,sybil.harris5859@example.com,support,Data Team,Build the analytics pipeline
Alice Hernandez,alice.hernandez5860@example.com,support,Growth Team,Expand into new markets
Wendy Williams,wendy.williams5861@example.com,engineering,Data Team,Build the analytics pipeline
Bob Rodriguez,bob.rodriguez5862@example.com,support,Platform Team,Rebuild the customer portal
Judy Lee,judy.lee5863@example.com,sales,Mobile Team,Ship the new mobile app
Zach Martin,zach.martin5864@example.com,support,Mobile Team,Ship the new mobile app
Heidi Lee,heidi.lee5865@example.com,engineering,Platform Team,Rebuild the customer portal
Olivia Jackson,olivia.jackson5866@example.com,support,Mobile Team,Ship the new mobile app
Dave Clark,dave.clark5867@example.com,sales,Mobile Team,Ship the new mobile app
Trent Moore,trent.moore5868@example.com,engineering,Data Team,Build the analytics pipeline
Niaj Robinson,niaj.robinson5869@example.com,engineering,Mobile Team,Ship the new mobile app
Eve Miller,eve.miller5870@example.com,sales,Mobile Team,Ship the new mobile app
Bob Thomas,bob.thomas5871@example.com,support,Mobile Team,Ship the new mobile app
Ivan Davis,ivan.davis5872@example.com,engineering,Growth Team,Expand into new markets
Yolanda Hernandez,yolanda.hernandez5873@example.com,engineering,Mobile Team,Ship the new mobile app
Grace White,grace.white5874@example.com,support,Data Team,Build the analytics pipeline
Sybil Robinson,sybil.robinson5875@example.com,support,Platform Team,Rebuild the customer portal
Olivia Sanchez,olivia.sanchez5876@example.com,engineering,Platform Team,Rebuild the customer portal
Wendy Clark,wendy.clark5877@example.com,engineering,Data Team,Build the analytics pipeline
Carlos Wilson,carlos.wilson5878@example.com,engineering,Growth Team,Expand into new markets
Grace Anderson,grace.anderson5879@example.com,support,Platform Team,Rebuild the customer portal
Olivia Clark,olivia.clark5880@example.com,engineering,Growth Team,Expand into new markets
Carol Wilson,carol.wilson5881@example.com,engineering,Platform Team,Rebuild the customer portal
Victor Perez,victor.perez5882@example.com,support,Platform Team,Rebuild the customer portal
Zach Perez,zach.perez5883@example.com,engineering,Data Team,Build the analytics pipeline
Bianca Robinson,bianca.robinson5884@example.com,engineering,Platform Team,Rebuild the customer portal
Laura Perez,laura.perez5885@example.com,engineering,Mobile Team,Ship the new mobile app
Carlos Brown,carlos.brown5886@example.com,sales,Platform Team,Rebuild the customer portal
Alice White,alice.white5887@example.com,support,Data Team,Build the analytics pipeline
Quentin Smith,quentin.smith5888@example.com,support,Platform Team,Rebuild the customer portal
Diana Gonzalez,diana.gonzalez5889@example.com,sales,Data Team,Build the analytics pipeline
Ruth Jones,ruth.jones5890@example.com,engineering,Growth Team,Expand into new markets
Olivia Lewis,olivia.lewis5891@example.com,support,Data Team,Build the analytics pipeline
Quentin White,quentin.white5892@example.com,support,Growth Team,Expand into new markets
Olivia Taylor,olivia.taylor5893@example.com,sales,Data Team,Build the analytics pipeline
Diana Smith,diana.smith5894@example.com,engineering,Growth Team,Expand into new markets
Zach Smith,zach.smith5895@example.com,support,Data Team,Build the analytics pipeline
Bob Wilson,bob.wilson5896@example.com,sales,Mobile Team,Ship the new mobile app
Peggy Perez,peggy.perez5897@example.com,engineering,Platform Team,Rebuild the customer portal
Amir Miller,amir.miller5898@example.com,support,Mobile Team,Ship the new mobile app
Carol Martinez,carol.martinez5899@example.com,engineering,Mobile Team,Ship the new mobile app
Yolanda Lee,yolanda.lee5900@example.com,engineering,Platform Team,Rebuild the customer portal
Quentin Lewis,quentin.lewis5901@example.com,support,Mobile Team,Ship the new mobile app
Amir Jackson,amir.jackson5902@example.com,engineering,Data Team,Build the analytics pipeline
Trent Perez,trent.perez5903@example.com,support,Mobile Team,Ship the new mobile app
Carlos Taylor,carlos.taylor5904@example.com,sales,Growth Team,Expand into new markets
Xavier Harris,xavier.harris5905@example.com,support,Mobile Team,Ship the new mobile app
Victor Robinson,victor.robinson5906@example.com,support,Mobile Team,Ship the new mobile app
Uma Johnson,uma.johnson5907@example.com,engineering,Data Team,Build the analytics pipeline
Sybil Lopez,sybil.lopez5908@example.com,support,Growth Team,Expand into new markets
Dave Rodriguez,dave.rodriguez5909@example.com,support,Platform Team,Rebuild the customer portal
Niaj Brown,niaj.brown5910@example.com,sales,Data Team,Build the analytics pipeline
Bob Thomas,bob.thomas5911@example.com,engineering,Growth Team,Expand into new markets
Peggy Martinez,peggy.martinez5912@example.com,sales,Growth Team,Expand into new markets
Xavier Gonzalez,xavier.gonzalez5913@example.com,engineering,Data Team,Build the analytics pipeline
Yolanda Robinson,yolanda.robinson5914@example.com,support,Mobile Team,Ship the new mobile app
Zach Ramirez,zach.ramirez5915@example.com,engineering,Mobile Team,Ship the new mobile app
Judy Lee,judy.lee5916@example.com,support,Platform Team,Rebuild the customer portal
Diana Wilson,diana.wilson5917@example.com,support,Data Team,Build the analytics pipeline
Mallory Gonzalez,mallory.gonzalez5918@example.com,support,Growth Team,Expand into new markets
Ivan Robinson,ivan.robinson5919@example.com,engineering,Mobile Team,Ship the new mobile app
Ivan Anderson,ivan.anderson5920@example.com,engineering,Data Team,Build the analytics pipeline
Carol Anderson,carol.anderson5921@example.com,engineering,Platform Team,Rebuild the customer portal
Ruth Hernandez,ruth.hernandez5922@example.com,sales,Platform Team,Rebuild the customer portal
Eve Garcia,eve.garcia5923@example.com,support,Data Team,Build the analytics pipeline
Yolanda Davis,yolanda.davis5924@example.com,sales,Mobile Team,Ship the new mobile app
Ruth Moore,ruth.moore5925@example.com,engineering,Growth Team,Expand into new markets
Quentin Jackson,quentin.jackson5926@example.com,sales,Growth Team,Expand into new markets
Ruth Gonzalez,ruth.gonzalez5927@example.com,support,Growth Team,Expand into new markets
Bob Lewis,bob.lewis5928@example.com,engineering,Mobile Team,Ship the new mobile app
Ivan Gonzalez,ivan.gonzalez5929@example.com,engineering,Mobile Team,Ship the new mobile app
Yolanda Taylor,yolanda.taylor5930@example.com,support,Mobile Team,Ship the new mobile app
Sybil Williams,sybil.williams5931@example.com,engineering,Mobile Team,Ship the new mobile app
Trent Clark,trent.clark5932@example.com,engineering,Platform Team,Rebuild the customer portal
Judy Williams,judy.williams5933@example.com,engineering,Growth Team,Expand into new markets
Sybil Lewis,sybil.lewis5934@example.com,sales,Growth Team,Expand into new markets
Victor Harris,victor.harris5935@example.com,engineering,Growth Team,Expand into new markets
Wendy Wilson,wendy.wilson5936@example.com,engineering,Platform Team,Rebuild the customer portal
Grace Thomas,grace.thomas5937@example.com,engineering,Mobile Team,Ship the new mobile app
Kevin Garcia,kevin.garcia5938@example.com,engineering,Growth Team,Expand into new markets
Diana Rodriguez,diana.rodriguez5939@example.com,support,Data Team,Build the analytics pipeline
Quentin Brown,quentin.brown5940@example.com,sales,Mobile Team,Ship the new mobile app
Yolanda Clark,yolanda.clark5941@example.com,engineering,Platform Team,Rebuild the customer portal
Laura Robinson,laura.robinson5942@example.com,sales,Data Team,Build the analytics pipeline
Peggy Jones,peggy.jones5943@example.com,engineering,Data Team,Build the analytics pipeline
Trent Brown,trent.brown5944@example.com,sales,Mobile Team,Ship the new mobile app
Uma Johnson,uma.johnson5945@example.com,support,Growth Team,Expand into new markets
Judy Rodriguez,judy.rodriguez5946@example.com,support,Platform Team,Rebuild the customer portal
Niaj Gonzalez,niaj.gonzalez5947@example.com,sales,Platform Team,Rebuild the customer portal
Yolanda White,yolanda.white5948@example.com,support,Mobile Team,Ship the new mobile app
Carol Harris,carol.harris5949@example.com,support,Growth Team,Expand into new markets
Ivan Martin,ivan.martin5950@example.com,support,Platform Team,Rebuild the customer portal
Ruth Robinson,ruth.robinson5951@example.com,sales,Platform Team,Rebuild the customer portal
Olivia Clark,olivia.clark5952@example.com,engineering,Growth Team,Expand into new markets
Ivan Williams,ivan.williams5953@example.com,sales,Mobile Team,Ship the new mobile app
Niaj Taylor,niaj.taylor5954@example.com,engineering,Platform Team,Rebuild the customer portal
Amir Hernandez,amir.hernandez5955@example.com,sales,Growth Team,Expand into new markets
Uma Gonzalez,uma.gonzalez5956@example.com,support,Data Team,Build the analytics pipeline
Niaj Martin,niaj.martin5957@example.com,support,Growth Team,Expand into new markets
Sybil Gonzalez,sybil.gonzalez5958@example.com,sales,Mobile Team,Ship the new mobile app
Diana Taylor,diana.taylor5959@example.com,support,Mobile Team,Ship the new mobile app
Judy Thompson,judy.thompson5960@example.com,sales,Platform Team,Rebuild the customer portal
Kevin Jackson,kevin.jackson5961@example.com,sales,Data Team,Build the analytics pipeline
Zach Perez,zach.perez5962@example.com,engineering,Platform Team,Rebuild the customer portal
Dave Martin,dave.martin5963@example.com,support,Growth Team,Expand into new markets
Trent Perez,trent.perez5964@example.com,engineering,Growth Team,Expand into new markets
Bianca Perez,bianca.perez5965@example.com,sales,Mobile Team,Ship the new mobile app
Heidi Thompson,heidi.thompson5966@example.com,support,Mobile Team,Ship the new mobile app
Bob Lopez,bob.lopez5967@example.com,engineering,Platform Team,Rebuild the customer portal
Peggy Williams,peggy.williams5968@example.com,support,Mobile Team,Ship the new mobile app
Xavier Johnson,xavier.johnson5969@example.com,support,Growth Team,Expand into new markets
Ruth Harris,ruth.harris5970@example.com,engineering,Mobile Team,Ship the new mobile app
Niaj Hernandez,niaj.hernandez5971@example.com,sales,Growth Team,Expand into new markets
Wendy Lee,wendy.lee5972@example.com,engineering,Growth Team,Expand into new markets
Quentin Jackson,quentin.jackson5973@example.com,sales,Data Team,Build the analytics pipeline
Laura Martin,laura.martin5974@example.com,sales,Platform Team,Rebuild the customer portal
Peggy Smith,peggy.smith5975@example.com,engineering,Platform Team,Rebuild the customer portal
Trent Lee,trent.lee5976@example.com,engineering,Data Team,Build the analytics pipeline
Judy Taylor,judy.taylor5977@example.com,engineering,Data Team,Build the analytics pipeline
Bob Martinez,bob.martinez5978@example.com,sales,Mobile Team,Ship the new mobile app
Victor Ramirez,victor.ramirez5979@example.com,support,Data Team,Build the analytics pipeline
Bianca Moore,bianca.moore5980@example.com,sales,Mobile Team,Ship the new mobile app
Peggy Wilson,peggy.wilson5981@example.com,sales,Platform Team,Rebuild the customer portal
Zach Wilson,zach.wilson5982@example.com,engineering,Data Team,Build the analytics pipeline
Alice Clark,alice.clark5983@example.com,sales,Data Team,Build the analytics pipeline
Niaj Ramirez,niaj.ramirez5984@example.com,sales,Data Team,Build the analytics pipeline
Yolanda Anderson,yolanda.anderson5985@example.com,support,Data Team,Build the analytics pipeline
Carlos Smith,carlos.smith5986@example.com,sales,Mobile Team,Ship the new mobile app
Yolanda Hernandez,yolanda.hernandez5987@example.com,engineering,Growth Team,Expand into new markets
Zach Taylor,zach.taylor5988@example.com,sales,Platform Team,Rebuild the customer portal
Eve Davis,eve.davis5989@example.com,sales,Data Team,Build the analytics pipeline
Zach Gonzalez,zach.gonzalez5990@example.com,engineering,Mobile Team,Ship the new mobile app
Bianca Lee,bianca.lee5991@example.com,sales,Growth Team,Expand into new markets
Kevin Thompson,kevin.thompson5992@example.com,engineering,Data Team,Build the analytics pipeline
Dave Gonzalez,dave.gonzalez5993@example.com,support,Data Team,Build the analytics pipeline
Trent Lopez,trent.lopez5994@example.com,engineering,Growth Team,Expand into new markets
Alice Thompson,alice.thompson5995@example.com,engineering,Mobile Team,Ship the new mobile app
Bianca Garcia,bianca.garcia5996@example.com,engineering,Platform Team,Rebuild the customer portal
Eve Martinez,eve.martinez5997@example.com,sales,Growth Team,Expand into new markets
Niaj Lewis,niaj.lewis5998@example.com,support,Mobile Team,Ship the new mobile app
Victor Thomas,victor.thomas5999@example.com,sales,Data Team,Build the analytics pipeline
Eve Harris,eve.harris6000@example.com,support,Data Team,Build the analytics pipeline
Carol Gonzalez,carol.gonzalez6001@example.com,engineering,Platform Team,Rebuild the customer portal
Carol Garcia,carol.garcia6002@example.com,support,Data Team,Build the analytics pipeline
Dave Williams,dave.williams6003@example.com,support,Data Team,Build the analytics pipeline
Amir Rodriguez,amir.rodriguez6004@example.com,engineering,Mobile Team,Ship the new mobile app
Alice Harris,alice.harris6005@example.com,engineering,Platform Team,Rebuild the customer portal
Peggy Jackson,peggy.jackson6006@example.com,sales,Mobile Team,Ship the new mobile app
Wendy Thomas,wendy.thomas6007@example.com,engineering,Growth Team,Expand into new markets
Bianca Williams,bianca.williams6008@example.com,support,Growth Team,Expand into new markets
Trent Lewis,trent.lewis6009@example.com,sales,Data Team,Build the analytics pipeline
Diana Sanchez,diana.sanchez6010@example.com,sales,Platform Team,Rebuild the customer portal
Olivia Jones,olivia.jones6011@example.com,sales,Mobile Team,Ship the new mobile app
Bianca Garcia,bianca.garcia6012@example.com,engineering,Mobile Team,Ship the new mobile app
Eve White,eve.white6013@example.com,engineering,Platform Team,Rebuild the customer portal
Bob Miller,bob.miller6014@example.com,engineering,Data Team,Build the analytics pipeline
Xavier Harris,xavier.harris6015@example.com,sales,Mobile Team,Ship the new mobile app
Heidi Wilson,heidi.wilson6016@example.com,support,Data Team,Build the analytics pipeline
Sybil White,sybil.white6017@example.com,support,Mobile Team,Ship the new mobile app
Bob Anderson,bob.anderson6018@example.com,support,Data Team,Build the analytics pipeline
Frank Lopez,frank.lopez6019@example.com,support,Data Team,Build the analytics pipeline
Frank Martinez,frank.martinez6020@example.com,engineering,Growth Team,Expand into new markets
Victor Moore,victor.moore6021@example.com,support,Growth Team,Expand into new markets
Kevin Lewis,kevin.lewis6022@example.com,sales,Data Team,Build the analytics pipeline
Zach Harris,zach.harris6023@example.com,engineering,Data Team,Build the analytics pipeline
Bob Perez,bob.perez6024@example.com,sales,Mobile Team,Ship the new mobile app
Judy Lee,judy.lee6025@example.com,sales,Data Team,Build the analytics pipeline
Uma Anderson,uma.anderson6026@example.com,support,Data Team,Build the analytics pipeline
Eve Ramirez,eve.ramirez6027@example.com,engineering,Growth Team,Expand into new markets
Dave Jones,dave.jones6028@example.com,engineering,Growth Team,Expand into new markets
Diana Thompson,diana.thompson6029@example.com,sales,Mobile Team,Ship the new mobile app
Yolanda Moore,yolanda.moore6030@example.com,support,Mobile Team,Ship the new mobile app
Trent White,trent.white6031@example.com,sales,Platform Team,Rebuild the customer portal
Olivia Lewis,olivia.lewis6032@example.com,engineering,Mobile Team,Ship the new mobile app
Heidi Perez,heidi.perez6033@example.com,support,Data Team,Build the analytics pipeline
Uma Perez,uma.perez6034@example.com,sales,Growth Team,Expand into new markets
Frank Smith,frank.smith6035@example.com,support,Growth Team,Expand into new markets
Ruth Gonzalez,ruth.gonzalez6036@example.com,engineering,Growth Team,Expand into new markets
Carlos Thomas,carlos.thomas6037@example.com,support,Data Team,Build the analytics pipeline
Alice Lee,alice.lee6038@example.com,engineering,Platform Team,Rebuild the customer portal
Trent Sanchez,trent.sanchez6039@example.com,engineering,Mobile Team,Ship the new mobile app
Amir Johnson,amir.johnson6040@example.com,sales,Data Team,Build the analytics pipeline
Wendy Lee,wendy.lee6041@example.com,engineering,Growth Team,Expand into new markets
Mallory Martin,mallory.martin6042@example.com,sales,Growth Team,Expand into new markets
Xavier Moore,xavier.moore6043@example.com,sales,Growth Team,Expand into new markets
Trent Lewis,trent.lewis6044@example.com,sales,Growth Team,Expand into new markets
Bianca Davis,bianca.davis6045@example.com,engineering,Data Team,Build the analytics pipeline
Bob Ramirez,bob.ramirez6046@example.com,support,Platform Team,Rebuild the customer portal
Carol Thompson,carol.thompson6047@example.com,sales,Mobile Team,Ship the new mobile app
Peggy Taylor,peggy.taylor6048@example.com,support,Data Team,Build the analytics pipeline
Carlos Williams,carlos.williams6049@example.com,sales,Mobile Team,Ship the new mobile app
Frank Rodriguez,frank.rodriguez6050@example.com,sales,Data Team,Build the analytics pipeline
Diana Perez,diana.perez6051@example.com,sales,Data Team,Build the analytics pipeline
Ivan Wilson,ivan.wilson6052@example.com,support,Platform Team,Rebuild the customer portal
Grace Clark,grace.clark6053@example.com,support,Data Team,Build the analytics pipeline
Carol Thomas,carol.thomas6054@example.com,sales,Growth Team,Expand into new markets
Wendy Sanchez,wendy.sanchez6055@example.com,engineering,Platform Team,Rebuild the customer portal
Uma Perez,uma.perez6056@example.com,engineering,Data Team,Build the analytics pipeline
Uma Martin,uma.martin6057@example.com,engineering,Platform Team,Rebuild the customer portal
Ruth Anderson,ruth.anderson6058@example.com,support,Data Team,Build the analytics pipeline
Xavier Gonzalez,xavier.gonzalez6059@example.com,support,Mobile Team,Ship the new mobile app
Quentin Taylor,quentin.taylor6060@example.com,support,Growth Team,Expand into new markets
Trent Johnson,trent.johnson6061@example.com,sales,Data Team,Build the analytics pipeline
Peggy Jackson,peggy.jackson6062@example.com,sales,Growth Team,Expand into new markets
Dave Rodriguez,dave.rodriguez6063@example.com,support,Mobile Team,Ship the new mobile app
Eve Rodriguez,eve.rodriguez6064@example.com,engineering,Mobile Team,Ship the new mobile app
Bob Sanchez,bob.sanchez6065@example.com,support,Platform Team,Rebuild the customer portal
Trent Moore,trent.moore6066@example.com,support,Mobile Team,Ship the new mobile app
Ivan Garcia,ivan.garcia6067@example.com,engineering,Data Team,Build the analytics pipeline
Carlos Miller,carlos.miller6068@example.com,support,Growth Team,Expand into new markets
Olivia Garcia,olivia.garcia6069@example.com,engineering,Growth Team,Expand into new markets
Sybil Sanchez,sybil.sanchez6070@example.com,engineering,Platform Team,Rebuild the customer portal
Dave Lee,dave.lee6071@example.com,engineering,Mobile Team,Ship the new mobile app
Mallory Robinson,mallory.robinson6072@example.com,support,Growth Team,Expand into new markets
Grace Garcia,grace.garcia6073@example.com,support,Platform Team,Rebuild the customer portal
Sybil Moore,sybil.moore6074@example.com,engineering,Growth Team,Expand into new markets
Eve Brown,eve.brown6075@example.com,engineering,Platform Team,Rebuild the customer portal
Alice Garcia,alice.garcia6076@example.com,engineering,Growth Team,Expand into new markets
Carlos Smith,carlos.smith6077@example.com,engineering,Platform Team,Rebuild the customer portal
Wendy Taylor,wendy.taylor6078@example.com,sales,Mobile Team,Ship the new mobile app
Niaj Gonzalez,niaj.gonzalez6079@example.com,engineering,Platform Team,Rebuild the customer portal
Diana Smith,diana.smith6080@example.com,support,Mobile Team,Ship the new mobile app
Mallory Brown,mallory.brown6081@example.com,support,Platform Team,Rebuild the customer portal
Carol Clark,carol.clark6082@example.com,engineering,Data Team,Build the analytics pipeline
Laura Gonzalez,laura.gonzalez6083@example.com,sales,Platform Team,Rebuild the customer portal
Bob Robinson,bob.robinson6084@example.com,support,Growth Team,Expand into new markets
Judy Robinson,judy.robinson6085@example.com,support,Data Team,Build the analytics pipeline
Heidi Lee,heidi.lee6086@example.com,support,Platform Team,Rebuild the customer portal
Quentin Harris,quentin.harris6087@example.com,sales,Platform Team,Rebuild the customer portal
Ivan Wilson,ivan.wilson6088@example.com,engineering,Growth Team,Expand into new markets
Kevin Martinez,kevin.martinez6089@example.com,support,Mobile Team,Ship the new mobile app
Kevin Clark,kevin.clark6090@example.com,engineering,Platform Team,Rebuild the customer portal
Alice Miller,alice.miller6091@example.com,sales,Platform Team,Rebuild the customer portal
Amir Harris,amir.harris6092@example.com,engineering,Mobile Team,Ship the new mobile app
Alice Lopez,alice.lopez6093@example.com,sales,Data Team,Build the analytics pipeline
Xavier Jackson,xavier.jackson6094@example.com,sales,Mobile Team,Ship the new mobile app
Amir Williams,amir.williams6095@example.com,engineering,Data Team,Build the analytics pipeline
Carlos Thompson,carlos.thompson6096@example.com,sales,Platform Team,Rebuild the customer portal
Niaj Lewis,niaj.lewis6097@example.com,sales,Mobile Team,Ship the new mobile app
Ivan Williams,ivan.williams6098@example.com,engineering,Platform Team,Rebuild the customer portal
Carlos Lee,carlos.lee6099@example.com,sales,Mobile Team,Ship the new mobile app
Judy Ramirez,judy.ramirez6100@example.com,support,Platform Team,Rebuild the customer portal
Carol Thompson,carol.thompson6101@example.com,sales,Growth Team,Expand into new markets
Alice Sanchez,alice.sanchez6102@example.com,support,Mobile Team,Ship the new mobile app
Kevin Brown,kevin.brown6103@example.com,support,Mobile Team,Ship the new mobile app
Amir Robinson,amir.robinson6104@example.com,support,Data Team,Build the analytics pipeline
Peggy Johnson,peggy.johnson6105@example.com,sales,Platform Team,Rebuild the customer portal
Yolanda Moore,yolanda.moore6106@example.com,sales,Growth Team,Expand into new markets
Niaj Moore,niaj.moore6107@example.com,sales,Growth Team,Expand into new markets
Ruth Jones,ruth.jones6108@example.com,support,Mobile Team,Ship the new mobile app
Xavier Jackson,xavier.jackson6109@example.com,engineering,Mobile Team,Ship the new mobile app
Mallory Martin,mallory.martin6110@example.com,engineering,Mobile Team,Ship the new mobile app
Quentin Davis,quentin.davis6111@example.com,support,Mobile Team,Ship the new mobile app
Ruth Taylor,ruth.taylor6112@example.com,sales,Platform Team,Rebuild the customer portal
Quentin Perez,quentin.perez6113@example.com,support,Mobile Team,Ship the new mobile app
Carol Lopez,carol.lopez6114@example.com,sales,Platform Team,Rebuild the customer portal
Zach Jackson,zach.jackson6115@example.com,engineering,Mobile Team,Ship the new mobile app
Laura Anderson,laura.anderson6116@example.com,support,Platform Team,Rebuild the customer portal
Olivia Lewis,olivia.lewis6117@example.com,engineering,Mobile Team,Ship the new mobile app
Wendy Martin,wendy.martin6118@example.com,engineering,Growth Team,Expand into new markets
Alice Williams,alice.williams6119@example.com,sales,Growth Team,Expand into new markets
Carlos Thompson,carlos.thompson6120@example.com,sales,Data Team,Build the analytics pipeline
Bianca Lee,bianca.lee6121@example.com,sales,Growth Team,Expand into new markets
Alice Martinez,alice.martinez6122@example.com,support,Platform Team,Rebuild the customer portal
Bianca Smith,bianca.smith6123@example.com,engineering,Data Team,Build the analytics pipeline
Carol Sanchez,carol.sanchez6124@example.com,sales,Mobile Team,Ship the new mobile app
Kevin Taylor,kevin.taylor6125@example.com,engineering,Data Team,Build the analytics pipeline
Olivia Thomas,olivia.thomas6126@example.com,sales,Mobile Team,Ship the new mobile app
Wendy Williams,wendy.williams6127@example.com,sales,Growth Team,Expand into new markets
Judy Gonzalez,judy.gonzalez6128@example.com,engineering,Growth Team,Expand into new markets
Dave Moore,dave.moore6129@example.com,sales,Growth Team,Expand into new markets
Carol Martin,carol.martin6130@example.com,engineering,Mobile Team,Ship the new mobile app
Niaj Rodriguez,niaj.rodriguez6131@example.com,engineering,Growth Team,Expand into new markets
Eve Martin,eve.martin6132@example.com,sales,Mobile Team,Ship the new mobile app
Quentin Jackson,quentin.jackson6133@example.com,sales,Platform Team,Rebuild the customer portal
Bob Sanchez,bob.sanchez6134@example.com,support,Data Team,Build the analytics pipeline
Xavier Lopez,xavier.lopez6135@example.com,engineering,Data Team,Build the analytics pipeline
Dave Clark,dave.clark6136@example.com,support,Data Team,Build the analytics pipeline
Judy Lopez,judy.lopez6137@example.com,engineering,Mobile Team,Ship the new mobile app
Kevin Wilson,kevin.wilson6138@example.com,engineering,Growth Team,Expand into new markets
Bianca Jackson,bianca.jackson6139@example.com,engineering,Growth Team,Expand into new markets
Bianca Ramirez,bianca.ramirez6140@example.com,sales,Data Team,Build the analytics pipeline
Amir Smith,amir.smith6141@example.com,support,Platform Team,Rebuild the customer portal
Bob Williams,bob.williams6142@example.com,engineering,Mobile Team,Ship the new mobile app
Diana Thompson,diana.thompson6143@example.com,sales,Data Team,Build the analytics pipeline
Ivan Johnson,ivan.johnson6144@example.com,engineering,Mobile Team,Ship the new mobile app
Grace Clark,grace.clark6145@example.com,sales,Growth Team,Expand into new markets
Bianca Ramirez,bianca.ramirez6146@example.com,engineering,Mobile Team,Ship the new mobile app
Quentin Garcia,quentin.garcia6147@example.com,support,Data Team,Build the analytics pipeline
Carlos Sanchez,carlos.sanchez6148@example.com,engineering,Data Team,Build the analytics pipeline
Bob Williams,bob.williams6149@example.com,support,Mobile Team,Ship the new mobile app
Uma Robinson,uma.robinson6150@example.com,engineering,Growth Team,Expand into new markets
Wendy Rodriguez,wendy.rodriguez6151@example.com,engineering,Mobile Team,Ship the new mobile app
Carol Jones,carol.jones6152@example.com,engineering,Mobile Team,Ship the new mobile app
Mallory Robinson,mallory.robinson6153@example.com,engineering,Data Team,Build the analytics pipeline
Peggy Williams,peggy.williams6154@example.com,sales,Platform Team,Rebuild the customer portal
Ruth Lee,ruth.lee6155@example.com,engineering,Platform Team,Rebuild the customer portal
Dave Jackson,dave.jackson6156@example.com,engineering,Data Team,Build the analytics pipeline
Trent Garcia,trent.garcia6157@example.com,engineering,Mobile Team,Ship the new mobile app
Amir Perez,amir.perez6158@example.com,sales,Platform Team,Rebuild the customer portal
Frank Wilson,frank.wilson6159@example.com,support,Platform Team,Rebuild the customer portal
Carlos Johnson,carlos.johnson6160@example.com,engineering,Data Team,Build the analytics pipeline
Amir Ramirez,amir.ramirez6161@example.com,engineering,Mobile Team,Ship the new mobile app
Amir Jackson,amir.jackson6162@example.com,engineering,Growth Team,Expand into new markets
Bob Johnson,bob.johnson6163@example.com,engineering,Mobile Team,Ship the new mobile app
Zach Wilson,zach.wilson6164@example.com,support,Data Team,Build the analytics pipeline
Alice Smith,alice.smith6165@example.com,sales,Mobile Team,Ship the new mobile app
Carlos Thompson,carlos.thompson6166@example.com,support,Platform Team,Rebuild the customer portal
Sybil Sanchez,sybil.sanchez6167@example.com,support,Data Team,Build the analytics pipeline
Wendy Hernandez,wendy.hernandez6168@example.com,engineering,Data Team,Build the analytics pipeline
Zach Lee,zach.lee6169@example.com,support,Growth Team,Expand into new markets
Quentin Anderson,quentin.anderson6170@example.com,support,Mobile Team,Ship the new mobile app
Ruth Jackson,ruth.jackson6171@example.com,sales,Growth Team,Expand into new markets
Laura Jones,laura.jones6172@example.com,sales,Data Team,Build the analytics pipeline
Peggy Harris,peggy.harris6173@example.com,sales,Platform Team,Rebuild the customer portal
Amir White,amir.white6174@example.com,support,Platform Team,Rebuild the customer portal
Zach White,zach.white6175@example.com,sales,Growth Team,Expand into new markets
Grace Sanchez,grace.sanchez6176@example.com,support,Data Team,Build the analytics pipeline
Carol Miller,carol.miller6177@example.com,engineering,Platform Team,Rebuild the customer portal
Ivan Hernandez,ivan.hernandez6178@example.com,engineering,Platform Team,Rebuild the customer portal
Laura Harris,laura.harris6179@example.com,engineering,Mobile Team,Ship the new mobile app
Victor Garcia,victor.garcia6180@example.com,sales,Platform Team,Rebuild the customer portal
Carlos Martinez,carlos.martinez6181@example.com,support,Growth Team,Expand into new markets
Laura Anderson,laura.anderson6182@example.com,support,Data Team,Build the analytics pipeline
Yolanda Lewis,yolanda.lewis6183@example.com,sales,Growth Team,Expand into new markets
Bianca Robinson,bianca.robinson6184@example.com,sales,Growth Team,Expand into new markets
Quentin Johnson,quentin.johnson6185@example.com,sales,Mobile Team,Ship the new mobile app
Ruth Wilson,ruth.wilson6186@example.com,support,Platform Team,Rebuild the customer portal
Niaj Anderson,niaj.anderson6187@example.com,support,Growth Team,Expand into new markets
Ruth Davis,ruth.davis6188@example.com,sales,Data Team,Build the analytics pipeline
Diana Moore,diana.moore6189@example.com,support,Growth Team,Expand into new markets
Judy Garcia,judy.garcia6190@example.com,engineering,Data Team,Build the analytics pipeline
Mallory Robinson,mallory.robinson6191@example.com,sales,Data Team,Build the analytics pipeline
Diana Jones,diana.jones6192@example.com,sales,Platform Team,Rebuild the customer portal
Kevin Johnson,kevin.johnson6193@example.com,sales,Mobile Team,Ship the new mobile app
Diana Rodriguez,diana.rodriguez6194@example.com,sales,Platform Team,Rebuild the customer portal
Laura Anderson,laura.anderson6195@example.com,sales,Data Team,Build the analytics pipeline
Carol Lopez,carol.lopez6196@example.com,engineering,Mobile Team,Ship the new mobile app
Grace Jackson,grace.jackson6197@example.com,support,Growth Team,Expand into new markets
Amir Smith,amir.smith6198@example.com,support,Platform Team,Rebuild the customer portal
Diana Hernandez,diana.hernandez6199@example.com,engineering,Data Team,Build the analytics pipeline
Bob Thomas,bob.thomas6200@example.com,support,Data Team,Build the analytics pipeline
Alice Perez,alice.perez6201@example.com,engineering,Platform Team,Rebuild the customer portal
Dave Williams,dave.williams6202@example.com,sales,Platform Team,Rebuild the customer portal
Yolanda Taylor,yolanda.taylor6203@example.com,engineering,Mobile Team,Ship the new mobile app
Trent Perez,trent.perez6204@example.com,engineering,Platform Team,Rebuild the customer portal
Kevin Sanchez,kevin.sanchez6205@example.com,support,Data Team,Build the analytics pipeline
Olivia Perez,olivia.perez6206@example.com,engineering,Mobile Team,Ship the new mobile app
Victor Thompson,victor.thompson6207@example.com,engineering,Growth Team,Expand into new markets
Uma Smith,uma.smith6208@example.com,support,Mobile Team,Ship the new mobile app
Trent Lopez,trent.lopez6209@example.com,sales,Growth Team,Expand into new markets
Amir Robinson,amir.robinson6210@example.com,support,Data Team,Build the analytics pipeline
Carol Perez,carol.perez6211@example.com,engineering,Growth Team,Expand into new markets
Carlos Williams,carlos.williams6212@example.com,engineering,Growth Team,Expand into new markets
Olivia Lewis,olivia.lewis6213@example.com,support,Data Team,Build the analytics pipeline
Laura Ramirez,laura.ramirez6214@example.com,engineering,Platform Team,Rebuild the customer portal
Frank Ramirez,frank.ramirez6215@example.com,support,Mobile Team,Ship the new mobile app
Diana Johnson,diana.johnson6216@example.com,sales,Platform Team,Rebuild the customer portal
Dave Hernandez,dave.hernandez6217@example.com,support,Growth Team,Expand into new markets
Diana Garcia,diana.garcia6218@example.com,support,Data Team,Build the analytics pipeline
Victor Perez,victor.perez6219@example.com,sales,Data Team,Build the analytics pipeline
Uma Lewis,uma.lewis6220@example.com,engineering,Data Team,Build the analytics pipeline
Olivia Martinez,olivia.martinez6221@example.com,sales,Platform Team,Rebuild the customer portal
Dave Harris,dave.harris6222@example.com,support,Mobile Team,Ship the new mobile app
Grace Ramirez,grace.ramirez6223@example.com,sales,Growth Team,Expand into new markets
Trent Moore,trent.moore6224@example.com,sales,Platform Team,Rebuild the customer portal
Wendy White,wendy.white6225@example.com,support,Data Team,Build the analytics pipeline
Alice Robinson,alice.robinson6226@example.com,support,Growth Team,Expand into new markets
Yolanda Clark,yolanda.clark6227@example.com,engineering,Platform Team,Rebuild the customer portal
Alice Gonzalez,alice.gonzalez6228@example.com,support,Data Team,Build the analytics pipeline
Trent Miller,trent.miller6229@example.com,support,Data Team,Build the analytics pipeline
Alice Miller,alice.miller6230@example.com,engineering,Platform Team,Rebuild the customer portal
Ivan Lopez,ivan.lopez6231@example.com,engineering,Growth Team,Expand into new markets
Carlos Miller,carlos.miller6232@example.com,engineering,Mobile Team,Ship the new mobile app
Quentin Martin,quentin.martin6233@example.com,engineering,Data Team,Build the analytics pipeline
Carol Moore,carol.moore6234@example.com,support,Data Team,Build the analytics pipeline
Trent Robinson,trent.robinson6235@example.com,engineering,Platform Team,Rebuild the customer portal
Uma Hernandez,uma.hernandez6236@example.com,support,Growth Team,Expand into new markets
Laura Lopez,laura.lopez6237@example.com,sales,Growth Team,Expand into new markets
Victor Jackson,victor.jackson6238@example.com,engineering,Data Team,Build the analytics pipeline
Bob Lopez,bob.lopez6239@example.com,engineering,Mobile Team,Ship the new mobile app
Bob Johnson,bob.johnson6240@example.com,sales,Mobile Team,Ship the new mobile app
Sybil Jackson,sybil.jackson6241@example.com,support,Platform Team,Rebuild the customer portal
Alice Gonzalez,alice.gonzalez6242@example.com,support,Mobile Team,Ship the new mobile app
Bob Williams,bob.williams6243@example.com,support,Mobile Team,Ship the new mobile app
Olivia Thomas,olivia.thomas6244@example.com,engineering,Data Team,Build the analytics pipeline
Yolanda Thompson,yolanda.thompson6245@example.com,sales,Growth Team,Expand into new markets
Quentin Rodriguez,quentin.rodriguez6246@example.com,support,Growth Team,Expand into new markets
Carlos Miller,carlos.miller6247@example.com,support,Growth Team,Expand into new markets
Bianca Martinez,bianca.martinez6248@example.com,support,Data Team,Build the analytics pipeline
Wendy Lopez,wendy.lopez6249@example.com,engineering,Growth Team,Expand into new markets
Alice Gonzalez,alice.gonzalez6250@example.com,sales,Mobile Team,Ship the new mobile app
Mallory Harris,mallory.harris6251@example.com,sales,Growth Team,Expand into new markets
Kevin Smith,kevin.smith6252@example.com,engineering,Growth Team,Expand into new markets
Uma Lopez,uma.lopez6253@example.com,engineering,Platform Team,Rebuild the customer portal
Peggy Miller,peggy.miller6254@example.com,sales,Mobile Team,Ship the new mobile app
Ivan Jones,ivan.jones6255@example.com,engineering,Mobile Team,Ship the new mobile app
Judy Brown,judy.brown6256@example.com,support,Mobile Team,Ship the new mobile app
Ivan Garcia,ivan.garcia6257@example.com,support,Platform Team,Rebuild the customer portal
Frank Perez,frank.perez6258@example.com,engineering,Growth Team,Expand into new markets
Zach Davis,zach.davis6259@example.com,sales,Data Team,Build the analytics pipeline
Bianca Brown,bianca.brown6260@example.com,engineering,Platform Team,Rebuild the customer portal
Xavier Sanchez,xavier.sanchez6261@example.com,support,Platform Team,Rebuild the customer portal
Bob Lee,bob.lee6262@example.com,support,Mobile Team,Ship the new mobile app
Bob Lopez,bob.lopez6263@example.com,engineering,Growth Team,Expand into new markets
Uma Harris,uma.harris6264@example.com,support,Mobile Team,Ship the new mobile app
Ivan Davis,ivan.davis6265@example.com,engineering,Platform Team,Rebuild the customer portal
Carlos Lewis,carlos.lewis6266@example.com,engineering,Platform Team,Rebuild the customer portal
Mallory Gonzalez,mallory.gonzalez6267@example.com,engineering,Mobile Team,Ship the new mobile app
Zach Jones,zach.jones6268@example.com,sales,Platform Team,Rebuild the customer portal
Carlos Perez,carlos.perez6269@example.com,sales,Data Team,Build the analytics pipeline
Kevin Harris,kevin.harris6270@example.com,sales,Mobile Team,Ship the new mobile app
Bianca Jackson,bianca.jackson6271@example.com,engineering,Growth Team,Expand into new markets
Frank Jackson,frank.jackson6272@example.com,sales,Mobile Team,Ship the new mobile app
Frank Gonzalez,frank.gonzalez6273@example.com,engineering,Platform Team,Rebuild the customer portal
Amir Davis,amir.davis6274@example.com,support,Mobile Team,Ship the new mobile app
Zach Lewis,zach.lewis6275@example.com,engineering,Growth Team,Expand into new markets
Carlos Thompson,carlos.thompson6276@example.com,sales,Growth Team,Expand into new markets
Laura Lopez,laura.lopez6277@example.com,engineering,Growth Team,Expand into new markets
Ivan Anderson,ivan.anderson6278@example.com,engineering,Mobile Team,Ship the new mobile app
Wendy Martin,wendy.martin6279@example.com,engineering,Growth Team,Expand into new markets
Diana Anderson,diana.anderson6280@example.com,engineering,Platform Team,Rebuild the customer portal
Zach Lopez,zach.lopez6281@example.com,engineering,Growth Team,Expand into new markets
Wendy Harris,wendy.harris6282@example.com,engineering,Platform Team,Rebuild the customer portal
Grace Wilson,grace.wilson6283@example.com,engineering,Growth Team,Expand into new markets
Uma Sanchez,uma.sanchez6284@example.com,engineering,Growth Team,Expand into new markets
Laura Robinson,laura.robinson6285@example.com,support,Platform Team,Rebuild the customer portal
Sybil Robinson,sybil.robinson6286@example.com,support,Mobile Team,Ship the new mobile app
Alice Perez,alice.perez6287@example.com,support,Data Team,Build the analytics pipeline
Dave Wilson,dave.wilson6288@example.com,engineering,Platform Team,Rebuild the customer portal
Quentin Wilson,quentin.wilson6289@example.com,support,Growth Team,Expand into new markets
Laura Hernandez,laura.hernandez6290@example.com,support,Platform Team,Rebuild the customer portal
Sybil Lewis,sybil.lewis6291@example.com,support,Data Team,Build the analytics pipeline
Xavier Anderson,xavier.anderson6292@example.com,engineering,Mobile Team,Ship the new mobile app
Wendy Thompson,wendy.thompson6293@example.com,sales,Platform Team,Rebuild the customer portal
Ruth Taylor,ruth.taylor6294@example.com,support,Platform Team,Rebuild the customer portal
Bob Harris,bob.harris6295@example.com,engineering,Data Team,Build the analytics pipeline
Peggy Moore,peggy.moore6296@example.com,engineering,Growth Team,Expand into new markets
Ruth Gonzalez,ruth.gonzalez6297@example.com,support,Growth Team,Expand into new markets
Diana Jackson,diana.jackson6298@example.com,engineering,Mobile Team,Ship the new mobile app
Zach Taylor,zach.taylor6299@example.com,sales,Data Team,Build the analytics pipeline
Carlos Martinez,carlos.martinez6300@example.com,support,Platform Team,Rebuild the customer portal
Dave Taylor,dave.taylor6301@example.com,engineering,Growth Team,Expand into new markets
Xavier Harris,xavier.harris6302@example.com,engineering,Mobile Team,Ship the new mobile app
Alice Johnson,alice.johnson6303@example.com,support,Growth Team,Expand into new markets
Grace Martin,grace.martin6304@example.com,support,Data Team,Build the analytics pipeline
Eve Lee,eve.lee6305@example.com,engineering,Growth Team,Expand into new markets
Victor Jones,victor.jones6306@example.com,sales,Platform Team,Rebuild the customer portal
Carol Rodriguez,carol.rodriguez6307@example.com,sales,Data Team,Build the analytics pipeline
Ivan Lee,ivan.lee6308@example.com,support,Growth Team,Expand into new markets
Eve Robinson,eve.robinson6309@example.com,engineering,Platform Team,Rebuild the customer portal
Niaj Lopez,niaj.lopez6310@example.com,support,Growth Team,Expand into new markets
Alice Perez,alice.perez6311@example.com,support,Growth Team,Expand into new markets
Uma White,uma.white6312@example.com,engineering,Platform Team,Rebuild the customer portal
Bob Lee,bob.lee6313@example.com,engineering,Growth Team,Expand into new markets
Ivan Robinson,ivan.robinson6314@example.com,engineering,Growth Team,Expand into new markets
Bianca Jones,bianca.jones6315@example.com,support,Growth Team,Expand into new markets
Olivia Thomas,olivia.thomas6316@example.com,engineering,Data Team,Build the analytics pipeline
Wendy Lewis,wendy.lewis6317@example.com,engineering,Platform Team,Rebuild the customer portal
Laura Thompson,laura.thompson6318@example.com,engineering,Growth Team,Expand into new markets
Carlos Harris,carlos.harris6319@example.com,support,Growth Team,Expand into new markets
Carol Wilson,carol.wilson6320@example.com,engineering,Data Team,Build the analytics pipeline
Niaj Rodriguez,niaj.rodriguez6321@example.com,engineering,Mobile Team,Ship the new mobile app
Alice Perez,alice.perez6322@example.com,sales,Platform Team,Rebuild the customer portal
Wendy Sanchez,wendy.sanchez6323@example.com,sales,Growth Team,Expand into new markets
Olivia Anderson,olivia.anderson6324@example.com,sales,Data Team,Build the analytics pipeline
Carlos Jackson,carlos.jackson6325@example.com,support,Platform Team,Rebuild the customer portal
Ruth Davis,ruth.davis6326@example.com,engineering,Growth Team,Expand into new markets
Victor Smith,victor.smith6327@example.com,support,Growth Team,Expand into new markets
Carol Wilson,carol.wilson6328@example.com,sales,Platform Team,Rebuild the customer portal
Judy Gonzalez,judy.gonzalez6329@example.com,engineering,Platform Team,Rebuild the customer portal
Sybil White,sybil.white6330@example.com,engineering,Growth Team,Expand into new markets
Zach Smith,zach.smith6331@example.com,engineering,Data Team,Build the analytics pipeline
Amir White,amir.white6332@example.com,engineering,Data Team,Build the analytics pipeline
Trent Gonzalez,trent.gonzalez6333@example.com,engineering,Mobile Team,Ship the new mobile app
Eve Jackson,eve.jackson6334@example.com,engineering,Platform Team,Rebuild the customer portal
Dave Wilson,dave.wilson6335@example.com,engineering,Mobile Team,Ship the new mobile app
Quentin Johnson,quentin.johnson6336@example.com,sales,Data Team,Build the analytics pipeline
Ruth Lewis,ruth.lewis6337@example.com,sales,Data Team,Build the analytics pipeline
Amir Robinson,amir.robinson6338@example.com,sales,Mobile Team,Ship the new mobile app
Yolanda Lewis,yolanda.lewis6339@example.com,sales,Platform Team,Rebuild the customer portal
Heidi Thompson,heidi.thompson6340@example.com,engineering,Mobile Team,Ship the new mobile app
Carol Jackson,carol.jackson6341@example.com,sales,Mobile Team,Ship the new mobile app
Laura Johnson,laura.johnson6342@example.com,support,Data Team,Build the analytics pipeline
Judy Harris,judy.harris6343@example.com,sales,Data Team,Build the analytics pipeline
Uma Johnson,uma.johnson6344@example.com,sales,Mobile Team,Ship the new mobile app
Mallory Miller,mallory.miller6345@example.com,support,Data Team,Build the analytics pipeline
Yolanda Miller,yolanda.miller6346@example.com,support,Growth Team,Expand into new markets
Niaj Lopez,niaj.lopez6347@example.com,sales,Platform Team,Rebuild the customer portal
Uma Martin,uma.martin6348@example.com,engineering,Mobile Team,Ship the new mobile app
Olivia Miller,olivia.miller6349@example.com,engineering,Growth Team,Expand into new markets
Mallory Jones,mallory.jones6350@example.com,engineering,Mobile Team,Ship the new mobile app
Carol Martinez,carol.martinez6351@example.com,sales,Growth Team,Expand into new markets
Grace Sanchez,grace.sanchez6352@example.com,support,Mobile Team,Ship the new mobile app
Eve Robinson,eve.robinson6353@example.com,support,Data Team,Build the analytics pipeline
Ruth Thompson,ruth.thompson6354@example.com,sales,Data Team,Build the analytics pipeline
Victor Jones,victor.jones6355@example.com,support,Platform Team,Rebuild the customer portal
Quentin Ramirez,quentin.ramirez6356@example.com,support,Platform Team,Rebuild the customer portal
Xavier Thomas,xavier.thomas6357@example.com,support,Platform Team,Rebuild the customer portal
Trent Robinson,trent.robinson6358@example.com,engineering,Mobile Team,Ship the new mobile app
Uma Davis,uma.davis6359@example.com,support,Data Team,Build the analytics pipeline
Carol Perez,carol.perez6360@example.com,sales,Mobile Team,Ship the new mobile app
Heidi Miller,heidi.miller6361@example.com,engineering,Data Team,Build the analytics pipeline
Carlos Jones,carlos.jones6362@example.com,sales,Data Team,Build the analytics pipeline
Frank Lewis,frank.lewis6363@example.com,support,Data Team,Build the analytics pipeline
Bob Lopez,bob.lopez6364@example.com,engineering,Growth Team,Expand into new markets
Heidi Rodriguez,heidi.rodriguez6365@example.com,engineering,Growth Team,Expand into new markets
Zach Thompson,zach.thompson6366@example.com,engineering,Growth Team,Expand into new markets
Carol Thompson,carol.thompson6367@example.com,support,Data Team,Build the analytics pipeline
Quentin Thomas,quentin.thomas6368@example.com,engineering,Mobile Team,Ship the new mobile app
Laura White,laura.white6369@example.com,sales,Data Team,Build the analytics pipeline
Bianca Anderson,bianca.anderson6370@example.com,support,Mobile Team,Ship the new mobile app
Sybil Perez,sybil.perez6371@example.com,sales,Data Team,Build the analytics pipeline
Kevin Sanchez,kevin.sanchez6372@example.com,sales,Mobile Team,Ship the new mobile app
Sybil Thompson,sybil.thompson6373@example.com,support,Data Team,Build the analytics pipeline
Yolanda Lewis,yolanda.lewis6374@example.com,engineering,Data Team,Build the analytics pipeline
Laura Davis,laura.davis6375@example.com,sales,Mobile Team,Ship the new mobile app
Sybil Thomas,sybil.thomas6376@example.com,sales,Data Team,Build the analytics pipeline
Mallory Robinson,mallory.robinson6377@example.com,engineering,Mobile Team,Ship the new mobile app
Niaj Miller,niaj.miller6378@example.com,engineering,Data Team,Build the analytics pipeline
Carol Garcia,carol.garcia6379@example.com,sales,Data Team,Build the analytics pipeline
Laura Smith,laura.smith6380@example.com,support,Platform Team,Rebuild the customer portal
Kevin Robinson,kevin.robinson6381@example.com,support,Data Team,Build the analytics pipeline
Carol Clark,carol.clark6382@example.com,engineering,Data Team,Build the analytics pipeline
Yolanda Gonzalez,yolanda.gonzalez6383@example.com,sales,Growth Team,Expand into new markets
Zach Lopez,zach.lopez6384@example.com,sales,Mobile Team,Ship the new mobile app
Judy Ramirez,judy.ramirez6385@example.com,engineering,Mobile Team,Ship the new mobile app
Dave Ramirez,dave.ramirez6386@example.com,engineering,Growth Team,Expand into new markets
Olivia Ramirez,olivia.ramirez6387@example.com,engineering,Data Team,Build the analytics pipeline
Heidi Lopez,heidi.lopez6388@example.com,sales,Platform Team,Rebuild the customer portal
Frank Gonzalez,frank.gonzalez6389@example.com,sales,Platform Team,Rebuild the customer portal
Bob Perez,bob.perez6390@example.com,support,Data Team,Build the analytics pipeline
Ruth Jackson,ruth.jackson6391@example.com,engineering,Growth Team,Expand into new markets
Zach Lewis,zach.lewis6392@example.com,sales,Growth Team,Expand into new markets
Amir Brown,amir.brown6393@example.com,sales,Data Team,Build the analytics pipeline
Carlos Martinez,carlos.martinez6394@example.com,support,Growth Team,Expand into new markets
Zach Johnson,zach.johnson6395@example.com,support,Mobile Team,Ship the new mobile app
Niaj Davis,niaj.davis6396@example.com,engineering,Mobile Team,Ship the new mobile app
Dave Robinson,dave.robinson6397@example.com,engineering,Platform Team,Rebuild the customer portal
Ruth Lee,ruth.lee6398@example.com,sales,Platform Team,Rebuild the customer portal
Quentin Clark,quentin.clark6399@example.com,engineering,Data Team,Build the analytics pipeline
Eve Robinson,eve.robinson6400@example.com,engineering,Platform Team,Rebuild the customer portal
Laura White,laura.white6401@example.com,engineering,Mobile Team,Ship the new mobile app
Diana Robinson,diana.robinson6402@example.com,sales,Data Team,Build the analytics pipeline
Frank Miller,frank.miller6403@example.com,support,Data Team,Build the analytics pipeline
Ivan White,ivan.white6404@example.com,sales,Growth Team,Expand into new markets
Carlos Lewis,carlos.lewis6405@example.com,sales,Mobile Team,Ship the new mobile app
Ivan Ramirez,ivan.ramirez6406@example.com,engineering,Mobile Team,Ship the new mobile app
Dave Thomas,dave.thomas6407@example.com,support,Growth Team,Expand into new markets
Frank Ramirez,frank.ramirez6408@example.com,support,Platform Team,Rebuild the customer portal
Quentin Wilson,quentin.wilson6409@example.com,support,Data Team,Build the analytics pipeline
Amir Jones,amir.jones6410@example.com,sales,Growth Team,Expand into new markets
Olivia Anderson,olivia.anderson6411@example.com,support,Growth Team,Expand into new markets
Niaj Gonzalez,niaj.gonzalez6412@example.com,sales,Data Team,Build the analytics pipeline
Grace Miller,grace.miller6413@example.com,engineering,Mobile Team,Ship the new mobile app
Dave Rodriguez,dave.rodriguez6414@example.com,support,Platform Team,Rebuild the customer portal
Amir Johnson,amir.johnson6415@example.com,engineering,Data Team,Build the analytics pipeline
Amir Anderson,amir.anderson6416@example.com,engineering,Platform Team,Rebuild the customer portal
Diana Robinson,diana.robinson6417@example.com,sales,Data Team,Build the analytics pipeline
Uma Taylor,uma.taylor6418@example.com,engineering,Platform Team,Rebuild the customer portal
Alice Robinson,alice.robinson6419@example.com,sales,Growth Team,Expand into new markets
Bianca Perez,bianca.perez6420@example.com,support,Growth Team,Expand into new markets
Eve Williams,eve.williams6421@example.com,engineering,Data Team,Build the analytics pipeline
Kevin Anderson,kevin.anderson6422@example.com,engineering,Growth Team,Expand into new markets
Niaj Smith,niaj.smith6423@example.com,engineering,Data Team,Build the analytics pipeline
Sybil Thompson,sybil.thompson6424@example.com,engineering,Platform Team,Rebuild the customer portal
Yolanda Gonzalez,yolanda.gonzalez6425@example.com,sales,Platform Team,Rebuild the customer portal
Frank Robinson,frank.robinson6426@example.com,engineering,Platform Team,Rebuild the customer portal
Dave Miller,dave.miller6427@example.com,support,Mobile Team,Ship the new mobile app
Laura Lopez,laura.lopez6428@example.com,support,Growth Team,Expand into new markets
Yolanda Gonzalez,yolanda.gonzalez6429@example.com,support,Growth Team,Expand into new markets
Alice Martin,alice.martin6430@example.com,support,Growth Team,Expand into new markets
Xavier Lee,xavier.lee6431@example.com,engineering,Mobile Team,Ship the new mobile app
Laura Jones,laura.jones6432@example.com,support,Data Team,Build the analytics pipeline
Laura Clark,laura.clark6433@example.com,engineering,Growth Team,Expand into new markets
Eve Garcia,eve.garcia6434@example.com,support,Growth Team,Expand into new markets
Wendy Harris,wendy.harris6435@example.com,engineering,Mobile Team,Ship the new mobile app
Wendy Martin,wendy.martin6436@example.com,support,Growth Team,Expand into new markets
Trent Martin,trent.martin6437@example.com,engineering,Growth Team,Expand into new markets
Judy Lopez,judy.lopez6438@example.com,support,Mobile Team,Ship the new mobile app
Wendy Clark,wendy.clark6439@example.com,sales,Growth Team,Expand into new markets
Heidi Jones,heidi.jones6440@example.com,sales,Growth Team,Expand into new markets
Niaj Williams,niaj.williams6441@example.com,engineering,Data Team,Build the analytics pipeline
Peggy Gonzalez,peggy.gonzalez6442@example.com,engineering,Platform Team,Rebuild the customer portal
Ruth Anderson,ruth.anderson6443@example.com,support,Platform Team,Rebuild the customer portal
Frank Gonzalez,frank.gonzalez6444@example.com,engineering,Mobile Team,Ship the new mobile app
Yolanda Taylor,yolanda.taylor6445@example.com,engineering,Growth Team,Expand into new markets
Mallory Johnson,mallory.johnson6446@example.com,engineering,Platform Team,Rebuild the customer portal
Peggy Brown,peggy.brown6447@example.com,sales,Growth Team,Expand into new markets
Dave Lopez,dave.lopez6448@example.com,support,Growth Team,Expand into new markets
Victor Moore,victor.moore6449@example.com,support,Growth Team,Expand into new markets
Carol Ramirez,carol.ramirez6450@example.com,support,Mobile Team,Ship the new mobile app
Zach Clark,zach.clark6451@example.com,support,Mobile Team,Ship the new mobile app
Yolanda Rodriguez,yolanda.rodriguez6452@example.com,sales,Data Team,Build the analytics pipeline
Peggy Miller,peggy.miller6453@example.com,sales,Data Team,Build the analytics pipeline
Yolanda Rodriguez,yolanda.rodriguez6454@example.com,engineering,Growth Team,Expand into new markets
Grace Miller,grace.miller6455@example.com,engineering,Growth Team,Expand into new markets
Frank Robinson,frank.robinson6456@example.com,support,Platform Team,Rebuild the customer portal
Dave Harris,dave.harris6457@example.com,sales,Data Team,Build the analytics pipeline
Eve Lopez,eve.lopez6458@example.com,support,Growth Team,Expand into new markets
Amir Perez,amir.perez6459@example.com,engineering,Growth Team,Expand into new markets
Xavier Lopez,xavier.lopez6460@example.com,engineering,Mobile Team,Ship the new mobile app
Mallory Garcia,mallory.garcia6461@example.com,engineering,Data Team,Build the analytics pipeline
Laura Lee,laura.lee6462@example.com,sales,Platform Team,Rebuild the customer portal
Heidi Clark,heidi.clark6463@example.com,engineering,Mobile Team,Ship the new mobile app
Carol Ramirez,carol.ramirez6464@example.com,support,Platform Team,Rebuild the customer portal
Bob Rodriguez,bob.rodriguez6465@example.com,support,Mobile Team,Ship the new mobile app
Zach Thomas,zach.thomas6466@example.com,engineering,Data Team,Build the analytics pipeline
Amir Davis,amir.davis6467@example.com,sales,Platform Team,Rebuild the customer portal
Victor Hernandez,victor.hernandez6468@example.com,support,Growth Team,Expand into new markets
Judy Harris,judy.harris6469@example.com,support,Platform Team,Rebuild the customer portal
Ruth Hernandez,ruth.hernandez6470@example.com,engineering,Growth Team,Expand into new markets
Carlos Perez,carlos.perez6471@example.com,engineering,Platform Team,Rebuild the customer portal
Yolanda Gonzalez,yolanda.gonzalez6472@example.com,sales,Growth Team,Expand into new markets
Victor Johnson,victor.johnson6473@example.com,support,Data Team,Build the analytics pipeline
Mallory Davis,mallory.davis6474@example.com,support,Mobile Team,Ship the new mobile app
Laura Gonzalez,laura.gonzalez6475@example.com,sales,Platform Team,Rebuild the customer portal
Xavier Rodriguez,xavier.rodriguez6476@example.com,engineering,Mobile Team,Ship the new mobile app
Laura Hernandez,laura.hernandez6477@example.com,support,Data Team,Build the analytics pipeline
Carol Sanchez,carol.sanchez6478@example.com,support,Growth Team,Expand into new markets
Victor Williams,victor.williams6479@example.com,engineering,Data Team,Build the analytics pipeline
Niaj White,niaj.white6480@example.com,engineering,Data Team,Build the analytics pipeline
Carol Jackson,carol.jackson6481@example.com,sales,Data Team,Build the analytics pipeline
Niaj Rodriguez,niaj.rodriguez6482@example.com,support,Platform Team,Rebuild the customer portal
Diana Perez,diana.perez6483@example.com,support,Platform Team,Rebuild the customer portal
Xavier Gonzalez,xavier.gonzalez6484@example.com,support,Growth Team,Expand into new markets
Kevin Anderson,kevin.anderson6485@example.com,sales,Mobile Team,Ship the new mobile app
Zach Garcia,zach.garcia6486@example.com,sales,Platform Team,Rebuild the customer portal
Zach Smith,zach.smith6487@example.com,engineering,Growth Team,Expand into new markets
Ivan Garcia,ivan.garcia6488@example.com,engineering,Mobile Team,Ship the new mobile app
Victor Smith,victor.smith6489@example.com,support,Platform Team,Rebuild the customer portal
Bianca Lee,bianca.lee6490@example.com,engineering,Mobile Team,Ship the new mobile app
Eve White,eve.white6491@example.com,engineering,Platform Team,Rebuild the customer portal
Judy Williams,judy.williams6492@example.com,support,Growth Team,Expand into new markets
Heidi Harris,heidi.harris6493@example.com,support,Mobile Team,Ship the new mobile app
Mallory Anderson,mallory.anderson6494@example.com,sales,Mobile Team,Ship the new mobile app
Bob Jackson,bob.jackson6495@example.com,engineering,Mobile Team,Ship the new mobile app
Carol Garcia,carol.garcia6496@example.com,sales,Mobile Team,Ship the new mobile app
Carlos Thomas,carlos.thomas6497@example.com,engineering,Growth Team,Expand into new markets
Zach Martin,zach.martin6498@example.com,engineering,Growth Team,Expand into new markets
Olivia Lee,olivia.lee6499@example.com,support,Mobile Team,Ship the new mobile app
Yolanda Smith,yolanda.smith6500@example.com,sales,Mobile Team,Ship the new mobile app
Wendy Jackson,wendy.jackson6501@example.com,support,Mobile Team,Ship the new mobile app
Ruth Wilson,ruth.wilson6502@example.com,engineering,Data Team,Build the analytics pipeline
Amir Lee,amir.lee6503@example.com,support,Growth Team,Expand into new markets
Victor Jackson,victor.jackson6504@example.com,engineering,Data Team,Build the analytics pipeline
Dave Martin,dave.martin6505@example.com,support,Platform Team,Rebuild the customer portal
Yolanda Gonzalez,yolanda.gonzalez6506@example.com,sales,Data Team,Build the analytics pipeline
Grace Smith,grace.smith6507@example.com,engineering,Data Team,Build the analytics pipeline
Heidi Brown,heidi.brown6508@example.com,engineering,Growth Team,Expand into new markets
Frank Brown,frank.brown6509@example.com,sales,Platform Team,Rebuild the customer portal
Amir Smith,amir.smith6510@example.com,sales,Data Team,Build the analytics pipeline
Zach Gonzalez,zach.gonzalez6511@example.com,sales,Data Team,Build the analytics pipeline
Sybil Lee,sybil.lee6512@example.com,sales,Mobile Team,Ship the new mobile app
Peggy Smith,peggy.smith6513@example.com,engineering,Platform Team,Rebuild the customer portal
Eve Wilson,eve.wilson6514@example.com,sales,Mobile Team,Ship the new mobile app
Judy Martinez,judy.martinez6515@example.com,sales,Mobile Team,Ship the new mobile app
Mallory Martinez,mallory.martinez6516@example.com,support,Mobile Team,Ship the new mobile app
Olivia Robinson,olivia.robinson6517@example.com,engineering,Data Team,Build the analytics pipeline
Niaj Clark,niaj.clark6518@example.com,sales,Growth Team,Expand into new markets
Carlos Lopez,carlos.lopez6519@example.com,support,Mobile Team,Ship the new mobile app
Bob Rodriguez,bob.rodriguez6520@example.com,engineering,Data Team,Build the analytics pipeline
Alice Wilson,alice.wilson6521@example.com,sales,Growth Team,Expand into new markets
Kevin Thompson,kevin.thompson6522@example.com,sales,Growth Team,Expand into new markets
Grace Johnson,grace.johnson6523@example.com,sales,Mobile Team,Ship the new mobile app
Sybil Wilson,sybil.wilson6524@example.com,sales,Growth Team,Expand into new markets
Olivia Williams,olivia.williams6525@example.com,support,Platform Team,Rebuild the customer portal
Sybil Lee,sybil.lee6526@example.com,engineering,Data Team,Build the analytics pipeline
Sybil Thompson,sybil.thompson6527@example.com,engineering,Mobile Team,Ship the new mobile app
Kevin Miller,kevin.miller6528@example.com,support,Platform Team,Rebuild the customer portal
Laura Jackson,laura.jackson6529@example.com,support,Mobile Team,Ship the new mobile app
Alice Garcia,alice.garcia6530@example.com,sales,Data Team,Build the analytics pipeline
Dave Garcia,dave.garcia6531@example.com,sales,Growth Team,Expand into new markets
Niaj Perez,niaj.perez6532@example.com,sales,Growth Team,Expand into new markets
Judy Davis,judy.davis6533@example.com,sales,Platform Team,Rebuild the customer portal
Trent Martinez,trent.martinez6534@example.com,support,Data Team,Build the analytics pipeline
Mallory Lopez,mallory.lopez6535@example.com,sales,Data Team,Build the analytics pipeline
Victor Wilson,victor.wilson6536@example.com,sales,Growth Team,Expand into new markets
Kevin Harris,kevin.harris6537@example.com,sales,Data Team,Build the analytics pipeline
Xavier Davis,xavier.davis6538@example.com,support,Data Team,Build the analytics pipeline
Ivan Sanchez,ivan.sanchez6539@example.com,sales,Platform Team,Rebuild the customer portal
Trent Brown,trent.brown6540@example.com,support,Mobile Team,Ship the new mobile app
Diana Martin,diana.martin6541@example.com,support,Growth Team,Expand into new markets
Heidi Clark,heidi.clark6542@example.com,sales,Data Team,Build the analytics pipeline
Sybil Anderson,sybil.anderson6543@example.com,engineering,Data Team,Build the analytics pipeline
Sybil Lewis,sybil.lewis6544@example.com,sales,Data Team,Build the analytics pipeline
Ivan Smith,ivan.smith6545@example.com,engineering,Growth Team,Expand into new markets
Heidi Johnson,heidi.johnson6546@example.com,support,Data Team,Build the analytics pipeline
Niaj Jones,niaj.jones6547@example.com,support,Mobile Team,Ship the new mobile app
Diana Miller,diana.miller6548@example.com,engineering,Data Team,Build the analytics pipeline
Heidi Garcia,heidi.garcia6549@example.com,engineering,Platform Team,Rebuild the customer portal
Carlos Harris,carlos.harris6550@example.com,engineering,Mobile Team,Ship the new mobile app
Bob Thompson,bob.thompson6551@example.com,engineering,Growth Team,Expand into new markets
Bianca Thomas,bianca.thomas6552@example.com,sales,Platform Team,Rebuild the customer portal
Kevin Martinez,kevin.martinez6553@example.com,engineering,Data Team,Build the analytics pipeline
Judy Lee,judy.lee6554@example.com,sales,Mobile Team,Ship the new mobile app
Kevin Thomas,kevin.thomas6555@example.com,engineering,Growth Team,Expand into new markets
Bob Davis,bob.davis6556@example.com,engineering,Platform Team,Rebuild the customer portal
Judy Rodriguez,judy.rodriguez6557@example.com,sales,Mobile Team,Ship the new mobile app
Mallory Robinson,mallory.robinson6558@example.com,engineering,Platform Team,Rebuild the customer portal
Xavier Martin,xavier.martin6559@example.com,support,Growth Team,Expand into new markets
Bob Clark,bob.clark6560@example.com,engineering,Platform Team,Rebuild the customer portal
Carlos White,carlos.white6561@example.com,engineering,Data Team,Build the analytics pipeline
Eve Harris,eve.harris6562@example.com,engineering,Platform Team,Rebuild the customer portal
Xavier Ramirez,xavier.ramirez6563@example.com,sales,Mobile Team,Ship the new mobile app
Bianca Gonzalez,bianca.gonzalez6564@example.com,support,Data Team,Build the analytics pipeline
Wendy Martin,wendy.martin6565@example.com,engineering,Mobile Team,Ship the new mobile app
Kevin Jackson,kevin.jackson6566@example.com,support,Data Team,Build the analytics pipeline
Victor Clark,victor.clark6567@example.com,engineering,Mobile Team,Ship the new mobile app
Ruth Wilson,ruth.wilson6568@example.com,support,Platform Team,Rebuild the customer portal
Trent Miller,trent.miller6569@example.com,sales,Platform Team,Rebuild the customer portal
Wendy Lopez,wendy.lopez6570@example.com,engineering,Data Team,Build the analytics pipeline
Ivan Thompson,ivan.thompson6571@example.com,sales,Data Team,Build the analytics pipeline
Mallory Davis,mallory.davis6572@example.com,engineering,Platform Team,Rebuild the customer portal
Heidi Robinson,heidi.robinson6573@example.com,engineering,Data Team,Build the analytics pipeline
Carlos Miller,carlos.miller6574@example.com,engineering,Data Team,Build the analytics pipeline
Grace Clark,grace.clark6575@example.com,engineering,Mobile Team,Ship the new mobile app
Diana Perez,diana.perez6576@example.com,engineering,Growth Team,Expand into new markets
Bianca Davis,bianca.davis6577@example.com,sales,Growth Team,Expand into new markets
Olivia Martinez,olivia.martinez6578@example.com,sales,Growth Team,Expand into new markets
Niaj Miller,niaj.miller6579@example.com,engineering,Platform Team,Rebuild the customer portal
Judy Davis,judy.davis6580@example.com,support,Mobile Team,Ship the new mobile app
Sybil Wilson,sybil.wilson6581@example.com,support,Mobile Team,Ship the new mobile app
Amir Smith,amir.smith6582@example.com,support,Platform Team,Rebuild the customer portal
Zach Lewis,zach.lewis6583@example.com,support,Data Team,Build the analytics pipeline
Wendy Lewis,wendy.lewis6584@example.com,support,Growth Team,Expand into new markets
Bianca Rodriguez,bianca.rodriguez6585@example.com,support,Mobile Team,Ship the new mobile app
Bob Jones,bob.jones6586@example.com,support,Platform Team,Rebuild the customer portal
Victor Thomas,victor.thomas6587@example.com,sales,Mobile Team,Ship the new mobile app
Carol Anderson,carol.anderson6588@example.com,engineering,Data Team,Build the analytics pipeline
Bob Martinez,bob.martinez6589@example.com,sales,Growth Team,Expand into new markets
Bob Jones,bob.jones6590@example.com,support,Growth Team,Expand into new markets
Zach Sanchez,zach.sanchez6591@example.com,engineering,Data Team,Build the analytics pipeline
Frank Garcia,frank.garcia6592@example.com,sales,Data Team,Build the analytics pipeline
Mallory Hernandez,mallory.hernandez6593@example.com,sales,Growth Team,Expand into new markets
Yolanda Hernandez,yolanda.hernandez6594@example.com,engineering,Growth Team,Expand into new markets
Grace Jones,grace.jones6595@example.com,support,Growth Team,Expand into new markets
Zach Davis,zach.davis6596@example.com,engineering,Platform Team,Rebuild the customer portal
Alice Jones,alice.jones6597@example.com,sales,Data Team,Build the analytics pipeline
Sybil Brown,sybil.brown6598@example.com,engineering,Growth Team,Expand into new markets
Carlos Smith,carlos.smith6599@example.com,engineering,Growth Team,Expand into new markets
Heidi Miller,heidi.miller6600@example.com,sales,Data Team,Build the analytics pipeline
Olivia Anderson,olivia.anderson6601@example.com,support,Platform Team,Rebuild the customer portal
Wendy Brown,wendy.brown6602@example.com,sales,Mobile Team,Ship the new mobile app
Laura Robinson,laura.robinson6603@example.com,sales,Platform Team,Rebuild the customer portal
Bianca Wilson,bianca.wilson6604@example.com,sales,Growth Team,Expand into new markets
Trent Martin,trent.martin6605@example.com,sales,Data Team,Build the analytics pipeline
Heidi Lewis,heidi.lewis6606@example.com,engineering,Platform Team,Rebuild the customer portal
Ivan Lee,ivan.lee6607@example.com,engineering,Data Team,Build the analytics pipeline
Bob Williams,bob.williams6608@example.com,engineering,Growth Team,Expand into new markets
Xavier Jackson,xavier.jackson6609@example.com,sales,Data Team,Build the analytics pipeline
Frank Davis,frank.davis6610@example.com,engineering,Platform Team,Rebuild the customer portal
Ivan Thompson,ivan.thompson6611@example.com,engineering,Growth Team,Expand into new markets
Eve Moore,eve.moore6612@example.com,sales,Data Team,Build the analytics pipeline
Carol Sanchez,carol.sanchez6613@example.com,engineering,Platform Team,Rebuild the customer portal
Olivia Thompson,olivia.thompson6614@example.com,engineering,Growth Team,Expand into new markets
Victor Sanchez,victor.sanchez6615@example.com,sales,Growth Team,Expand into new markets
Bob Lewis,bob.lewis6616@example.com,engineering,Data Team,Build the analytics pipeline
Olivia Clark,olivia.clark6617@example.com,sales,Mobile Team,Ship the new mobile app
Victor Lewis,victor.lewis6618@example.com,support,Mobile Team,Ship the new mobile app
Yolanda Brown,yolanda.brown6619@example.com,support,Mobile Team,Ship the new mobile app
Uma Thompson,uma.thompson6620@example.com,sales,Mobile Team,Ship the new mobile app
Amir Rodriguez,amir.rodriguez6621@example.com,engineering,Mobile Team,Ship the new mobile app
Trent Sanchez,trent.sanchez6622@example.com,sales,Growth Team,Expand into new markets
Bob Gonzalez,bob.gonzalez6623@example.com,support,Data Team,Build the analytics pipeline
Ruth Davis,ruth.davis6624@example.com,engineering,Mobile Team,Ship the new mobile app
Zach Perez,zach.perez6625@example.com,support,Mobile Team,Ship the new mobile app
Eve Hernandez,eve.hernandez6626@example.com,engineering,Platform Team,Rebuild the customer portal
Eve Hernandez,eve.hernandez6627@example.com,support,Platform Team,Rebuild the customer portal
Zach Thompson,zach.thompson6628@example.com,sales,Data Team,Build the analytics pipeline
Mallory Harris,mallory.harris6629@example.com,support,Data Team,Build the analytics pipeline
Ivan Robinson,ivan.robinson6630@example.com,engineering,Growth Team,Expand into new markets
Peggy Davis,peggy.davis6631@example.com,sales,Growth Team,Expand into new markets
Sybil Harris,sybil.harris6632@example.com,engineering,Platform Team,Rebuild the customer portal
Dave Jones,dave.jones6633@example.com,engineering,Platform Team,Rebuild the customer portal
Bob Brown,bob.brown6634@example.com,support,Mobile Team,Ship the new mobile app
Bob Davis,bob.davis6635@example.com,support,Data Team,Build the analytics pipeline
Ruth Wilson,ruth.wilson6636@example.com,support,Platform Team,Rebuild the customer portal
Diana Lewis,diana.lewis6637@example.com,sales,Platform Team,Rebuild the customer portal
Bianca Johnson,bianca.johnson6638@example.com,sales,Mobile Team,Ship the new mobile app
Wendy Johnson,wendy.johnson6639@example.com,support,Growth Team,Expand into new markets
Eve Lopez,eve.lopez6640@example.com,support,Platform Team,Rebuild the customer portal
Trent Martin,trent.martin6641@example.com,support,Data Team,Build the analytics pipeline
Laura Garcia,laura.garcia6642@example.com,support,Data Team,Build the analytics pipeline
Carlos Lewis,carlos.lewis6643@example.com,sales,Platform Team,Rebuild the customer portal
Dave Garcia,dave.garcia6644@example.com,engineering,Growth Team,Expand into new markets
Carlos Thomas,carlos.thomas6645@example.com,support,Mobile Team,Ship the new mobile app
Ivan Davis,ivan.davis6646@example.com,support,Growth Team,Expand into new markets
Olivia Garcia,olivia.garcia6647@example.com,engineering,Growth Team,Expand into new markets
Laura Ramirez,laura.ramirez6648@example.com,engineering,Data Team,Build the analytics pipeline
Eve Brown,eve.brown6649@example.com,engineering,Mobile Team,Ship the new mobile app
Mallory Perez,mallory.perez6650@example.com,support,Data Team,Build the analytics pipeline
Zach Rodriguez,zach.rodriguez6651@example.com,engineering,Mobile Team,Ship the new mobile app
Diana Miller,diana.miller6652@example.com,support,Platform Team,Rebuild the customer portal
Ruth Clark,ruth.clark6653@example.com,engineering,Growth Team,Expand into new markets
Judy Martinez,judy.martinez6654@example.com,sales,Data Team,Build the analytics pipeline
Carlos Lewis,carlos.lewis6655@example.com,sales,Platform Team,Rebuild the customer portal
Quentin Clark,quentin.clark6656@example.com,support,Mobile Team,Ship the new mobile app
Trent Jackson,trent.jackson6657@example.com,engineering,Data Team,Build the analytics pipeline
Ivan Anderson,ivan.anderson6658@example.com,engineering,Platform Team,Rebuild the customer portal
Alice Ramirez,alice.ramirez6659@example.com,support,Data Team,Build the analytics pipeline
Victor Gonzalez,victor.gonzalez6660@example.com,engineering,Data Team,Build the analytics pipeline
Trent Harris,trent.harris6661@example.com,engineering,Data Team,Build the analytics pipeline
Zach Perez,zach.perez6662@example.com,sales,Mobile Team,Ship the new mobile app
Ivan Martin,ivan.martin6663@example.com,sales,Growth Team,Expand into new markets
Niaj Lee,niaj.lee6664@example.com,engineering,Growth Team,Expand into new markets
Carlos Martin,carlos.martin6665@example.com,sales,Data Team,Build the analytics pipeline
Heidi Rodriguez,heidi.rodriguez6666@example.com,sales,Growth Team,Expand into new markets
Diana Thomas,diana.thomas6667@example.com,sales,Mobile Team,Ship the new mobile app
Zach Garcia,zach.garcia6668@example.com,sales,Growth Team,Expand into new markets
Sybil Jones,sybil.jones6669@example.com,sales,Platform Team,Rebuild the customer portal
Carol Lewis,carol.lewis6670@example.com,sales,Mobile Team,Ship the new mobile app
Ruth Williams,ruth.williams6671@example.com,support,Growth Team,Expand into new markets
Eve Smith,eve.smith6672@example.com,support,Data Team,Build the analytics pipeline
Xavier Robinson,xavier.robinson6673@example.com,engineering,Growth Team,Expand into new markets
Sybil Martinez,sybil.martinez6674@example.com,engineering,Platform Team,Rebuild the customer portal
Kevin Robinson,kevin.robinson6675@example.com,engineering,Mobile Team,Ship the new mobile app
Bob Jones,bob.jones6676@example.com,sales,Data Team,Build the analytics pipeline
Yolanda Perez,yolanda.perez6677@example.com,engineering,Mobile Team,Ship the new mobile app
Niaj Davis,niaj.davis6678@example.com,support,Mobile Team,Ship the new mobile app
Xavier Sanchez,xavier.sanchez6679@example.com,support,Growth Team,Expand into new markets
Niaj Garcia,niaj.garcia6680@example.com,support,Data Team,Build the analytics pipeline
Yolanda Garcia,yolanda.garcia6681@example.com,sales,Platform Team,Rebuild the customer portal
Mallory Williams,mallory.williams6682@example.com,support,Data Team,Build the analytics pipeline
Ivan Martin,ivan.martin6683@example.com,support,Platform Team,Rebuild the customer portal
Victor Moore,victor.moore6684@example.com,engineering,Data Team,Build the analytics pipeline
Grace Miller,grace.miller6685@example.com,engineering,Platform Team,Rebuild the customer portal
Uma Moore,uma.moore6686@example.com,engineering,Platform Team,Rebuild the customer portal
Ivan Jackson,ivan.jackson6687@example.com,support,Growth Team,Expand into new markets
Bianca Garcia,bianca.garcia6688@example.com,support,Platform Team,Rebuild the customer portal
Carol Garcia,carol.garcia6689@example.com,engineering,Growth Team,Expand into new markets
Amir Garcia,amir.garcia6690@example.com,sales,Platform Team,Rebuild the customer portal
Xavier Martinez,xavier.martinez6691@example.com,support,Platform Team,Rebuild the customer portal
Laura Moore,laura.moore6692@example.com,sales,Growth Team,Expand into new markets
Ruth Wilson,ruth.wilson6693@example.com,sales,Mobile Team,Ship the new mobile app
Judy Lewis,judy.lewis6694@example.com,engineering,Platform Team,Rebuild the customer portal
Yolanda Jackson,yolanda.jackson6695@example.com,support,Platform Team,Rebuild the customer portal
Kevin Rodriguez,kevin.rodriguez6696@example.com,sales,Platform Team,Rebuild the customer portal
Judy Martinez,judy.martinez6697@example.com,support,Growth Team,Expand into new markets
Alice Johnson,alice.johnson6698@example.com,engineering,Mobile Team,Ship the new mobile app
Sybil Robinson,sybil.robinson6699@example.com,sales,Mobile Team,Ship the new mobile app
Uma Taylor,uma.taylor6700@example.com,engineering,Mobile Team,Ship the new mobile app
Amir Hernandez,amir.hernandez6701@example.com,support,Data Team,Build the analytics pipeline
Mallory Lee,mallory.lee6702@example.com,sales,Mobile Team,Ship the new mobile app
Bianca Gonzalez,bianca.gonzalez6703@example.com,support,Data Team,Build the analytics pipeline
Dave Martin,dave.martin6704@example.com,support,Mobile Team,Ship the new mobile app
Eve Miller,eve.miller6705@example.com,support,Data Team,Build the analytics pipeline
Frank Brown,frank.brown6706@example.com,support,Growth Team,Expand into new markets
Diana Wilson,diana.wilson6707@example.com,engineering,Growth Team,Expand into new markets
Carol Miller,carol.miller6708@example.com,engineering,Growth Team,Expand into new markets
Judy Thompson,judy.thompson6709@example.com,engineering,Platform Team,Rebuild the customer portal
Judy Garcia,judy.garcia6710@example.com,support,Data Team,Build the analytics pipeline
Grace Sanchez,grace.sanchez6711@example.com,sales,Platform Team,Rebuild the customer portal
Xavier Thomas,xavier.thomas6712@example.com,engineering,Platform Team,Rebuild the customer portal
Peggy Ramirez,peggy.ramirez6713@example.com,engineering,Mobile Team,Ship the new mobile app
Amir Harris,amir.harris6714@example.com,support,Mobile Team,Ship the new mobile app
Trent Martin,trent.martin6715@example.com,support,Data Team,Build the analytics pipeline
Wendy Taylor,wendy.taylor6716@example.com,support,Platform Team,Rebuild the customer portal
Frank Taylor,frank.taylor6717@example.com,engineering,Growth Team,Expand into new markets
Xavier Moore,xavier.moore6718@example.com,engineering,Platform Team,Rebuild the customer portal
Heidi Lewis,heidi.lewis6719@example.com,sales,Mobile Team,Ship the new mobile app
Niaj Smith,niaj.smith6720@example.com,support,Growth Team,Expand into new markets
Alice Johnson,alice.johnson6721@example.com,sales,Platform Team,Rebuild the customer portal
Diana Miller,diana.miller6722@example.com,support,Growth Team,Expand into new markets
Kevin Miller,kevin.miller6723@example.com,engineering,Mobile Team,Ship the new mobile app
Bianca Brown,bianca.brown6724@example.com,sales,Platform Team,Rebuild the customer portal
Uma Johnson,uma.johnson6725@example.com,engineering,Data Team,Build the analytics pipeline
Ivan Davis,ivan.davis6726@example.com,support,Growth Team,Expand into new markets
Wendy Smith,wendy.smith6727@example.com,support,Data Team,Build the analytics pipeline
Wendy Garcia,wendy.garcia6728@example.com,support,Mobile Team,Ship the new mobile app
Frank Perez,frank.perez6729@example.com,engineering,Platform Team,Rebuild the customer portal
Olivia Gonzalez,olivia.gonzalez6730@example.com,engineering,Mobile Team,Ship the new mobile app
Amir Anderson,amir.anderson6731@example.com,engineering,Mobile Team,Ship the new mobile app
Bianca Davis,bianca.davis6732@example.com,support,Growth Team,Expand into new markets
Carlos Miller,carlos.miller6733@example.com,support,Mobile Team,Ship the new mobile app
Zach Lewis,zach.lewis6734@example.com,engineering,Growth Team,Expand into new markets
Amir Thomas,amir.thomas6735@example.com,support,Mobile Team,Ship the new mobile app
Carol Taylor,carol.taylor6736@example.com,support,Data Team,Build the analytics pipeline
Dave Lewis,dave.lewis6737@example.com,engineering,Mobile Team,Ship the new mobile app
Mallory Anderson,mallory.anderson6738@example.com,engineering,Platform Team,Rebuild the customer portal
Niaj Moore,niaj.moore6739@example.com,engineering,Data Team,Build the analytics pipeline
Alice Williams,alice.williams6740@example.com,engineering,Growth Team,Expand into new markets
Victor Taylor,victor.taylor6741@example.com,engineering,Growth Team,Expand into new markets
Carlos Davis,carlos.davis6742@example.com,engineering,Growth Team,Expand into new markets
Victor Moore,victor.moore6743@example.com,sales,Growth Team,Expand into new markets
Carlos Garcia,carlos.garcia6744@example.com,support,Mobile Team,Ship the new mobile app
Trent White,trent.white6745@example.com,support,Platform Team,Rebuild the customer portal
Peggy Hernandez,peggy.hernandez6746@example.com,sales,Platform Team,Rebuild the customer portal
Carlos Thomas,carlos.thomas6747@example.com,sales,Mobile Team,Ship the new mobile app
Dave Lee,dave.lee6748@example.com,sales,Platform Team,Rebuild the customer portal
Yolanda Lee,yolanda.lee6749@example.com,support,Data Team,Build the analytics pipeline
Frank Smith,frank.smith6750@example.com,support,Platform Team,Rebuild the customer portal
Amir Rodriguez,amir.rodriguez6751@example.com,engineering,Growth Team,Expand into new markets
Trent Jones,trent.jones6752@example.com,support,Mobile Team,Ship the new mobile app
Olivia Wilson,olivia.wilson6753@example.com,sales,Platform Team,Rebuild the customer portal
Diana Taylor,diana.taylor6754@example.com,sales,Platform Team,Rebuild the customer portal
Sybil Wilson,sybil.wilson6755@example.com,support,Growth Team,Expand into new markets
Wendy Martinez,wendy.martinez6756@example.com,support,Data Team,Build the analytics pipeline
Peggy Garcia,peggy.garcia6757@example.com,support,Platform Team,Rebuild the customer portal
Amir White,amir.white6758@example.com,support,Growth Team,Expand into new markets
Mallory Gonzalez,mallory.gonzalez6759@example.com,support,Data Team,Build the analytics pipeline
Amir Gonzalez,amir.gonzalez6760@example.com,engineering,Mobile Team,Ship the new mobile app
Trent Ramirez,trent.ramirez6761@example.com,support,Data Team,Build the analytics pipeline
Amir Brown,amir.brown6762@example.com,sales,Growth Team,Expand into new markets
Olivia Miller,olivia.miller6763@example.com,support,Data Team,Build the analytics pipeline
Quentin Jackson,quentin.jackson6764@example.com,sales,Growth Team,Expand into new markets
Kevin Davis,kevin.davis6765@example.com,support,Data Team,Build the analytics pipeline
Niaj Lee,niaj.lee6766@example.com,sales,Platform Team,Rebuild the customer portal
Xavier Martinez,xavier.martinez6767@example.com,support,Growth Team,Expand into new markets
Bianca Martin,bianca.martin6768@example.com,sales,Platform Team,Rebuild the customer portal
Ivan Lee,ivan.lee6769@example.com,engineering,Mobile Team,Ship the new mobile app
Yolanda Martin,yolanda.martin6770@example.com,sales,Mobile Team,Ship the new mobile app
Sybil Martinez,sybil.martinez6771@example.com,sales,Platform Team,Rebuild the customer portal
Sybil Martin,sybil.martin6772@example.com,sales,Mobile Team,Ship the new mobile app
Alice Moore,alice.moore6773@example.com,support,Platform Team,Rebuild the customer portal
Zach Martin,zach.martin6774@example.com,sales,Mobile Team,Ship the new mobile app
Victor Perez,victor.perez6775@example.com,sales,Mobile Team,Ship the new mobile app
Ruth Lopez,ruth.lopez6776@example.com,sales,Data Team,Build the analytics pipeline
Ivan Williams,ivan.williams6777@example.com,support,Growth Team,Expand into new markets
Zach Taylor,zach.taylor6778@example.com,engineering,Data Team,Build the analytics pipeline
Niaj Anderson,niaj.anderson6779@example.com,sales,Growth Team,Expand into new markets
Amir Anderson,amir.anderson6780@example.com,engineering,Data Team,Build the analytics pipeline
Mallory White,mallory.white6781@example.com,sales,Platform Team,Rebuild the customer portal
Judy Harris,judy.harris6782@example.com,sales,Platform Team,Rebuild the customer portal
Judy Hernandez,judy.hernandez6783@example.com,support,Platform Team,Rebuild the customer portal
Frank Perez,frank.perez6784@example.com,engineering,Mobile Team,Ship the new mobile app
Kevin Garcia,kevin.garcia6785@example.com,engineering,Platform Team,Rebuild the customer portal
Frank Gonzalez,frank.gonzalez6786@example.com,sales,Growth Team,Expand into new markets
Bob Gonzalez,bob.gonzalez6787@example.com,sales,Mobile Team,Ship the new mobile app
Ruth Martin,ruth.martin6788@example.com,engineering,Platform Team,Rebuild the customer portal
Amir Moore,amir.moore6789@example.com,sales,Growth Team,Expand into new markets
Ruth Clark,ruth.clark6790@example.com,sales,Data Team,Build the analytics pipeline
Quentin Brown,quentin.brown6791@example.com,engineering,Growth Team,Expand into new markets
Ruth Lewis,ruth.lewis6792@example.com,support,Growth Team,Expand into new markets
Zach Johnson,zach.johnson6793@example.com,sales,Data Team,Build the analytics pipeline
Judy Perez,judy.perez6794@example.com,support,Growth Team,Expand into new markets
Trent White,trent.white6795@example.com,sales,Mobile Team,Ship the new mobile app
Amir Ramirez,amir.ramirez6796@example.com,support,Platform Team,Rebuild the customer portal
Laura Wilson,laura.wilson6797@example.com,engineering,Growth Team,Expand into new markets
Eve Robinson,eve.robinson6798@example.com,sales,Mobile Team,Ship the new mobile app
Diana Smith,diana.smith6799@example.com,engineering,Platform Team,Rebuild the customer portal
Grace Johnson,grace.johnson6800@example.com,support,Data Team,Build the analytics pipeline
Mallory Harris,mallory.harris6801@example.com,engineering,Mobile Team,Ship the new mobile app
Sybil Lewis,sybil.lewis6802@example.com,support,Data Team,Build the analytics pipeline
Grace Smith,grace.smith6803@example.com,sales,Data Team,Build the analytics pipeline
Judy Brown,judy.brown6804@example.com,support,Data Team,Build the analytics pipeline
Grace Clark,grace.clark6805@example.com,support,Mobile Team,Ship the new mobile app
Victor Ramirez,victor.ramirez6806@example.com,sales,Data Team,Build the analytics pipeline
Olivia Jackson,olivia.jackson6807@example.com,support,Platform Team,Rebuild the customer portal
Yolanda Thomas,yolanda.thomas6808@example.com,support,Platform Team,Rebuild the customer portal
Dave Taylor,dave.taylor6809@example.com,engineering,Mobile Team,Ship the new mobile app
Niaj Lewis,niaj.lewis6810@example.com,engineering,Platform Team,Rebuild the customer portal
Dave Lee,dave.lee6811@example.com,sales,Growth Team,Expand into new markets
Laura Lewis,laura.lewis6812@example.com,engineering,Platform Team,Rebuild the customer portal
Heidi Rodriguez,heidi.rodriguez6813@example.com,sales,Data Team,Build the analytics pipeline
Ivan Jones,ivan.jones6814@example.com,sales,Platform Team,Rebuild the customer portal
Peggy Rodriguez,peggy.rodriguez6815@example.com,sales,Data Team,Build the analytics pipeline
Ruth Lewis,ruth.lewis6816@example.com,sales,Mobile Team,Ship the new mobile app
Frank Martinez,frank.martinez6817@example.com,sales,Platform Team,Rebuild the customer portal
Eve Sanchez,eve.sanchez6818@example.com,engineering,Growth Team,Expand into new markets
Kevin Robinson,kevin.robinson6819@example.com,support,Data Team,Build the analytics pipeline
Trent Wilson,trent.wilson6820@example.com,engineering,Mobile Team,Ship the new mobile app
Kevin Robinson,kevin.robinson6821@example.com,engineering,Mobile Team,Ship the new mobile app
Frank Ramirez,frank.ramirez6822@example.com,engineering,Growth Team,Expand into new markets
Trent Smith,trent.smith6823@example.com,engineering,Data Team,Build the analytics pipeline
Grace Robinson,grace.robinson6824@example.com,sales,Data Team,Build the analytics pipeline
Zach Smith,zach.smith6825@example.com,sales,Data Team,Build the analytics pipeline
Judy Thomas,judy.thomas6826@example.com,sales,Mobile Team,Ship the new mobile app
Ruth Martinez,ruth.martinez6827@example.com,sales,Data Team,Build the analytics pipeline
Trent Davis,trent.davis6828@example.com,sales,Mobile Team,Ship the new mobile app
Frank Brown,frank.brown6829@example.com,support,Growth Team,Expand into new markets
Heidi Hernandez,heidi.hernandez6830@example.com,sales,Platform Team,Rebuild the customer portal
Amir Williams,amir.williams6831@example.com,sales,Growth Team,Expand into new markets
Kevin White,kevin.white6832@example.com,engineering,Data Team,Build the analytics pipeline
Dave Garcia,dave.garcia6833@example.com,engineering,Platform Team,Rebuild the customer portal
Xavier Davis,xavier.davis6834@example.com,engineering,Mobile Team,Ship the new mobile app
Victor Garcia,victor.garcia6835@example.com,engineering,Platform Team,Rebuild the customer portal
Diana Thompson,diana.thompson6836@example.com,engineering,Mobile Team,Ship the new mobile app
Diana Harris,diana.harris6837@example.com,support,Growth Team,Expand into new markets
Olivia Thomas,olivia.thomas6838@example.com,sales,Growth Team,Expand into new markets
Yolanda Rodriguez,yolanda.rodriguez6839@example.com,support,Growth Team,Expand into new markets
Laura Moore,laura.moore6840@example.com,support,Data Team,Build the analytics pipeline
Victor Hernandez,victor.hernandez6841@example.com,engineering,Data Team,Build the analytics pipeline
Frank Jackson,frank.jackson6842@example.com,engineering,Data Team,Build the analytics pipeline
Victor Clark,victor.clark6843@example.com,engineering,Data Team,Build the analytics pipeline
Wendy Ramirez,wendy.ramirez6844@example.com,engineering,Data Team,Build the analytics pipeline
Mallory Brown,mallory.brown6845@example.com,sales,Data Team,Build the analytics pipeline
Laura Martin,laura.martin6846@example.com,sales,Platform Team,Rebuild the customer portal
Carol Johnson,carol.johnson6847@example.com,engineering,Data Team,Build the analytics pipeline
Quentin Ramirez,quentin.ramirez6848@example.com,sales,Platform Team,Rebuild the customer portal
Judy Martin,judy.martin6849@example.com,sales,Platform Team,Rebuild the customer portal
Olivia Anderson,olivia.anderson6850@example.com,sales,Data Team,Build the analytics pipeline
Peggy Davis,peggy.davis6851@example.com,support,Data Team,Build the analytics pipeline
Grace Lopez,grace.lopez6852@example.com,sales,Growth Team,Expand into new markets
Olivia Ramirez,olivia.ramirez6853@example.com,engineering,Data Team,Build the analytics pipeline
Amir Sanchez,amir.sanchez6854@example.com,engineering,Mobile Team,Ship the new mobile app
Laura Jackson,laura.jackson6855@example.com,support,Data Team,Build the analytics pipeline
Zach Jackson,zach.jackson6856@example.com,engineering,Mobile Team,Ship the new mobile app
Ivan Martinez,ivan.martinez6857@example.com,engineering,Growth Team,Expand into new markets
Kevin Davis,kevin.davis6858@example.com,support,Mobile Team,Ship the new mobile app
Ruth Smith,ruth.smith6859@example.com,engineering,Growth Team,Expand into new markets
Dave Taylor,dave.taylor6860@example.com,sales,Growth Team,Expand into new markets
Carol Ramirez,carol.ramirez6861@example.com,support,Platform Team,Rebuild the customer portal
Grace Davis,grace.davis6862@example.com,sales,Growth Team,Expand into new markets
Diana Johnson,diana.johnson6863@example.com,support,Mobile Team,Ship the new mobile app
Ruth Lewis,ruth.lewis6864@example.com,support,Growth Team,Expand into new markets
Carol Lopez,carol.lopez6865@example.com,sales,Growth Team,Expand into new markets
Ruth Thomas,ruth.thomas6866@example.com,engineering,Growth Team,Expand into new markets
Judy Clark,judy.clark6867@example.com,engineering,Mobile Team,Ship the new mobile app
Kevin Perez,kevin.perez6868@example.com,sales,Platform Team,Rebuild the customer portal
Frank Brown,frank.brown6869@example.com,support,Mobile Team,Ship the new mobile app
Judy Wilson,judy.wilson6870@example.com,support,Data Team,Build the analytics pipeline
Grace Robinson,grace.robinson6871@example.com,support,Data Team,Build the analytics pipeline
Heidi Thomas,heidi.thomas6872@example.com,engineering,Platform Team,Rebuild the customer portal
Quentin Jackson,quentin.jackson6873@example.com,sales,Platform Team,Rebuild the customer portal
Niaj Perez,niaj.perez6874@example.com,engineering,Mobile Team,Ship the new mobile app
Judy Rodriguez,judy.rodriguez6875@example.com,sales,Mobile Team,Ship the new mobile app
Carol White,carol.white6876@example.com,sales,Mobile Team,Ship the new mobile app
Xavier Gonzalez,xavier.gonzalez6877@example.com,support,Growth Team,Expand into new markets
Zach Gonzalez,zach.gonzalez6878@example.com,sales,Platform Team,Rebuild the customer portal
Heidi Miller,heidi.miller6879@example.com,engineering,Mobile Team,Ship the new mobile app
Sybil Martin,sybil.martin6880@example.com,sales,Data Team,Build the analytics pipeline
Uma Sanchez,uma.sanchez6881@example.com,sales,Mobile Team,Ship the new mobile app
Carlos Hernandez,carlos.hernandez6882@example.com,support,Platform Team,Rebuild the customer portal
Sybil Jackson,sybil.jackson6883@example.com,support,Platform Team,Rebuild the customer portal
Bob Brown,bob.brown6884@example.com,support,Platform Team,Rebuild the customer portal
Trent Moore,trent.moore6885@example.com,sales,Data Team,Build the analytics pipeline
Heidi Jackson,heidi.jackson6886@example.com,support,Platform Team,Rebuild the customer portal
Carlos Davis,carlos.davis6887@example.com,engineering,Data Team,Build the analytics pipeline
Dave Thompson,dave.thompson6888@example.com,support,Platform Team,Rebuild the customer portal
Trent Wilson,trent.wilson6889@example.com,sales,Data Team,Build the analytics pipeline
Frank Lee,frank.lee6890@example.com,sales,Data Team,Build the analytics pipeline
Ivan White,ivan.white6891@example.com,support,Data Team,Build the analytics pipeline
Yolanda Lewis,yolanda.lewis6892@example.com,support,Mobile Team,Ship the new mobile app
Laura Anderson,laura.anderson6893@example.com,support,Growth Team,Expand into new markets
Diana Lewis,diana.lewis6894@example.com,sales,Data Team,Build the analytics pipeline
Kevin Lee,kevin.lee6895@example.com,support,Data Team,Build the analytics pipeline
Eve Taylor,eve.taylor6896@example.com,support,Platform Team,Rebuild the customer portal
Bob Garcia,bob.garcia6897@example.com,engineering,Growth Team,Expand into new markets
Olivia White,olivia.white6898@example.com,support,Mobile Team,Ship the new mobile app
Ruth Martin,ruth.martin6899@example.com,engineering,Platform Team,Rebuild the customer portal
Judy Taylor,judy.taylor6900@example.com,support,Growth Team,Expand into new markets
Trent Robinson,trent.robinson6901@example.com,engineering,Mobile Team,Ship the new mobile app
Olivia Smith,olivia.smith6902@example.com,support,Data Team,Build the analytics pipeline
Quentin Martinez,quentin.martinez6903@example.com,sales,Data Team,Build the analytics pipeline
Zach Brown,zach.brown6904@example.com,engineering,Data Team,Build the analytics pipeline
Niaj Thomas,niaj.thomas6905@example.com,support,Growth Team,Expand into new markets
Mallory Taylor,mallory.taylor6906@example.com,engineering,Platform Team,Rebuild the customer portal
Frank White,frank.white6907@example.com,support,Growth Team,Expand into new markets
Alice Miller,alice.miller6908@example.com,sales,Data Team,Build the analytics pipeline
Bianca Moore,bianca.moore6909@example.com,engineering,Platform Team,Rebuild the customer portal
Sybil Davis,sybil.davis6910@example.com,support,Mobile Team,Ship the new mobile app
Carol Rodriguez,carol.rodriguez6911@example.com,support,Data Team,Build the analytics pipeline
Alice Lewis,alice.lewis6912@example.com,support,Platform Team,Rebuild the customer portal
Zach Martin,zach.martin6913@example.com,engineering,Growth Team,Expand into new markets
Olivia Anderson,olivia.anderson6914@example.com,sales,Platform Team,Rebuild the customer portal
Kevin Jones,kevin.jones6915@example.com,sales,Mobile Team,Ship the new mobile app
Sybil Miller,sybil.miller6916@example.com,sales,Growth Team,Expand into new markets
Carol Lee,carol.lee6917@example.com,support,Data Team,Build the analytics pipeline
Quentin Moore,quentin.moore6918@example.com,support,Platform Team,Rebuild the customer portal
Olivia White,olivia.white6919@example.com,support,Platform Team,Rebuild the customer portal
Kevin Miller,kevin.miller6920@example.com,support,Growth Team,Expand into new markets
Mallory Smith,mallory.smith6921@example.com,engineering,Platform Team,Rebuild the customer portal
Sybil Davis,sybil.davis6922@example.com,engineering,Platform Team,Rebuild the customer portal
Heidi Ramirez,heidi.ramirez6923@example.com,support,Growth Team,Expand into new markets
Peggy Martinez,peggy.martinez6924@example.com,support,Growth Team,Expand into new markets
Bianca Hernandez,bianca.hernandez6925@example.com,engineering,Data Team,Build the analytics pipeline
Heidi White,heidi.white6926@example.com,engineering,Mobile Team,Ship the new mobile app
Sybil Johnson,sybil.johnson6927@example.com,support,Data Team,Build the analytics pipeline
Zach Brown,zach.brown6928@example.com,engineering,Platform Team,Rebuild the customer portal
Judy Hernandez,judy.hernandez6929@example.com,engineering,Platform Team,Rebuild the customer portal
Judy Miller,judy.miller6930@example.com,engineering,Mobile Team,Ship the new mobile app
Mallory Williams,mallory.williams6931@example.com,support,Data Team,Build the analytics pipeline
Zach Sanchez,zach.sanchez6932@example.com,engineering,Mobile Team,Ship the new mobile app
Mallory Harris,mallory.harris6933@example.com,engineering,Mobile Team,Ship the new mobile app
Diana Anderson,diana.anderson6934@example.com,engineering,Platform Team,Rebuild the customer portal
Wendy Lopez,wendy.lopez6935@example.com,support,Mobile Team,Ship the new mobile app
Heidi Miller,heidi.miller6936@example.com,engineering,Data Team,Build the analytics pipeline
Zach Martin,zach.martin6937@example.com,support,Platform Team,Rebuild the customer portal
Alice Lee,alice.lee6938@example.com,support,Data Team,Build the analytics pipeline
Kevin Ramirez,kevin.ramirez6939@example.com,engineering,Mobile Team,Ship the new mobile app
Laura Lee,laura.lee6940@example.com,sales,Data Team,Build the analytics pipeline
Victor Davis,victor.davis6941@example.com,support,Platform Team,Rebuild the customer portal
Kevin Ramirez,kevin.ramirez6942@example.com,sales,Mobile Team,Ship the new mobile app
Heidi Jackson,heidi.jackson6943@example.com,support,Mobile Team,Ship the new mobile app
Frank Lopez,frank.lopez6944@example.com,engineering,Data Team,Build the analytics pipeline
Dave Gonzalez,dave.gonzalez6945@example.com,engineering,Data Team,Build the analytics pipeline
Mallory Perez,mallory.perez6946@example.com,support,Platform Team,Rebuild the customer portal
Eve Clark,eve.clark6947@example.com,sales,Growth Team,Expand into new markets
Peggy Garcia,peggy.garcia6948@example.com,engineering,Mobile Team,Ship the new mobile app
Bianca Garcia,bianca.garcia6949@example.com,support,Mobile Team,Ship the new mobile app
Mallory Wilson,mallory.wilson6950@example.com,sales,Platform Team,Rebuild the customer portal
Diana Davis,diana.davis6951@example.com,engineering,Data Team,Build the analytics pipeline
Quentin Williams,quentin.williams6952@example.com,sales,Mobile Team,Ship the new mobile app
Ivan Williams,ivan.williams6953@example.com,engineering,Mobile Team,Ship the new mobile app
Bob Lewis,bob.lewis6954@example.com,support,Platform Team,Rebuild the customer portal
Wendy Anderson,wendy.anderson6955@example.com,support,Data Team,Build the analytics pipeline
Carlos Miller,carlos.miller6956@example.com,support,Data Team,Build the analytics pipeline
Bianca Clark,bianca.clark6957@example.com,sales,Data Team,Build the analytics pipeline
Amir Rodriguez,amir.rodriguez6958@example.com,sales,Platform Team,Rebuild the customer portal
Dave Johnson,dave.johnson6959@example.com,support,Growth Team,Expand into new markets
Ruth Moore,ruth.moore6960@example.com,engineering,Platform Team,Rebuild the customer portal
Peggy Miller,peggy.miller6961@example.com,sales,Platform Team,Rebuild the customer portal
Eve Thomas,eve.thomas6962@example.com,engineering,Mobile Team,Ship the new mobile app
Niaj Jones,niaj.jones6963@example.com,sales,Platform Team,Rebuild the customer portal
Uma Rodriguez,uma.rodriguez6964@example.com,sales,Data Team,Build the analytics pipeline
Dave Taylor,dave.taylor6965@example.com,support,Growth Team,Expand into new markets
Kevin Sanchez,kevin.sanchez6966@example.com,engineering,Growth Team,Expand into new markets
Sybil Wilson,sybil.wilson6967@example.com,sales,Platform Team,Rebuild the customer portal
Peggy Gonzalez,peggy.gonzalez6968@example.com,support,Data Team,Build the analytics pipeline
Yolanda Ramirez,yolanda.ramirez6969@example.com,support,Platform Team,Rebuild the customer portal
Frank Garcia,frank.garcia6970@example.com,support,Data Team,Build the analytics pipeline
Quentin Anderson,quentin.anderson6971@example.com,sales,Data Team,Build the analytics pipeline
Yolanda Lopez,yolanda.lopez6972@example.com,support,Platform Team,Rebuild the customer portal
Heidi Clark,heidi.clark6973@example.com,support,Data Team,Build the analytics pipeline
Xavier Lewis,xavier.lewis6974@example.com,engineering,Mobile Team,Ship the new mobile app
Bianca Thomas,bianca.thomas6975@example.com,sales,Platform Team,Rebuild the customer portal
Ivan Lewis,ivan.lewis6976@example.com,engineering,Growth Team,Expand into new markets
Uma Wilson,uma.wilson6977@example.com,engineering,Platform Team,Rebuild the customer portal
Yolanda Gonzalez,yolanda.gonzalez6978@example.com,support,Data Team,Build the analytics pipeline
Yolanda Clark,yolanda.clark6979@example.com,engineering,Platform Team,Rebuild the customer portal
Judy Miller,judy.miller6980@example.com,support,Platform Team,Rebuild the customer portal
Peggy Miller,peggy.miller6981@example.com,sales,Mobile Team,Ship the new mobile app
Uma White,uma.white6982@example.com,support,Data Team,Build the analytics pipeline
Heidi White,heidi.white6983@example.com,engineering,Growth Team,Expand into new markets
Mallory Martinez,mallory.martinez6984@example.com,sales,Mobile Team,Ship the new mobile app
Alice Clark,alice.clark6985@example.com,engineering,Data Team,Build the analytics pipeline
Heidi Thompson,heidi.thompson6986@example.com,support,Platform Team,Rebuild the customer portal
Alice Martin,alice.martin6987@example.com,sales,Platform Team,Rebuild the customer portal
Grace Taylor,grace.taylor6988@example.com,engineering,Mobile Team,Ship the new mobile app
Frank Moore,frank.moore6989@example.com,sales,Growth Team,Expand into new markets
Eve Lopez,eve.lopez6990@example.com,engineering,Data Team,Build the analytics pipeline
Bob Robinson,bob.robinson6991@example.com,engineering,Data Team,Build the analytics pipeline
Uma Ramirez,uma.ramirez6992@example.com,engineering,Growth Team,Expand into new markets
Carlos Williams,carlos.williams6993@example.com,support,Platform Team,Rebuild the customer portal
Uma Lopez,uma.lopez6994@example.com,sales,Mobile Team,Ship the new mobile app
Eve Smith,eve.smith6995@example.com,sales,Data Team,Build the analytics pipeline
Carol Smith,carol.smith6996@example.com,support,Platform Team,Rebuild the customer portal
Wendy Thomas,wendy.thomas6997@example.com,engineering,Data Team,Build the analytics pipeline
Sybil Miller,sybil.miller6998@example.com,sales,Growth Team,Expand into new markets
Laura Harris,laura.harris6999@example.com,support,Growth Team,Expand into new markets
Uma Williams,uma.williams7000@example.com,support,Platform Team,Rebuild the customer portal
Peggy Thompson,peggy.thompson7001@example.com,engineering,Data Team,Build the analytics pipeline
Uma Robinson,uma.robinson7002@example.com,engineering,Growth Team,Expand into new markets
Yolanda Rodriguez,yolanda.rodriguez7003@example.com,engineering,Mobile Team,Ship the new mobile app
Sybil White,sybil.white7004@example.com,engineering,Mobile Team,Ship the new mobile app
Xavier Gonzalez,xavier.gonzalez7005@example.com,support,Data Team,Build the analytics pipeline
Niaj Miller,niaj.miller7006@example.com,engineering,Growth Team,Expand into new markets
Laura Williams,laura.williams7007@example.com,sales,Mobile Team,Ship the new mobile app
Zach Jones,zach.jones7008@example.com,sales,Growth Team,Expand into new markets
Alice Rodriguez,alice.rodriguez7009@example.com,engineering,Growth Team,Expand into new markets
Niaj Brown,niaj.brown7010@example.com,support,Platform Team,Rebuild the customer portal
Amir Martin,amir.martin7011@example.com,engineering,Platform Team,Rebuild the customer portal
Grace Martinez,grace.martinez7012@example.com,support,Mobile Team,Ship the new mobile app
Niaj Brown,niaj.brown7013@example.com,engineering,Mobile Team,Ship the new mobile app
Bob Thomas,bob.thomas7014@example.com,engineering,Platform Team,Rebuild the customer portal
Ruth Gonzalez,ruth.gonzalez7015@example.com,support,Mobile Team,Ship the new mobile app
Uma Garcia,uma.garcia7016@example.com,engineering,Platform Team,Rebuild the customer portal
Yolanda Johnson,yolanda.johnson7017@example.com,support,Platform Team,Rebuild the customer portal
Kevin Harris,kevin.harris7018@example.com,sales,Growth Team,Expand into new markets
Carlos Sanchez,carlos.sanchez7019@example.com,support,Mobile Team,Ship the new mobile app
Eve Williams,eve.williams7020@example.com,engineering,Data Team,Build the analytics pipeline
Niaj Moore,niaj.moore7021@example.com,engineering,Platform Team,Rebuild the customer portal
Kevin Anderson,kevin.anderson7022@example.com,support,Mobile Team,Ship the new mobile app
Kevin Smith,kevin.smith7023@example.com,engineering,Platform Team,Rebuild the customer portal
Peggy Davis,peggy.davis7024@example.com,sales,Growth Team,Expand into new markets
Zach Jackson,zach.jackson7025@example.com,engineering,Platform Team,Rebuild the customer portal
Zach Anderson,zach.anderson7026@example.com,support,Growth Team,Expand into new markets
Olivia Williams,olivia.williams7027@example.com,engineering,Growth Team,Expand into new markets
Uma Anderson,uma.anderson7028@example.com,engineering,Growth Team,Expand into new markets
Carol Brown,carol.brown7029@example.com,support,Growth Team,Expand into new markets
Amir Gonzalez,amir.gonzalez7030@example.com,support,Platform Team,Rebuild the customer portal
Quentin Thomas,quentin.thomas7031@example.com,support,Platform Team,Rebuild the customer portal
Mallory Thomas,mallory.thomas7032@example.com,engineering,Growth Team,Expand into new markets
Dave Smith,dave.smith7033@example.com,sales,Data Team,Build the analytics pipeline
Bianca Robinson,bianca.robinson7034@example.com,support,Data Team,Build the analytics pipeline
Niaj Sanchez,niaj.sanchez7035@example.com,sales,Platform Team,Rebuild the customer portal
Dave Jackson,dave.jackson7036@example.com,support,Growth Team,Expand into new markets
Zach Williams,zach.williams7037@example.com,engineering,Mobile Team,Ship the new mobile app
Olivia Rodriguez,olivia.rodriguez7038@example.com,engineering,Data Team,Build the analytics pipeline
Niaj Johnson,niaj.johnson7039@example.com,engineering,Growth Team,Expand into new markets
Yolanda Martinez,yolanda.martinez7040@example.com,engineering,Data Team,Build the analytics pipeline
Frank Lopez,frank.lopez7041@example.com,engineering,Growth Team,Expand into new markets
Uma Gonzalez,uma.gonzalez7042@example.com,engineering,Platform Team,Rebuild the customer portal
Kevin Garcia,kevin.garcia7043@example.com,support,Growth Team,Expand into new markets
Ivan Harris,ivan.harris7044@example.com,engineering,Platform Team,Rebuild the customer portal
Xavier Robinson,xavier.robinson7045@example.com,support,Platform Team,Rebuild the customer portal
Ivan Martinez,ivan.martinez7046@example.com,sales,Mobile Team,Ship the new mobile app
Carlos Garcia,carlos.garcia7047@example.com,support,Mobile Team,Ship the new mobile app
Alice Miller,alice.miller7048@example.com,sales,Growth Team,Expand into new markets
Uma Lee,uma.lee7049@example.com,sales,Data Team,Build the analytics pipeline
Dave Davis,dave.davis7050@example.com,sales,Growth Team,Expand into new markets
Niaj Williams,niaj.williams7051@example.com,support,Mobile Team,Ship the new mobile app
Amir Martinez,amir.martinez7052@example.com,support,Platform Team,Rebuild the customer portal
Eve Rodriguez,eve.rodriguez7053@example.com,support,Data Team,Build the analytics pipeline
Laura Jackson,laura.jackson7054@example.com,engineering,Data Team,Build the analytics pipeline
Mallory Johnson,mallory.johnson7055@example.com,engineering,Growth Team,Expand into new markets
Dave Jackson,dave.jackson7056@example.com,sales,Platform Team,Rebuild the customer portal
Diana Moore,diana.moore7057@example.com,engineering,Platform Team,Rebuild the customer portal
Zach Wilson,zach.wilson7058@example.com,support,Mobile Team,Ship the new mobile app
Judy White,judy.white7059@example.com,sales,Mobile Team,Ship the new mobile app
Peggy Moore,peggy.moore7060@example.com,support,Mobile Team,Ship the new mobile app
Victor Wilson,victor.wilson7061@example.com,engineering,Growth Team,Expand into new markets
Olivia Gonzalez,olivia.gonzalez7062@example.com,engineering,Platform Team,Rebuild the customer portal
Quentin Taylor,quentin.taylor7063@example.com,sales,Data Team,Build the analytics pipeline
Olivia Rodriguez,olivia.rodriguez7064@example.com,support,Platform Team,Rebuild the customer portal
Xavier Davis,xavier.davis7065@example.com,support,Mobile Team,Ship the new mobile app
Ruth Williams,ruth.williams7066@example.com,support,Platform Team,Rebuild the customer portal
Bob Thomas,bob.thomas7067@example.com,support,Data Team,Build the analytics pipeline
Bianca Jackson,bianca.jackson7068@example.com,engineering,Growth Team,Expand into new markets
Niaj Martinez,niaj.martinez7069@example.com,engineering,Platform Team,Rebuild the customer portal
Mallory Jackson,mallory.jackson7070@example.com,sales,Growth Team,Expand into new markets
Trent White,trent.white7071@example.com,engineering,Growth Team,Expand into new markets
Zach Hernandez,zach.hernandez7072@example.com,sales,Growth Team,Expand into new markets
Ruth Rodriguez,ruth.rodriguez7073@example.com,sales,Mobile Team,Ship the new mobile app
Olivia Johnson,olivia.johnson7074@example.com,engineering,Growth Team,Expand into new markets
Heidi Jackson,heidi.jackson7075@example.com,sales,Mobile Team,Ship the new mobile app
Ivan Wilson,ivan.wilson7076@example.com,engineering,Growth Team,Expand into new markets
Wendy Ramirez,wendy.ramirez7077@example.com,engineering,Platform Team,Rebuild the customer portal
Carol Garcia,carol.garcia7078@example.com,support,Growth Team,Expand into new markets
Xavier Thomas,xavier.thomas7079@example.com,engineering,Growth Team,Expand into new markets
Laura Lewis,laura.lewis7080@example.com,engineering,Data Team,Build the analytics pipeline
Carlos Miller,carlos.miller7081@example.com,engineering,Growth Team,Expand into new markets
Bob Smith,bob.smith7082@example.com,support,Platform Team,Rebuild the customer portal
Quentin Gonzalez,quentin.gonzalez7083@example.com,sales,Growth Team,Expand into new markets
Xavier Thompson,xavier.thompson7084@example.com,sales,Mobile Team,Ship the new mobile app
Heidi Jackson,heidi.jackson7085@example.com,support,Platform Team,Rebuild the customer portal
Alice Smith,alice.smith7086@example.com,engineering,Platform Team,Rebuild the customer portal
Ivan Brown,ivan.brown7087@example.com,engineering,Mobile Team,Ship the new mobile app
Alice Jackson,alice.jackson7088@example.com,sales,Platform Team,Rebuild the customer portal
Sybil Harris,sybil.harris7089@example.com,engineering,Growth Team,Expand into new markets
Eve Perez,eve.perez7090@example.com,engineering,Mobile Team,Ship the new mobile app
Diana Anderson,diana.anderson7091@example.com,support,Mobile Team,Ship the new mobile app
Wendy Martin,wendy.martin7092@example.com,sales,Platform Team,Rebuild the customer portal
Alice Moore,alice.moore7093@example.com,sales,Data Team,Build the analytics pipeline
Ruth Clark,ruth.clark7094@example.com,support,Platform Team,Rebuild the customer portal
Niaj Thomas,niaj.thomas7095@example.com,sales,Data Team,Build the analytics pipeline
Heidi Johnson,heidi.johnson7096@example.com,engineering,Platform Team,Rebuild the customer portal
Diana Martin,diana.martin7097@example.com,support,Data Team,Build the analytics pipeline
Heidi Davis,heidi.davis7098@example.com,engineering,Mobile Team,Ship the new mobile app
Carlos Brown,carlos.brown7099@example.com,sales,Growth Team,Expand into new markets
Carol Robinson,carol.robinson7100@example.com,support,Platform Team,Rebuild the customer portal
Carlos Williams,carlos.williams7101@example.com,engineering,Data Team,Build the analytics pipeline
Victor Martin,victor.martin7102@example.com,support,Data Team,Build the analytics pipeline
Ivan Hernandez,ivan.hernandez7103@example.com,support,Growth Team,Expand into new markets
Zach Martinez,zach.martinez7104@example.com,engineering,Growth Team,Expand into new markets
Grace Lee,grace.lee7105@example.com,support,Data Team,Build the analytics pipeline
Alice Williams,alice.williams7106@example.com,engineering,Data Team,Build the analytics pipeline
Kevin Harris,kevin.harris7107@example.com,sales,Growth Team,Expand into new markets
Niaj Wilson,niaj.wilson7108@example.com,sales,Platform Team,Rebuild the customer portal
Kevin Gonzalez,kevin.gonzalez7109@example.com,sales,Data Team,Build the analytics pipeline
Sybil Lewis,sybil.lewis7110@example.com,sales,Data Team,Build the analytics pipeline
Niaj Anderson,niaj.anderson7111@example.com,support,Growth Team,Expand into new markets
Bob Brown,bob.brown7112@example.com,support,Platform Team,Rebuild the customer portal
Eve Rodriguez,eve.rodriguez7113@example.com,engineering,Platform Team,Rebuild the customer portal
Wendy Harris,wendy.harris7114@example.com,support,Platform Team,Rebuild the customer portal
Quentin Jones,quentin.jones7115@example.com,support,Growth Team,Expand into new markets
Heidi Taylor,heidi.taylor7116@example.com,support,Mobile Team,Ship the new mobile app
Diana Harris,diana.harris7117@example.com,engineering,Data Team,Build the analytics pipeline
Eve Lewis,eve.lewis7118@example.com,engineering,Mobile Team,Ship the new mobile app
Bob Taylor,bob.taylor7119@example.com,support,Data Team,Build the analytics pipeline
Carlos Williams,carlos.williams7120@example.com,sales,Mobile Team,Ship the new mobile app
Wendy Hernandez,wendy.hernandez7121@example.com,sales,Growth Team,Expand into new markets
Heidi Sanchez,heidi.sanchez7122@example.com,support,Data Team,Build the analytics pipeline
Grace Wilson,grace.wilson7123@example.com,engineering,Data Team,Build the analytics pipeline
Diana Davis,diana.davis7124@example.com,sales,Data Team,Build the analytics pipeline
Alice Smith,alice.smith7125@example.com,engineering,Data Team,Build the analytics pipeline
Frank Martin,frank.martin7126@example.com,support,Platform Team,Rebuild the customer portal
Eve Moore,eve.moore7127@example.com,engineering,Data Team,Build the analytics pipeline
Ruth Brown,ruth.brown7128@example.com,engineering,Mobile Team,Ship the new mobile app
Uma Garcia,uma.garcia7129@example.com,sales,Data Team,Build the analytics pipeline
Sybil Smith,sybil.smith7130@example.com,support,Data Team,Build the analytics pipeline
Bianca Lewis,bianca.lewis7131@example.com,engineering,Mobile Team,Ship the new mobile app
Carlos Johnson,carlos.johnson7132@example.com,sales,Platform Team,Rebuild the customer portal
Trent Garcia,trent.garcia7133@example.com,engineering,Growth Team,Expand into new markets
Ivan Wilson,ivan.wilson7134@example.com,engineering,Mobile Team,Ship the new mobile app
Bob Williams,bob.williams7135@example.com,support,Growth Team,Expand into new markets
Heidi Taylor,heidi.taylor7136@example.com,sales,Growth Team,Expand into new markets
Carol Smith,carol.smith7137@example.com,support,Platform Team,Rebuild the customer portal
Carlos White,carlos.white7138@example.com,engineering,Growth Team,Expand into new markets
Carlos Jones,carlos.jones7139@example.com,engineering,Mobile Team,Ship the new mobile app
Laura Williams,laura.williams7140@example.com,engineering,Growth Team,Expand into new markets
Uma Lewis,uma.lewis7141@example.com,support,Data Team,Build the analytics pipeline
Wendy Lopez,wendy.lopez7142@example.com,sales,Platform Team,Rebuild the customer portal
Xavier Wilson,xavier.wilson7143@example.com,sales,Mobile Team,Ship the new mobile app
Heidi Clark,heidi.clark7144@example.com,sales,Data Team,Build the analytics pipeline
Mallory White,mallory.white7145@example.com,sales,Platform Team,Rebuild the customer portal
Uma Garcia,uma.garcia7146@example.com,sales,Growth Team,Expand into new markets
Niaj Davis,niaj.davis7147@example.com,sales,Data Team,Build the analytics pipeline
Amir Smith,amir.smith7148@example.com,support,Platform Team,Rebuild the customer portal
Carol Hernandez,carol.hernandez7149@example.com,engineering,Growth Team,Expand into new markets
Laura Thomas,laura.thomas7150@example.com,support,Growth Team,Expand into new markets
Judy Thomas,judy.thomas7151@example.com,sales,Growth Team,Expand into new markets
Heidi Lopez,heidi.lopez7152@example.com,engineering,Mobile Team,Ship the new mobile app
Peggy Wilson,peggy.wilson7153@example.com,engineering,Growth Team,Expand into new markets
Kevin Harris,kevin.harris7154@example.com,support,Platform Team,Rebuild the customer portal
Victor Jones,victor.jones7155@example.com,support,Mobile Team,Ship the new mobile app
Frank Gonzalez,frank.gonzalez7156@example.com,engineering,Mobile Team,Ship the new mobile app
Quentin Gonzalez,quentin.gonzalez7157@example.com,support,Mobile Team,Ship the new mobile app
Zach Gonzalez,zach.gonzalez7158@example.com,support,Data Team,Build the analytics pipeline
Zach Gonzalez,zach.gonzalez7159@example.com,engineering,Growth Team,Expand into new markets
Ivan Williams,ivan.williams7160@example.com,sales,Mobile Team,Ship the new mobile app
Bianca Moore,bianca.moore7161@example.com,support,Mobile Team,Ship the new mobile app
Bianca Ramirez,bianca.ramirez7162@example.com,support,Data Team,Build the analytics pipeline
Judy Thomas,judy.thomas7163@example.com,engineering,Mobile Team,Ship the new mobile app
Victor Garcia,victor.garcia7164@example.com,support,Platform Team,Rebuild the customer portal
Grace Lopez,grace.lopez7165@example.com,engineering,Platform Team,Rebuild the customer portal
Niaj Robinson,niaj.robinson7166@example.com,support,Platform Team,Rebuild the customer portal
Judy Taylor,judy.taylor7167@example.com,sales,Mobile Team,Ship the new mobile app
Eve Jones,eve.jones7168@example.com,sales,Growth Team,Expand into new markets
Bianca Rodriguez,bianca.rodriguez7169@example.com,sales,Growth Team,Expand into new markets
Bob Martinez,bob.martinez7170@example.com,support,Mobile Team,Ship the new mobile app
Yolanda Gonzalez,yolanda.gonzalez7171@example.com,engineering,Growth Team,Expand into new markets
Eve Williams,eve.williams7172@example.com,support,Data Team,Build the analytics pipeline
Niaj Clark,niaj.clark7173@example.com,support,Data Team,Build the analytics pipeline
Xavier Harris,xavier.harris7174@example.com,engineering,Data Team,Build the analytics pipeline
Laura Rodriguez,laura.rodriguez7175@example.com,engineering,Growth Team,Expand into new markets
Mallory Perez,mallory.perez7176@example.com,sales,Data Team,Build the analytics pipeline
Uma Clark,uma.clark7177@example.com,engineering,Platform Team,Rebuild the customer portal
Dave Perez,dave.perez7178@example.com,engineering,Mobile Team,Ship the new mobile app
Ruth Moore,ruth.moore7179@example.com,support,Platform Team,Rebuild the customer portal
Eve Anderson,eve.anderson7180@example.com,engineering,Growth Team,Expand into new markets
Bianca Perez,bianca.perez7181@example.com,engineering,Mobile Team,Ship the new mobile app
Judy Davis,judy.davis7182@example.com,support,Data Team,Build the analytics pipeline
Sybil Sanchez,sybil.sanchez7183@example.com,support,Data Team,Build the analytics pipeline
Bianca Ramirez,bianca.ramirez7184@example.com,support,Growth Team,Expand into new markets
Carol Taylor,carol.taylor7185@example.com,support,Data Team,Build the analytics pipeline
Zach Wilson,zach.wilson7186@example.com,sales,Platform Team,Rebuild the customer portal
Mallory Rodriguez,mallory.rodriguez7187@example.com,sales,Platform Team,Rebuild the customer portal
Bianca Brown,bianca.brown7188@example.com,engineering,Platform Team,Rebuild the customer portal
Frank Williams,frank.williams7189@example.com,sales,Growth Team,Expand into new markets
Judy Miller,judy.miller7190@example.com,engineering,Data Team,Build the analytics pipeline
Zach White,zach.white7191@example.com,engineering,Growth Team,Expand into new markets
Bianca Smith,bianca.smith7192@example.com,support,Platform Team,Rebuild the customer portal
Mallory Johnson,mallory.johnson7193@example.com,support,Data Team,Build the analytics pipeline
Xavier Taylor,xavier.taylor7194@example.com,engineering,Mobile Team,Ship the new mobile app
Amir Davis,amir.davis7195@example.com,engineering,Mobile Team,Ship the new mobile app
Dave Thompson,dave.thompson7196@example.com,engineering,Mobile Team,Ship the new mobile app
Bob Miller,bob.miller7197@example.com,engineering,Growth Team,Expand into new markets
Wendy Miller,wendy.miller7198@example.com,support,Platform Team,Rebuild the customer portal
Olivia Moore,olivia.moore7199@example.com,engineering,Platform Team,Rebuild the customer portal
Carol Sanchez,carol.sanchez7200@example.com,engineering,Data Team,Build the analytics pipeline
Alice Miller,alice.miller7201@example.com,sales,Data Team,Build the analytics pipeline
Amir Brown,amir.brown7202@example.com,engineering,Growth Team,Expand into new markets
Yolanda Thompson,yolanda.thompson7203@example.com,support,Mobile Team,Ship the new mobile app
Dave Jackson,dave.jackson7204@example.com,support,Mobile Team,Ship the new mobile app
Ruth Wilson,ruth.wilson7205@example.com,support,Platform Team,Rebuild the customer portal
Dave Lewis,dave.lewis7206@example.com,engineering,Mobile Team,Ship the new mobile app
Yolanda Lopez,yolanda.lopez7207@example.com,support,Platform Team,Rebuild the customer portal
Quentin Rodriguez,quentin.rodriguez7208@example.com,support,Platform Team,Rebuild the customer portal
Uma Martinez,uma.martinez7209@example.com,support,Mobile Team,Ship the new mobile app
Kevin Ramirez,kevin.ramirez7210@example.com,engineering,Data Team,Build the analytics pipeline
Uma Brown,uma.brown7211@example.com,engineering,Platform Team,Rebuild the customer portal
Olivia Hernandez,olivia.hernandez7212@example.com,sales,Growth Team,Expand into new markets
Quentin Garcia,quentin.garcia7213@example.com,engineering,Platform Team,Rebuild the customer portal
Peggy Robinson,peggy.robinson7214@example.com,support,Growth Team,Expand into new markets
Quentin Perez,quentin.perez7215@example.com,support,Mobile Team,Ship the new mobile app
Xavier Smith,xavier.smith7216@example.com,engineering,Mobile Team,Ship the new mobile app
Yolanda Anderson,yolanda.anderson7217@example.com,support,Platform Team,Rebuild the customer portal
Heidi Anderson,heidi.anderson7218@example.com,sales,Platform Team,Rebuild the customer portal
Dave Wilson,dave.wilson7219@example.com,support,Platform Team,Rebuild the customer portal
Wendy Taylor,wendy.taylor7220@example.com,support,Platform Team,Rebuild the customer portal
Peggy Clark,peggy.clark7221@example.com,engineering,Growth Team,Expand into new markets
Carlos Miller,carlos.miller7222@example.com,sales,Mobile Team,Ship the new mobile app
Peggy Thomas,peggy.thomas7223@example.com,support,Platform Team,Rebuild the customer portal
Grace Thomas,grace.thomas7224@example.com,engineering,Data Team,Build the analytics pipeline
Bob Anderson,bob.anderson7225@example.com,support,Mobile Team,Ship the new mobile app
Bianca Brown,bianca.brown7226@example.com,engineering,Platform Team,Rebuild the customer portal
Zach Martinez,zach.martinez7227@example.com,support,Platform Team,Rebuild the customer portal
Xavier Thompson,xavier.thompson7228@example.com,sales,Data Team,Build the analytics pipeline
Olivia Ramirez,olivia.ramirez7229@example.com,engineering,Platform Team,Rebuild the customer portal
Frank Lee,frank.lee7230@example.com,support,Data Team,Build the analytics pipeline
Bianca Martinez,bianca.martinez7231@example.com,engineering,Growth Team,Expand into new markets
Grace Lewis,grace.lewis7232@example.com,engineering,Mobile Team,Ship the new mobile app
Frank Clark,frank.clark7233@example.com,sales,Platform Team,Rebuild the customer portal
Sybil Johnson,sybil.johnson7234@example.com,support,Mobile Team,Ship the new mobile app
Victor Harris,victor.harris7235@example.com,support,Mobile Team,Ship the new mobile app
Laura Ramirez,laura.ramirez7236@example.com,sales,Mobile Team,Ship the new mobile app
Mallory Perez,mallory.perez7237@example.com,engineering,Mobile Team,Ship the new mobile app
Mallory Sanchez,mallory.sanchez7238@example.com,support,Mobile Team,Ship the new mobile app
Victor Lopez,victor.lopez7239@example.com,sales,Platform Team,Rebuild the customer portal
Trent Thompson,trent.thompson7240@example.com,engineering,Platform Team,Rebuild the customer portal
Sybil Ramirez,sybil.ramirez7241@example.com,support,Data Team,Build the analytics pipeline
Xavier Lewis,xavier.lewis7242@example.com,engineering,Growth Team,Expand into new markets
Kevin Johnson,kevin.johnson7243@example.com,sales,Platform Team,Rebuild the customer portal
Carlos Martinez,carlos.martinez7244@example.com,sales,Growth Team,Expand into new markets
Carol Smith,carol.smith7245@example.com,engineering,Mobile Team,Ship the new mobile app
Grace Miller,grace.miller7246@example.com,engineering,Data Team,Build the analytics pipeline
Amir Lee,amir.lee7247@example.com,engineering,Data Team,Build the analytics pipeline
Judy Ramirez,judy.ramirez7248@example.com,support,Growth Team,Expand into new markets
Xavier Thompson,xavier.thompson7249@example.com,support,Platform Team,Rebuild the customer portal
Ruth Ramirez,ruth.ramirez7250@example.com,support,Growth Team,Expand into new markets
Eve Martinez,eve.martinez7251@example.com,support,Data Team,Build the analytics pipeline
Carol Davis,carol.davis7252@example.com,engineering,Platform Team,Rebuild the customer portal
Judy Robinson,judy.robinson7253@example.com,support,Platform Team,Rebuild the customer portal
Niaj Martin,niaj.martin7254@example.com,engineering,Platform Team,Rebuild the customer portal
Kevin Ramirez,kevin.ramirez7255@example.com,engineering,Growth Team,Expand into new markets
Eve Brown,eve.brown7256@example.com,engineering,Data Team,Build the analytics pipeline
Mallory Thomas,mallory.thomas7257@example.com,support,Data Team,Build the analytics pipeline
Ruth Gonzalez,ruth.gonzalez7258@example.com,sales,Data Team,Build the analytics pipeline
Wendy Sanchez,wendy.sanchez7259@example.com,engineering,Growth Team,Expand into new markets
Victor Ramirez,victor.ramirez7260@example.com,engineering,Data Team,Build the analytics pipeline
Judy Moore,judy.moore7261@example.com,engineering,Platform Team,Rebuild the customer portal
Alice Hernandez,alice.hernandez7262@example.com,engineering,Platform Team,Rebuild the customer portal
Carlos Harris,carlos.harris7263@example.com,sales,Data Team,Build the analytics pipeline
Niaj Rodriguez,niaj.rodriguez7264@example.com,sales,Growth Team,Expand into new markets
Quentin Clark,quentin.clark7265@example.com,engineering,Mobile Team,Ship the new mobile app
Kevin Thomas,kevin.thomas7266@example.com,support,Growth Team,Expand into new markets
Kevin Hernandez,kevin.hernandez7267@example.com,engineering,Platform Team,Rebuild the customer portal
Ruth Harris,ruth.harris7268@example.com,sales,Platform Team,Rebuild the customer portal
Diana Thomas,diana.thomas7269@example.com,engineering,Data Team,Build the analytics pipeline
Eve Davis,eve.davis7270@example.com,support,Data Team,Build the analytics pipeline
Peggy Taylor,peggy.taylor7271@example.com,sales,Platform Team,Rebuild the customer portal
Laura Rodriguez,laura.rodriguez7272@example.com,sales,Growth Team,Expand into new markets
Bianca Lee,bianca.lee7273@example.com,support,Platform Team,Rebuild the customer portal
Zach Martin,zach.martin7274@example.com,engineering,Mobile Team,Ship the new mobile app
Heidi White,heidi.white7275@example.com,engineering,Mobile Team,Ship the new mobile app
Eve Martinez,eve.martinez7276@example.com,sales,Data Team,Build the analytics pipeline
Yolanda White,yolanda.white7277@example.com,sales,Data Team,Build the analytics pipeline
Niaj Harris,niaj.harris7278@example.com,sales,Mobile Team,Ship the new mobile app
Eve Johnson,eve.johnson7279@example.com,engineering,Data Team,Build the analytics pipeline
Olivia Brown,olivia.brown7280@example.com,sales,Platform Team,Rebuild the customer portal
Grace Johnson,grace.johnson7281@example.com,engineering,Mobile Team,Ship the new mobile app
Laura Gonzalez,laura.gonzalez7282@example.com,support,Data Team,Build the analytics pipeline
Peggy Moore,peggy.moore7283@example.com,sales,Growth Team,Expand into new markets
Victor White,victor.white7284@example.com,engineering,Platform Team,Rebuild the customer portal
Dave Thomas,dave.thomas7285@example.com,sales,Data Team,Build the analytics pipeline
Heidi Taylor,heidi.taylor7286@example.com,engineering,Platform Team,Rebuild the customer portal
Carlos Anderson,carlos.anderson7287@example.com,engineering,Data Team,Build the analytics pipeline
Amir Martinez,amir.martinez7288@example.com,support,Data Team,Build the analytics pipeline
Olivia Perez,olivia.perez7289@example.com,sales,Growth Team,Expand into new markets
Bob Garcia,bob.garcia7290@example.com,sales,Growth Team,Expand into new markets
Ivan Harris,ivan.harris7291@example.com,support,Mobile Team,Ship the new mobile app
Quentin Gonzalez,quentin.gonzalez7292@example.com,sales,Growth Team,Expand into new markets
Frank Moore,frank.moore7293@example.com,engineering,Data Team,Build the analytics pipeline
Olivia Wilson,olivia.wilson7294@example.com,sales,Mobile Team,Ship the new mobile app
Eve Smith,eve.smith7295@example.com,support,Mobile Team,Ship the new mobile app
Carlos Gonzalez,carlos.gonzalez7296@example.com,engineering,Growth Team,Expand into new markets
Peggy Williams,peggy.williams7297@example.com,sales,Growth Team,Expand into new markets
Grace White,grace.white7298@example.com,sales,Mobile Team,Ship the new mobile app
Niaj Thompson,niaj.thompson7299@example.com,sales,Growth Team,Expand into new markets
Trent Jones,trent.jones7300@example.com,support,Growth Team,Expand into new markets
Niaj White,niaj.white7301@example.com,support,Mobile Team,Ship the new mobile app
Bob Wilson,bob.wilson7302@example.com,sales,Platform Team,Rebuild the customer portal
Quentin Robinson,quentin.robinson7303@example.com,support,Mobile Team,Ship the new mobile app
Victor Davis,victor.davis7304@example.com,engineering,Growth Team,Expand into new markets
Wendy Hernandez,wendy.hernandez7305@example.com,engineering,Data Team,Build the analytics pipeline
Ivan Smith,ivan.smith7306@example.com,engineering,Data Team,Build the analytics pipeline
Victor Taylor,victor.taylor7307@example.com,sales,Growth Team,Expand into new markets
Grace Jackson,grace.jackson7308@example.com,support,Mobile Team,Ship the new mobile app
Carol Lewis,carol.lewis7309@example.com,support,Data Team,Build the analytics pipeline
Bianca Anderson,bianca.anderson7310@example.com,sales,Mobile Team,Ship the new mobile app
Yolanda Smith,yolanda.smith7311@example.com,engineering,Data Team,Build the analytics pipeline
Victor Lee,victor.lee7312@example.com,sales,Data Team,Build the analytics pipeline
Olivia Johnson,olivia.johnson7313@example.com,support,Mobile Team,Ship the new mobile app
Trent Lewis,trent.lewis7314@example.com,sales,Mobile Team,Ship the new mobile app
Wendy Hernandez,wendy.hernandez7315@example.com,sales,Data Team,Build the analytics pipeline
Frank Wilson,frank.wilson7316@example.com,support,Platform Team,Rebuild the customer portal
Wendy Ramirez,wendy.ramirez7317@example.com,engineering,Platform Team,Rebuild the customer portal
Amir Sanchez,amir.sanchez7318@example.com,engineering,Data Team,Build the analytics pipeline
Bianca Garcia,bianca.garcia7319@example.com,engineering,Mobile Team,Ship the new mobile app
Bianca Gonzalez,bianca.gonzalez7320@example.com,sales,Growth Team,Expand into new markets
Xavier Miller,xavier.miller7321@example.com,engineering,Growth Team,Expand into new markets
Wendy Garcia,wendy.garcia7322@example.com,support,Growth Team,Expand into new markets
Eve Thomas,eve.thomas7323@example.com,engineering,Platform Team,Rebuild the customer portal
Yolanda Williams,yolanda.williams7324@example.com,sales,Mobile Team,Ship the new mobile app
Uma Lewis,uma.lewis7325@example.com,sales,Mobile Team,Ship the new mobile app
Trent Brown,trent.brown7326@example.com,engineering,Mobile Team,Ship the new mobile app
Niaj Garcia,niaj.garcia7327@example.com,sales,Platform Team,Rebuild the customer portal
Frank Martin,frank.martin7328@example.com,engineering,Data Team,Build the analytics pipeline
Judy Rodriguez,judy.rodriguez7329@example.com,support,Mobile Team,Ship the new mobile app
Ruth Davis,ruth.davis7330@example.com,sales,Platform Team,Rebuild the customer portal
Frank Brown,frank.brown7331@example.com,support,Mobile Team,Ship the new mobile app
Alice Miller,alice.miller7332@example.com,engineering,Growth Team,Expand into new markets
Alice Lewis,alice.lewis7333@example.com,support,Growth Team,Expand into new markets
Niaj Jackson,niaj.jackson7334@example.com,engineering,Platform Team,Rebuild the customer portal
Carlos Rodriguez,carlos.rodriguez7335@example.com,support,Growth Team,Expand into new markets
Mallory Rodriguez,mallory.rodriguez7336@example.com,engineering,Mobile Team,Ship the new mobile app
Bob Wilson,bob.wilson7337@example.com,engineering,Platform Team,Rebuild the customer portal
Olivia Anderson,olivia.anderson7338@example.com,engineering,Platform Team,Rebuild the customer portal
Zach Williams,zach.williams7339@example.com,engineering,Mobile Team,Ship the new mobile app
Olivia Lewis,olivia.lewis7340@example.com,sales,Platform Team,Rebuild the customer portal
Victor Smith,victor.smith7341@example.com,sales,Platform Team,Rebuild the customer portal
Sybil Miller,sybil.miller7342@example.com,engineering,Growth Team,Expand into new markets
Niaj Clark,niaj.clark7343@example.com,engineering,Mobile Team,Ship the new mobile app
Ivan Robinson,ivan.robinson7344@example.com,sales,Data Team,Build the analytics pipeline
Sybil Davis,sybil.davis7345@example.com,sales,Platform Team,Rebuild the customer portal
Frank Jackson,frank.jackson7346@example.com,sales,Data Team,Build the analytics pipeline
Niaj Davis,niaj.davis7347@example.com,support,Platform Team,Rebuild the customer portal
Heidi Jackson,heidi.jackson7348@example.com,support,Platform Team,Rebuild the customer portal
Mallory Harris,mallory.harris7349@example.com,sales,Data Team,Build the analytics pipeline
Bob Garcia,bob.garcia7350@example.com,support,Data Team,Build the analytics pipeline
Xavier Martin,xavier.martin7351@example.com,engineering,Data Team,Build the analytics pipeline
Wendy Martin,wendy.martin7352@example.com,support,Growth Team,Expand into new markets
Trent Davis,trent.davis7353@example.com,sales,Growth Team,Expand into new markets
Wendy Garcia,wendy.garcia7354@example.com,engineering,Mobile Team,Ship the new mobile app
Ruth Ramirez,ruth.ramirez7355@example.com,engineering,Platform Team,Rebuild the customer portal
Carlos Jackson,carlos.jackson7356@example.com,sales,Platform Team,Rebuild the customer portal
Heidi Lopez,heidi.lopez7357@example.com,sales,Platform Team,Rebuild the customer portal
Yolanda Jackson,yolanda.jackson7358@example.com,engineering,Mobile Team,Ship the new mobile app
Eve Clark,eve.clark7359@example.com,support,Mobile Team,Ship the new mobile app
Niaj Anderson,niaj.anderson7360@example.com,support,Mobile Team,Ship the new mobile app
Kevin Clark,kevin.clark7361@example.com,sales,Growth Team,Expand into new markets
Bianca Garcia,bianca.garcia7362@example.com,sales,Data Team,Build the analytics pipeline
Grace Jackson,grace.jackson7363@example.com,sales,Mobile Team,Ship the new mobile app
Trent White,trent.white7364@example.com,engineering,Data Team,Build the analytics pipeline
Olivia White,olivia.white7365@example.com,support,Platform Team,Rebuild the customer portal
Bianca Moore,bianca.moore7366@example.com,sales,Mobile Team,Ship the new mobile app
Amir Smith,amir.smith7367@example.com,support,Mobile Team,Ship the new mobile app
Peggy Lopez,peggy.lopez7368@example.com,engineering,Mobile Team,Ship the new mobile app
Frank Johnson,frank.johnson7369@example.com,support,Platform Team,Rebuild the customer portal
Wendy Robinson,wendy.robinson7370@example.com,support,Platform Team,Rebuild the customer portal
Amir Ramirez,amir.ramirez7371@example.com,support,Growth Team,Expand into new markets
Bob Garcia,bob.garcia7372@example.com,engineering,Growth Team,Expand into new markets
Carlos Lopez,carlos.lopez7373@example.com,engineering,Data Team,Build the analytics pipeline
Trent Johnson,trent.johnson7374@example.com,sales,Data Team,Build the analytics pipeline
Ruth Jackson,ruth.jackson7375@example.com,support,Platform Team,Rebuild the customer portal
Heidi Garcia,heidi.garcia7376@example.com,sales,Growth Team,Expand into new markets
Grace Davis,grace.davis7377@example.com,engineering,Growth Team,Expand into new markets
Alice Garcia,alice.garcia7378@example.com,sales,Growth Team,Expand into new markets
Carol Johnson,carol.johnson7379@example.com,sales,Growth Team,Expand into new markets
Carlos Lee,carlos.lee7380@example.com,sales,Data Team,Build the analytics pipeline
Bianca Johnson,bianca.johnson7381@example.com,support,Platform Team,Rebuild the customer portal
Carlos White,carlos.white7382@example.com,sales,Growth Team,Expand into new markets
Judy Hernandez,judy.hernandez7383@example.com,engineering,Platform Team,Rebuild the customer portal
Bianca Gonzalez,bianca.gonzalez7384@example.com,support,Data Team,Build the analytics pipeline
Zach Miller,zach.miller7385@example.com,engineering,Growth Team,Expand into new markets
Grace Lewis,grace.lewis7386@example.com,sales,Growth Team,Expand into new markets
Bianca Davis,bianca.davis7387@example.com,engineering,Mobile Team,Ship the new mobile app
Sybil Wilson,sybil.wilson7388@example.com,engineering,Growth Team,Expand into new markets
Zach Moore,zach.moore7389@example.com,sales,Platform Team,Rebuild the customer portal
Sybil White,sybil.white7390@example.com,engineering,Growth Team,Expand into new markets
Eve Clark,eve.clark7391@example.com,sales,Data Team,Build the analytics pipeline
Carol Garcia,carol.garcia7392@example.com,sales,Platform Team,Rebuild the customer portal
Yolanda Hernandez,yolanda.hernandez7393@example.com,sales,Mobile Team,Ship the new mobile app
Diana Ramirez,diana.ramirez7394@example.com,engineering,Growth Team,Expand into new markets
Dave Jones,dave.jones7395@example.com,sales,Growth Team,Expand into new markets
Mallory Miller,mallory.miller7396@example.com,sales,Platform Team,Rebuild the customer portal
Olivia Martinez,olivia.martinez7397@example.com,sales,Data Team,Build the analytics pipeline
Frank Williams,frank.williams7398@example.com,sales,Platform Team,Rebuild the customer portal
Frank Martin,frank.martin7399@example.com,support,Data Team,Build the analytics pipeline
Carol Jackson,carol.jackson7400@example.com,sales,Growth Team,Expand into new markets
Kevin Martin,kevin.martin7401@example.com,support,Platform Team,Rebuild the customer portal
Eve Garcia,eve.garcia7402@example.com,sales,Mobile Team,Ship the new mobile app
Carol Thompson,carol.thompson7403@example.com,engineering,Growth Team,Expand into new markets
Peggy Lopez,peggy.lopez7404@example.com,support,Growth Team,Expand into new markets
Mallory Jones,mallory.jones7405@example.com,sales,Mobile Team,Ship the new mobile app
Peggy Hernandez,peggy.hernandez7406@example.com,support,Growth Team,Expand into new markets
Bianca Taylor,bianca.taylor7407@example.com,sales,Mobile Team,Ship the new mobile app
Mallory Brown,mallory.brown7408@example.com,support,Growth Team,Expand into new markets
Alice Lewis,alice.lewis7409@example.com,engineering,Mobile Team,Ship the new mobile app
Olivia Sanchez,olivia.sanchez7410@example.com,engineering,Growth Team,Expand into new markets
Alice Jackson,alice.jackson7411@example.com,support,Growth Team,Expand into new markets
Xavier Lewis,xavier.lewis7412@example.com,sales,Data Team,Build the analytics pipeline
Bianca Jones,bianca.jones7413@example.com,engineering,Data Team,Build the analytics pipeline
Grace Garcia,grace.garcia7414@example.com,engineering,Platform Team,Rebuild the customer portal
Laura Thompson,laura.thompson7415@example.com,sales,Growth Team,Expand into new markets
Laura Smith,laura.smith7416@example.com,engineering,Data Team,Build the analytics pipeline
Ivan Miller,ivan.miller7417@example.com,engineering,Growth Team,Expand into new markets
Sybil Lee,sybil.lee7418@example.com,sales,Platform Team,Rebuild the customer portal
Heidi Perez,heidi.perez7419@example.com,support,Platform Team,Rebuild the customer portal
Bianca Anderson,bianca.anderson7420@example.com,support,Mobile Team,Ship the new mobile app
Olivia Lee,olivia.lee7421@example.com,sales,Growth Team,Expand into new markets
Olivia Martin,olivia.martin7422@example.com,sales,Growth Team,Expand into new markets
Wendy White,wendy.white7423@example.com,engineering,Data Team,Build the analytics pipeline
Eve Williams,eve.williams7424@example.com,support,Growth Team,Expand into new markets
Amir Rodriguez,amir.rodriguez7425@example.com,support,Data Team,Build the analytics pipeline
Diana Moore,diana.moore7426@example.com,support,Platform Team,Rebuild the customer portal
Frank White,frank.white7427@example.com,sales,Platform Team,Rebuild the customer portal
Yolanda Moore,yolanda.moore7428@example.com,sales,Mobile Team,Ship the new mobile app
Bob Wilson,bob.wilson7429@example.com,support,Mobile Team,Ship the new mobile app
Mallory Clark,mallory.clark7430@example.com,engineering,Growth Team,Expand into new markets
Carlos Davis,carlos.davis7431@example.com,support,Growth Team,Expand into new markets
Sybil Moore,sybil.moore7432@example.com,sales,Mobile Team,Ship the new mobile app
Dave Lopez,dave.lopez7433@example.com,engineering,Platform Team,Rebuild the customer portal
Kevin Anderson,kevin.anderson7434@example.com,sales,Data Team,Build the analytics pipeline
Ivan Johnson,ivan.johnson7435@example.com,support,Data Team,Build the analytics pipeline
Quentin Sanchez,quentin.sanchez7436@example.com,support,Data Team,Build the analytics pipeline
Quentin Taylor,quentin.taylor7437@example.com,support,Growth Team,Expand into new markets
Ruth Garcia,ruth.garcia7438@example.com,support,Data Team,Build the analytics pipeline
Niaj Thompson,niaj.thompson7439@example.com,engineering,Mobile Team,Ship the new mobile app
Mallory Sanchez,mallory.sanchez7440@example.com,engineering,Growth Team,Expand into new markets
Xavier Taylor,xavier.taylor7441@example.com,sales,Data Team,Build the analytics pipeline
Peggy Jones,peggy.jones7442@example.com,sales,Growth Team,Expand into new markets
Judy Robinson,judy.robinson7443@example.com,support,Growth Team,Expand into new markets
Bianca Hernandez,bianca.hernandez7444@example.com,engineering,Data Team,Build the analytics pipeline
Zach Jackson,zach.jackson7445@example.com,engineering,Mobile Team,Ship the new mobile app
Ruth Garcia,ruth.garcia7446@example.com,engineering,Growth Team,Expand into new markets
Bianca Lopez,bianca.lopez7447@example.com,engineering,Platform Team,Rebuild the customer portal
Ruth Garcia,ruth.garcia7448@example.com,support,Data Team,Build the analytics pipeline
Zach Perez,zach.perez7449@example.com,engineering,Mobile Team,Ship the new mobile app
Yolanda Lewis,yolanda.lewis7450@example.com,sales,Data Team,Build the analytics pipeline
Frank Moore,frank.moore7451@example.com,engineering,Mobile Team,Ship the new mobile app
Sybil Harris,sybil.harris7452@example.com,engineering,Data Team,Build the analytics pipeline
Uma Smith,uma.smith7453@example.com,engineering,Platform Team,Rebuild the customer portal
Zach Garcia,zach.garcia7454@example.com,sales,Growth Team,Expand into new markets
Carol Martinez,carol.martinez7455@example.com,support,Growth Team,Expand into new markets
Alice Sanchez,alice.sanchez7456@example.com,support,Platform Team,Rebuild the customer portal
Wendy Lee,wendy.lee7457@example.com,sales,Mobile Team,Ship the new mobile app
Frank Clark,frank.clark7458@example.com,engineering,Mobile Team,Ship the new mobile app
Eve Wilson,eve.wilson7459@example.com,engineering,Mobile Team,Ship the new mobile app
Ivan Robinson,ivan.robinson7460@example.com,engineering,Data Team,Build the analytics pipeline
Sybil Lopez,sybil.lopez7461@example.com,engineering,Mobile Team,Ship the new mobile app
Frank Williams,frank.williams7462@example.com,sales,Mobile Team,Ship the new mobile app
Uma Johnson,uma.johnson7463@example.com,support,Platform Team,Rebuild the customer portal
Heidi Martin,heidi.martin7464@example.com,engineering,Platform Team,Rebuild the customer portal
Xavier Harris,xavier.harris7465@example.com,support,Platform Team,Rebuild the customer portal
Heidi Davis,heidi.davis7466@example.com,engineering,Data Team,Build the analytics pipeline
Ruth Martin,ruth.martin7467@example.com,engineering,Growth Team,Expand into new markets
Frank Martinez,frank.martinez7468@example.com,engineering,Mobile Team,Ship the new mobile app
Carol Jackson,carol.jackson7469@example.com,sales,Growth Team,Expand into new markets
Bianca Smith,bianca.smith7470@example.com,sales,Platform Team,Rebuild the customer portal
Alice Robinson,alice.robinson7471@example.com,sales,Growth Team,Expand into new markets
Peggy Perez,peggy.perez7472@example.com,sales,Platform Team,Rebuild the customer portal
Mallory Rodriguez,mallory.rodriguez7473@example.com,engineering,Mobile Team,Ship the new mobile app
Diana Perez,diana.perez7474@example.com,engineering,Mobile Team,Ship the new mobile app
Peggy Wilson,peggy.wilson7475@example.com,sales,Growth Team,Expand into new markets
Judy Miller,judy.miller7476@example.com,engineering,Data Team,Build the analytics pipeline
Alice Jackson,alice.jackson7477@example.com,engineering,Data Team,Build the analytics pipeline
Olivia Garcia,olivia.garcia7478@example.com,sales,Growth Team,Expand into new markets
Niaj Williams,niaj.williams7479@example.com,sales,Mobile Team,Ship the new mobile app
Victor Jones,victor.jones7480@example.com,support,Growth Team,Expand into new markets
Dave Miller,dave.miller7481@example.com,sales,Growth Team,Expand into new markets
Dave Smith,dave.smith7482@example.com,sales,Data Team,Build the analytics pipeline
Wendy Williams,wendy.williams7483@example.com,sales,Mobile Team,Ship the new mobile app
Eve Miller,eve.miller7484@example.com,sales,Platform Team,Rebuild the customer portal
Laura Rodriguez,laura.rodriguez7485@example.com,engineering,Data Team,Build the analytics pipeline
Diana White,diana.white7486@example.com,sales,Growth Team,Expand into new markets
Frank Anderson,frank.anderson7487@example.com,support,Mobile Team,Ship the new mobile app
Carlos Gonzalez,carlos.gonzalez7488@example.com,sales,Data Team,Build the analytics pipeline
Niaj Lewis,niaj.lewis7489@example.com,sales,Platform Team,Rebuild the customer portal
Bianca Thompson,bianca.thompson7490@example.com,sales,Growth Team,Expand into new markets
Trent Martinez,trent.martinez7491@example.com,support,Growth Team,Expand into new markets
Bob Clark,bob.clark7492@example.com,sales,Data Team,Build the analytics pipeline
Zach Williams,zach.williams7493@example.com,sales,Mobile Team,Ship the new mobile app
Bianca Hernandez,bianca.hernandez7494@example.com,support,Platform Team,Rebuild the customer portal
Ruth Anderson,ruth.anderson7495@example.com,engineering,Platform Team,Rebuild the customer portal
Amir Ramirez,amir.ramirez7496@example.com,support,Mobile Team,Ship the new mobile app
Trent Jackson,trent.jackson7497@example.com,engineering,Growth Team,Expand into new markets
Judy Thompson,judy.thompson7498@example.com,engineering,Growth Team,Expand into new markets
Carlos Garcia,carlos.garcia7499@example.com,support,Data Team,Build the analytics pipeline
Heidi Anderson,heidi.anderson7500@example.com,sales,Data Team,Build the analytics pipeline
Yolanda Rodriguez,yolanda.rodriguez7501@example.com,sales,Platform Team,Rebuild the customer portal
Frank Davis,frank.davis7502@example.com,sales,Data Team,Build the analytics pipeline
Niaj Harris,niaj.harris7503@example.com,engineering,Data Team,Build the analytics pipeline
Quentin Clark,quentin.clark7504@example.com,support,Mobile Team,Ship the new mobile app
Ivan Anderson,ivan.anderson7505@example.com,engineering,Platform Team,Rebuild the customer portal
Laura Ramirez,laura.ramirez7506@example.com,support,Data Team,Build the analytics pipeline
Laura White,laura.white7507@example.com,sales,Growth Team,Expand into new markets
Amir Harris,amir.harris7508@example.com,sales,Growth Team,Expand into new markets
Ruth Jackson,ruth.jackson7509@example.com,sales,Platform Team,Rebuild the customer portal
Wendy Anderson,wendy.anderson7510@example.com,engineering,Growth Team,Expand into new markets
Quentin Wilson,quentin.wilson7511@example.com,engineering,Data Team,Build the analytics pipeline
Uma Smith,uma.smith7512@example.com,support,Platform Team,Rebuild the customer portal
Kevin Davis,kevin.davis7513@example.com,support,Data Team,Build the analytics pipeline
Carlos Hernandez,carlos.hernandez7514@example.com,support,Mobile Team,Ship the new mobile app
Ivan Garcia,ivan.garcia7515@example.com,sales,Platform Team,Rebuild the customer portal
Xavier Rodriguez,xavier.rodriguez7516@example.com,sales,Growth Team,Expand into new markets
Yolanda Jackson,yolanda.jackson7517@example.com,engineering,Platform Team,Rebuild the customer portal
Sybil Harris,sybil.harris7518@example.com,sales,Growth Team,Expand into new markets
Ruth Williams,ruth.williams7519@example.com,support,Data Team,Build the analytics pipeline
Niaj Johnson,niaj.johnson7520@example.com,sales,Data Team,Build the analytics pipeline
Bianca Lee,bianca.lee7521@example.com,support,Mobile Team,Ship the new mobile app
Dave Martinez,dave.martinez7522@example.com,sales,Growth Team,Expand into new markets
Quentin Robinson,quentin.robinson7523@example.com,sales,Data Team,Build the analytics pipeline
Grace Anderson,grace.anderson7524@example.com,sales,Platform Team,Rebuild the customer portal
Xavier Gonzalez,xavier.gonzalez7525@example.com,support,Platform Team,Rebuild the customer portal
Yolanda Anderson,yolanda.anderson7526@example.com,sales,Data Team,Build the analytics pipeline
Ivan Lewis,ivan.lewis7527@example.com,sales,Mobile Team,Ship the new mobile app
Eve Perez,eve.perez7528@example.com,engineering,Mobile Team,Ship the new mobile app
Mallory Moore,mallory.moore7529@example.com,sales,Platform Team,Rebuild the customer portal
Victor Martinez,victor.martinez7530@example.com,support,Platform Team,Rebuild the customer portal
Laura Clark,laura.clark7531@example.com,engineering,Platform Team,Rebuild the customer portal
Eve Anderson,eve.anderson7532@example.com,support,Mobile Team,Ship the new mobile app
Frank Jackson,frank.jackson7533@example.com,engineering,Platform Team,Rebuild the customer portal
Yolanda Taylor,yolanda.taylor7534@example.com,sales,Data Team,Build the analytics pipeline
Bob Thompson,bob.thompson7535@example.com,support,Mobile Team,Ship the new mobile app
Amir Clark,amir.clark7536@example.com,engineering,Mobile Team,Ship the new mobile app
Judy Davis,judy.davis7537@example.com,sales,Data Team,Build the analytics pipeline
Yolanda Lewis,yolanda.lewis7538@example.com,engineering,Mobile Team,Ship the new mobile app
Kevin Lewis,kevin.lewis7539@example.com,engineering,Platform Team,Rebuild the customer portal
Wendy Davis,wendy.davis7540@example.com,sales,Mobile Team,Ship the new mobile app
Diana Wilson,diana.wilson7541@example.com,engineering,Growth Team,Expand into new markets
Alice Gonzalez,alice.gonzalez7542@example.com,support,Mobile Team,Ship the new mobile app
Olivia Perez,olivia.perez7543@example.com,engineering,Growth Team,Expand into new markets
Amir Gonzalez,amir.gonzalez7544@example.com,support,Mobile Team,Ship the new mobile app
Zach Lewis,zach.lewis7545@example.com,support,Platform Team,Rebuild the customer portal
Diana Jones,diana.jones7546@example.com,support,Growth Team,Expand into new markets
Frank Wilson,frank.wilson7547@example.com,sales,Mobile Team,Ship the new mobile app
Diana Jackson,diana.jackson7548@example.com,engineering,Data Team,Build the analytics pipeline
Trent Smith,trent.smith7549@example.com,support,Mobile Team,Ship the new mobile app
Uma Taylor,uma.taylor7550@example.com,sales,Mobile Team,Ship the new mobile app
Grace Taylor,grace.taylor7551@example.com,support,Data Team,Build the analytics pipeline
Trent Sanchez,trent.sanchez7552@example.com,sales,Platform Team,Rebuild the customer portal
Peggy Harris,peggy.harris7553@example.com,support,Growth Team,Expand into new markets
Niaj Miller,niaj.miller7554@example.com,support,Data Team,Build the analytics pipeline
Amir Garcia,amir.garcia7555@example.com,sales,Mobile Team,Ship the new mobile app
Alice White,alice.white7556@example.com,support,Data Team,Build the analytics pipeline
Kevin Ramirez,kevin.ramirez7557@example.com,support,Platform Team,Rebuild the customer portal
Uma Martinez,uma.martinez7558@example.com,engineering,Growth Team,Expand into new markets
Amir Brown,amir.brown7559@example.com,engineering,Mobile Team,Ship the new mobile app
Ivan Lee,ivan.lee7560@example.com,support,Mobile Team,Ship the new mobile app
Yolanda Williams,yolanda.williams7561@example.com,support,Mobile Team,Ship the new mobile app
Xavier Anderson,xavier.anderson7562@example.com,sales,Platform Team,Rebuild the customer portal
Mallory Miller,mallory.miller7563@example.com,engineering,Growth Team,Expand into new markets
Yolanda Williams,yolanda.williams7564@example.com,engineering,Mobile Team,Ship the new mobile app
Sybil Robinson,sybil.robinson7565@example.com,sales,Platform Team,Rebuild the customer portal
Grace Sanchez,grace.sanchez7566@example.com,support,Growth Team,Expand into new markets
Amir Martin,amir.martin7567@example.com,support,Platform Team,Rebuild the customer portal
Sybil Clark,sybil.clark7568@example.com,sales,Growth Team,Expand into new markets
Dave Moore,dave.moore7569@example.com,sales,Growth Team,Expand into new markets
Wendy Hernandez,wendy.hernandez7570@example.com,engineering,Growth Team,Expand into new markets
Olivia Williams,olivia.williams7571@example.com,support,Mobile Team,Ship the new mobile app
Diana Robinson,diana.robinson7572@example.com,support,Platform Team,Rebuild the customer portal
Niaj Clark,niaj.clark7573@example.com,support,Data Team,Build the analytics pipeline
Ivan Garcia,ivan.garcia7574@example.com,support,Mobile Team,Ship the new mobile app
Judy Garcia,judy.garcia7575@example.com,engineering,Platform Team,Rebuild the customer portal
Wendy Thompson,wendy.thompson7576@example.com,engineering,Growth Team,Expand into new markets
Victor Harris,victor.harris7577@example.com,sales,Growth Team,Expand into new markets
Judy Perez,judy.perez7578@example.com,engineering,Platform Team,Rebuild the customer portal
Judy Lopez,judy.lopez7579@example.com,sales,Mobile Team,Ship the new mobile app
Alice Gonzalez,alice.gonzalez7580@example.com,engineering,Growth Team,Expand into new markets
Trent Hernandez,trent.hernandez7581@example.com,engineering,Mobile Team,Ship the new mobile app
Alice Lopez,alice.lopez7582@example.com,support,Data Team,Build the analytics pipeline
Quentin Garcia,quentin.garcia7583@example.com,engineering,Data Team,Build the analytics pipeline
Ruth Robinson,ruth.robinson7584@example.com,support,Data Team,Build the analytics pipeline
Zach Davis,zach.davis7585@example.com,support,Platform Team,Rebuild the customer portal
Eve Sanchez,eve.sanchez7586@example.com,sales,Platform Team,Rebuild the customer portal
Xavier Moore,xavier.moore7587@example.com,sales,Platform Team,Rebuild the customer portal
Peggy Taylor,peggy.taylor7588@example.com,sales,Platform Team,Rebuild the customer portal
Uma Gonzalez,uma.gonzalez7589@example.com,support,Data Team,Build the analytics pipeline
Heidi Perez,heidi.perez7590@example.com,sales,Platform Team,Rebuild the customer portal
Carlos Lee,carlos.lee7591@example.com,engineering,Platform Team,Rebuild the customer portal
Mallory Lee,mallory.lee7592@example.com,support,Data Team,Build the analytics pipeline
Diana White,diana.white7593@example.com,support,Growth Team,Expand into new markets
Quentin Williams,quentin.williams7594@example.com,engineering,Data Team,Build the analytics pipeline
Grace Anderson,grace.anderson7595@example.com,engineering,Platform Team,Rebuild the customer portal
Peggy Johnson,peggy.johnson7596@example.com,sales,Growth Team,Expand into new markets
Uma Martinez,uma.martinez7597@example.com,sales,Platform Team,Rebuild the customer portal
Carlos Johnson,carlos.johnson7598@example.com,engineering,Growth Team,Expand into new markets
Quentin Lee,quentin.lee7599@example.com,support,Platform Team,Rebuild the customer portal
Uma Lewis,uma.lewis7600@example.com,sales,Platform Team,Rebuild the customer portal
Frank Gonzalez,frank.gonzalez7601@example.com,support,Growth Team,Expand into new markets
Frank Martin,frank.martin7602@example.com,support,Mobile Team,Ship the new mobile app
Frank Lee,frank.lee7603@example.com,sales,Data Team,Build the analytics pipeline
Amir Taylor,amir.taylor7604@example.com,engineering,Data Team,Build the analytics pipeline
Victor Ramirez,victor.ramirez7605@example.com,sales,Platform Team,Rebuild the customer portal
Eve Taylor,eve.taylor7606@example.com,support,Data Team,Build the analytics pipeline
Frank Lee,frank.lee7607@example.com,support,Mobile Team,Ship the new mobile app
Ivan Williams,ivan.williams7608@example.com,sales,Platform Team,Rebuild the customer portal
Ruth Smith,ruth.smith7609@example.com,support,Mobile Team,Ship the new mobile app
Victor Brown,victor.brown7610@example.com,engineering,Mobile Team,Ship the new mobile app
Frank Sanchez,frank.sanchez7611@example.com,sales,Mobile Team,Ship the new mobile app
Mallory Jones,mallory.jones7612@example.com,support,Platform Team,Rebuild the customer portal
Bob Taylor,bob.taylor7613@example.com,engineering,Growth Team,Expand into new markets
Heidi Martin,heidi.martin7614@example.com,sales,Platform Team,Rebuild the customer portal
Bob Lee,bob.lee7615@example.com,sales,Growth Team,Expand into new markets
Grace Perez,grace.perez7616@example.com,sales,Data Team,Build the analytics pipeline
Ivan Miller,ivan.miller7617@example.com,support,Data Team,Build the analytics pipeline
Mallory Lee,mallory.lee7618@example.com,support,Growth Team,Expand into new markets
Ivan Hernandez,ivan.hernandez7619@example.com,engineering,Mobile Team,Ship the new mobile app
Carol Garcia,carol.garcia7620@example.com,support,Platform Team,Rebuild the customer portal
Xavier Martinez,xavier.martinez7621@example.com,sales,Growth Team,Expand into new markets
Frank Perez,frank.perez7622@example.com,engineering,Data Team,Build the analytics pipeline
Niaj Martin,niaj.martin7623@example.com,support,Platform Team,Rebuild the customer portal
Carol Robinson,carol.robinson7624@example.com,engineering,Growth Team,Expand into new markets
Olivia Lopez,olivia.lopez7625@example.com,engineering,Growth Team,Expand into new markets
Frank Moore,frank.moore7626@example.com,support,Data Team,Build the analytics pipeline
Olivia Gonzalez,olivia.gonzalez7627@example.com,engineering,Platform Team,Rebuild the customer portal
Trent Gonzalez,trent.gonzalez7628@example.com,engineering,Mobile Team,Ship the new mobile app
Eve Robinson,eve.robinson7629@example.com,engineering,Data Team,Build the analytics pipeline
Mallory Hernandez,mallory.hernandez7630@example.com,support,Growth Team,Expand into new markets
Judy Johnson,judy.johnson7631@example.com,sales,Data Team,Build the analytics pipeline
Heidi Thompson,heidi.thompson7632@example.com,sales,Mobile Team,Ship the new mobile app
Quentin Harris,quentin.harris7633@example.com,support,Platform Team,Rebuild the customer portal
Ruth Clark,ruth.clark7634@example.com,sales,Mobile Team,Ship the new mobile app
Yolanda Rodriguez,yolanda.rodriguez7635@example.com,engineering,Platform Team,Rebuild the customer portal
Bianca Gonzalez,bianca.gonzalez7636@example.com,support,Data Team,Build the analytics pipeline
Ruth Jones,ruth.jones7637@example.com,sales,Platform Team,Rebuild the customer portal
Bianca Thompson,bianca.thompson7638@example.com,sales,Mobile Team,Ship the new mobile app
Heidi Taylor,heidi.taylor7639@example.com,sales,Data Team,Build the analytics pipeline
Wendy Gonzalez,wendy.gonzalez7640@example.com,engineering,Mobile Team,Ship the new mobile app
Grace Jones,grace.jones7641@example.com,sales,Growth Team,Expand into new markets
Bob Gonzalez,bob.gonzalez7642@example.com,sales,Mobile Team,Ship the new mobile app
Trent Harris,trent.harris7643@example.com,sales,Mobile Team,Ship the new mobile app
Sybil Williams,sybil.williams7644@example.com,sales,Growth Team,Expand into new markets
Sybil Martinez,sybil.martinez7645@example.com,support,Mobile Team,Ship the new mobile app
Carlos Garcia,carlos.garcia7646@example.com,support,Growth Team,Expand into new markets
Bob Rodriguez,bob.rodriguez7647@example.com,support,Growth Team,Expand into new markets
Quentin Gonzalez,quentin.gonzalez7648@example.com,engineering,Growth Team,Expand into new markets
Niaj Jackson,niaj.jackson7649@example.com,engineering,Growth Team,Expand into new markets
Mallory Wilson,mallory.wilson7650@example.com,engineering,Mobile Team,Ship the new mobile app
Olivia Robinson,olivia.robinson7651@example.com,engineering,Mobile Team,Ship the new mobile app
Grace Lewis,grace.lewis7652@example.com,sales,Data Team,Build the analytics pipeline
Trent Jackson,trent.jackson7653@example.com,support,Growth Team,Expand into new markets
Diana White,diana.white7654@example.com,engineering,Growth Team,Expand into new markets
Kevin Harris,kevin.harris7655@example.com,sales,Mobile Team,Ship the new mobile app
Ruth Taylor,ruth.taylor7656@example.com,support,Mobile Team,Ship the new mobile app
Peggy Anderson,peggy.anderson7657@example.com,sales,Growth Team,Expand into new markets
Diana Harris,diana.harris7658@example.com,engineering,Mobile Team,Ship the new mobile app
Judy Brown,judy.brown7659@example.com,sales,Growth Team,Expand into new markets
Quentin Garcia,quentin.garcia7660@example.com,support,Platform Team,Rebuild the customer portal
Bianca Sanchez,bianca.sanchez7661@example.com,support,Data Team,Build the analytics pipeline
Amir Davis,amir.davis7662@example.com,sales,Platform Team,Rebuild the customer portal
Grace Martin,grace.martin7663@example.com,support,Growth Team,Expand into new markets
Carol Jones,carol.jones7664@example.com,sales,Growth Team,Expand into new markets
Alice Smith,alice.smith7665@example.com,engineering,Platform Team,Rebuild the customer portal
Judy Martinez,judy.martinez7666@example.com,support,Platform Team,Rebuild the customer portal
Victor Thompson,victor.thompson7667@example.com,sales,Mobile Team,Ship the new mobile app
Eve Clark,eve.clark7668@example.com,sales,Platform Team,Rebuild the customer portal
Xavier Lee,xavier.lee7669@example.com,engineering,Growth Team,Expand into new markets
Bianca Martinez,bianca.martinez7670@example.com,engineering,Platform Team,Rebuild the customer portal
Judy Brown,judy.brown7671@example.com,engineering,Platform Team,Rebuild the customer portal
Quentin Sanchez,quentin.sanchez7672@example.com,sales,Mobile Team,Ship the new mobile app
Eve Lewis,eve.lewis7673@example.com,engineering,Mobile Team,Ship the new mobile app
Bob Jackson,bob.jackson7674@example.com,support,Mobile Team,Ship the new mobile app
Kevin Clark,kevin.clark7675@example.com,sales,Mobile Team,Ship the new mobile app
Frank White,frank.white7676@example.com,sales,Growth Team,Expand into new markets
Diana Smith,diana.smith7677@example.com,support,Data Team,Build the analytics pipeline
Wendy Lee,wendy.lee7678@example.com,engineering,Growth Team,Expand into new markets
Quentin Garcia,quentin.garcia7679@example.com,sales,Growth Team,Expand into new markets
Amir Davis,amir.davis7680@example.com,support,Platform Team,Rebuild the customer portal
Diana Thomas,diana.thomas7681@example.com,sales,Mobile Team,Ship the new mobile app
Trent Sanchez,trent.sanchez7682@example.com,support,Platform Team,Rebuild the customer portal
Ivan Moore,ivan.moore7683@example.com,engineering,Mobile Team,Ship the new mobile app
Diana Jackson,diana.jackson7684@example.com,support,Platform Team,Rebuild the customer portal
Bianca Lopez,bianca.lopez7685@example.com,support,Mobile Team,Ship the new mobile app
Eve Lewis,eve.lewis7686@example.com,engineering,Platform Team,Rebuild the customer portal
Peggy Perez,peggy.perez7687@example.com,engineering,Data Team,Build the analytics pipeline
Uma Robinson,uma.robinson7688@example.com,sales,Platform Team,Rebuild the customer portal
Trent Wilson,trent.wilson7689@example.com,engineering,Mobile Team,Ship the new mobile app
Diana Taylor,diana.taylor7690@example.com,support,Mobile Team,Ship the new mobile app
Kevin Thomas,kevin.thomas7691@example.com,support,Growth Team,Expand into new markets
Diana White,diana.white7692@example.com,engineering,Data Team,Build the analytics pipeline
Judy Davis,judy.davis7693@example.com,sales,Data Team,Build the analytics pipeline
Ivan Brown,ivan.brown7694@example.com,sales,Growth Team,Expand into new markets
Heidi Williams,heidi.williams7695@example.com,sales,Growth Team,Expand into new markets
Victor Martin,victor.martin7696@example.com,sales,Data Team,Build the analytics pipeline
Dave Smith,dave.smith7697@example.com,sales,Platform Team,Rebuild the customer portal
Peggy Thomas,peggy.thomas7698@example.com,support,Growth Team,Expand into new markets
Frank Williams,frank.williams7699@example.com,sales,Mobile Team,Ship the new mobile app
Bob Davis,bob.davis7700@example.com,engineering,Mobile Team,Ship the new mobile app
Yolanda Jackson,yolanda.jackson7701@example.com,engineering,Growth Team,Expand into new markets
Eve Thompson,eve.thompson7702@example.com,support,Data Team,Build the analytics pipeline
Xavier Clark,xavier.clark7703@example.com,support,Platform Team,Rebuild the customer portal
Grace Taylor,grace.taylor7704@example.com,engineering,Mobile Team,Ship the new mobile app
Grace Anderson,grace.anderson7705@example.com,engineering,Platform Team,Rebuild the customer portal
Judy White,judy.white7706@example.com,sales,Growth Team,Expand into new markets
Bianca Martinez,bianca.martinez7707@example.com,sales,Data Team,Build the analytics pipeline
Judy Moore,judy.moore7708@example.com,sales,Platform Team,Rebuild the customer portal
Peggy Wilson,peggy.wilson7709@example.com,sales,Platform Team,Rebuild the customer portal
Xavier Moore,xavier.moore7710@example.com,engineering,Mobile Team,Ship the new mobile app
Yolanda Davis,yolanda.davis7711@example.com,engineering,Data Team,Build the analytics pipeline
Diana Lewis,diana.lewis7712@example.com,support,Platform Team,Rebuild the customer portal
Amir Thomas,amir.thomas7713@example.com,sales,Mobile Team,Ship the new mobile app
Carol Harris,carol.harris7714@example.com,sales,Platform Team,Rebuild the customer portal
Uma Johnson,uma.johnson7715@example.com,engineering,Data Team,Build the analytics pipeline
Peggy Thompson,peggy.thompson7716@example.com,support,Growth Team,Expand into new markets
Frank Ramirez,frank.ramirez7717@example.com,engineering,Data Team,Build the analytics pipeline
Ivan Lopez,ivan.lopez7718@example.com,engineering,Mobile Team,Ship the new mobile app
Ivan Johnson,ivan.johnson7719@example.com,support,Platform Team,Rebuild the customer portal
Zach Lopez,zach.lopez7720@example.com,sales,Platform Team,Rebuild the customer portal
Laura Moore,laura.moore7721@example.com,support,Platform Team,Rebuild the customer portal
Xavier Sanchez,xavier.sanchez7722@example.com,sales,Platform Team,Rebuild the customer portal
Carlos Clark,carlos.clark7723@example.com,sales,Mobile Team,Ship the new mobile app
Ivan Thompson,ivan.thompson7724@example.com,support,Mobile Team,Ship the new mobile app
Laura Davis,laura.davis7725@example.com,sales,Platform Team,Rebuild the customer portal
Bob Lee,bob.lee7726@example.com,sales,Mobile Team,Ship the new mobile app
Alice Johnson,alice.johnson7727@example.com,engineering,Data Team,Build the analytics pipeline
Sybil Davis,sybil.davis7728@example.com,support,Platform Team,Rebuild the customer portal
Judy Hernandez,judy.hernandez7729@example.com,engineering,Data Team,Build the analytics pipeline
Ruth Rodriguez,ruth.rodriguez7730@example.com,engineering,Platform Team,Rebuild the customer portal
Trent Robinson,trent.robinson7731@example.com,engineering,Growth Team,Expand into new markets
Carol Sanchez,carol.sanchez7732@example.com,support,Platform Team,Rebuild the customer portal
Grace Jackson,grace.jackson7733@example.com,sales,Mobile Team,Ship the new mobile app
Yolanda Garcia,yolanda.garcia7734@example.com,engineering,Platform Team,Rebuild the customer portal
Quentin Lopez,quentin.lopez7735@example.com,support,Mobile Team,Ship the new mobile app
Ivan Lee,ivan.lee7736@example.com,support,Platform Team,Rebuild the customer portal
Olivia Moore,olivia.moore7737@example.com,engineering,Platform Team,Rebuild the customer portal
Mallory Hernandez,mallory.hernandez7738@example.com,support,Growth Team,Expand into new markets
Wendy Hernandez,wendy.hernandez7739@example.com,sales,Platform Team,Rebuild the customer portal
Judy Thompson,judy.thompson7740@example.com,support,Mobile Team,Ship the new mobile app
Trent Miller,trent.miller7741@example.com,support,Growth Team,Expand into new markets
Heidi Hernandez,heidi.hernandez7742@example.com,engineering,Mobile Team,Ship the new mobile app
Grace Johnson,grace.johnson7743@example.com,support,Growth Team,Expand into new markets
Olivia Martinez,olivia.martinez7744@example.com,engineering,Data Team,Build the analytics pipeline
Quentin Robinson,quentin.robinson7745@example.com,sales,Platform Team,Rebuild the customer portal
Peggy Johnson,peggy.johnson7746@example.com,engineering,Mobile Team,Ship the new mobile app
Trent Garcia,trent.garcia7747@example.com,support,Platform Team,Rebuild the customer portal
Wendy Brown,wendy.brown7748@example.com,support,Platform Team,Rebuild the customer portal
Amir White,amir.white7749@example.com,engineering,Data Team,Build the analytics pipeline
Carol Williams,carol.williams7750@example.com,support,Growth Team,Expand into new markets
Bianca Robinson,bianca.robinson7751@example.com,sales,Growth Team,Expand into new markets
Mallory Brown,mallory.brown7752@example.com,sales,Platform Team,Rebuild the customer portal
Ruth Rodriguez,ruth.rodriguez7753@example.com,support,Data Team,Build the analytics pipeline
Bob Hernandez,bob.hernandez7754@example.com,sales,Growth Team,Expand into new markets
Heidi Garcia,heidi.garcia7755@example.com,engineering,Platform Team,Rebuild the customer portal
Trent Lee,trent.lee7756@example.com,engineering,Mobile Team,Ship the new mobile app
Judy Anderson,judy.anderson7757@example.com,engineering,Growth Team,Expand into new markets
Alice Hernandez,alice.hernandez7758@example.com,support,Growth Team,Expand into new markets
Carlos Thomas,carlos.thomas7759@example.com,sales,Platform Team,Rebuild the customer portal
Peggy Rodriguez,peggy.rodriguez7760@example.com,support,Data Team,Build the analytics pipeline
Ivan Martinez,ivan.martinez7761@example.com,support,Mobile Team,Ship the new mobile app
Wendy Sanchez,wendy.sanchez7762@example.com,support,Platform Team,Rebuild the customer portal
Victor Lewis,victor.lewis7763@example.com,support,Growth Team,Expand into new markets
Carlos Miller,carlos.miller7764@example.com,sales,Platform Team,Rebuild the customer portal
Yolanda Williams,yolanda.williams7765@example.com,sales,Data Team,Build the analytics pipeline
Xavier Williams,xavier.williams7766@example.com,support,Data Team,Build the analytics pipeline
Heidi Jackson,heidi.jackson7767@example.com,sales,Data Team,Build the analytics pipeline
Carlos Sanchez,carlos.sanchez7768@example.com,sales,Mobile Team,Ship the new mobile app
Niaj Jones,niaj.jones7769@example.com,engineering,Mobile Team,Ship the new mobile app
Heidi Hernandez,heidi.hernandez7770@example.com,engineering,Mobile Team,Ship the new mobile app
Laura Davis,laura.davis7771@example.com,engineering,Platform Team,Rebuild the customer portal
Xavier Gonzalez,xavier.gonzalez7772@example.com,support,Platform Team,Rebuild the customer portal
Ruth Martinez,ruth.martinez7773@example.com,engineering,Platform Team,Rebuild the customer portal
Laura Thomas,laura.thomas7774@example.com,engineering,Mobile Team,Ship the new mobile app
Grace Robinson,grace.robinson7775@example.com,support,Mobile Team,Ship the new mobile app
Mallory Johnson,mallory.johnson7776@example.com,engineering,Data Team,Build the analytics pipeline
Mallory Davis,mallory.davis7777@example.com,sales,Platform Team,Rebuild the customer portal
Mallory Davis,mallory.davis7778@example.com,engineering,Mobile Team,Ship the new mobile app
Laura Johnson,laura.johnson7779@example.com,support,Growth Team,Expand into new markets
Quentin Lewis,quentin.lewis7780@example.com,support,Platform Team,Rebuild the customer portal
Uma Wilson,uma.wilson7781@example.com,engineering,Data Team,Build the analytics pipeline
Trent Moore,trent.moore7782@example.com,engineering,Platform Team,Rebuild the customer portal
Bianca Miller,bianca.miller7783@example.com,support,Platform Team,Rebuild the customer portal
Dave Garcia,dave.garcia7784@example.com,support,Platform Team,Rebuild the customer portal
Heidi Lee,heidi.lee7785@example.com,engineering,Platform Team,Rebuild the customer portal
Laura Jones,laura.jones7786@example.com,support,Platform Team,Rebuild the customer portal
Ivan Hernandez,ivan.hernandez7787@example.com,support,Growth Team,Expand into new markets
Grace Harris,grace.harris7788@example.com,sales,Mobile Team,Ship the new mobile app
Sybil Anderson,sybil.anderson7789@example.com,engineering,Data Team,Build the analytics pipeline
Bianca Brown,bianca.brown7790@example.com,sales,Growth Team,Expand into new markets
Bob Johnson,bob.johnson7791@example.com,engineering,Mobile Team,Ship the new mobile app
Eve Ramirez,eve.ramirez7792@example.com,sales,Mobile Team,Ship the new mobile app
Diana Clark,diana.clark7793@example.com,sales,Mobile Team,Ship the new mobile app
Victor Hernandez,victor.hernandez7794@example.com,sales,Data Team,Build the analytics pipeline
Uma Jackson,uma.jackson7795@example.com,engineering,Growth Team,Expand into new markets
Kevin Martinez,kevin.martinez7796@example.com,support,Data Team,Build the analytics pipeline
Judy Robinson,judy.robinson7797@example.com,engineering,Data Team,Build the analytics pipeline
Quentin Williams,quentin.williams7798@example.com,support,Platform Team,Rebuild the customer portal
Alice Lee,alice.lee7799@example.com,support,Platform Team,Rebuild the customer portal
Ruth Martin,ruth.martin7800@example.com,sales,Mobile Team,Ship the new mobile app
Uma Lopez,uma.lopez7801@example.com,sales,Growth Team,Expand into new markets
Carlos Clark,carlos.clark7802@example.com,sales,Data Team,Build the analytics pipeline
Mallory Gonzalez,mallory.gonzalez7803@example.com,engineering,Growth Team,Expand into new markets
Trent Sanchez,trent.sanchez7804@example.com,engineering,Data Team,Build the analytics pipeline
Dave Thomas,dave.thomas7805@example.com,engineering,Mobile Team,Ship the new mobile app
Kevin Thompson,kevin.thompson7806@example.com,sales,Mobile Team,Ship the new mobile app
Alice Davis,alice.davis7807@example.com,engineering,Mobile Team,Ship the new mobile app
Zach Wilson,zach.wilson7808@example.com,sales,Growth Team,Expand into new markets
Ruth Wilson,ruth.wilson7809@example.com,sales,Platform Team,Rebuild the customer portal
Alice Martinez,alice.martinez7810@example.com,support,Mobile Team,Ship the new mobile app
Eve Harris,eve.harris7811@example.com,sales,Mobile Team,Ship the new mobile app
Alice Jones,alice.jones7812@example.com,sales,Growth Team,Expand into new markets
Zach Williams,zach.williams7813@example.com,support,Data Team,Build the analytics pipeline
Laura Smith,laura.smith7814@example.com,sales,Platform Team,Rebuild the customer portal
Grace Perez,grace.perez7815@example.com,engineering,Platform Team,Rebuild the customer portal
Olivia Davis,olivia.davis7816@example.com,sales,Platform Team,Rebuild the customer portal
Peggy Sanchez,peggy.sanchez7817@example.com,sales,Platform Team,Rebuild the customer portal
Niaj Johnson,niaj.johnson7818@example.com,support,Data Team,Build the analytics pipeline
Olivia Jackson,olivia.jackson7819@example.com,sales,Platform Team,Rebuild the customer portal
Eve Garcia,eve.garcia7820@example.com,sales,Data Team,Build the analytics pipeline
Carol Miller,carol.miller7821@example.com,support,Growth Team,Expand into new markets
Kevin Martinez,kevin.martinez7822@example.com,support,Mobile Team,Ship the new mobile app
Ivan Johnson,ivan.johnson7823@example.com,sales,Mobile Team,Ship the new mobile app
Xavier White,xavier.white7824@example.com,engineering,Data Team,Build the analytics pipeline
Dave Perez,dave.perez7825@example.com,support,Data Team,Build the analytics pipeline
Diana Anderson,diana.anderson7826@example.com,sales,Platform Team,Rebuild the customer portal
Xavier Anderson,xavier.anderson7827@example.com,support,Platform Team,Rebuild the customer portal
Diana White,diana.white7828@example.com,support,Platform Team,Rebuild the customer portal
Diana Taylor,diana.taylor7829@example.com,sales,Mobile Team,Ship the new mobile app
Xavier Robinson,xavier.robinson7830@example.com,support,Data Team,Build the analytics pipeline
Mallory Jackson,mallory.jackson7831@example.com,sales,Growth Team,Expand into new markets
Kevin Gonzalez,kevin.gonzalez7832@example.com,support,Platform Team,Rebuild the customer portal
Heidi Miller,heidi.miller7833@example.com,support,Data Team,Build the analytics pipeline
Trent Thomas,trent.thomas7834@example.com,support,Data Team,Build the analytics pipeline
Victor Moore,victor.moore7835@example.com,sales,Mobile Team,Ship the new mobile app
Ruth Smith,ruth.smith7836@example.com,support,Data Team,Build the analytics pipeline
Olivia Johnson,olivia.johnson7837@example.com,engineering,Growth Team,Expand into new markets
Xavier Thompson,xavier.thompson7838@example.com,sales,Mobile Team,Ship the new mobile app
Zach White,zach.white7839@example.com,support,Platform Team,Rebuild the customer portal
Ivan Davis,ivan.davis7840@example.com,support,Platform Team,Rebuild the customer portal
Dave Jackson,dave.jackson7841@example.com,engineering,Growth Team,Expand into new markets
Alice Martin,alice.martin7842@example.com,sales,Data Team,Build the analytics pipeline
Peggy Davis,peggy.davis7843@example.com,engineering,Growth Team,Expand into new markets
Bianca Clark,bianca.clark7844@example.com,support,Growth Team,Expand into new markets
Wendy Martin,wendy.martin7845@example.com,engineering,Mobile Team,Ship the new mobile app
Zach Perez,zach.perez7846@example.com,engineering,Growth Team,Expand into new markets
Sybil Ramirez,sybil.ramirez7847@example.com,sales,Mobile Team,Ship the new mobile app
Ivan Johnson,ivan.johnson7848@example.com,support,Growth Team,Expand into new markets
Diana Jones,diana.jones7849@example.com,engineering,Data Team,Build the analytics pipeline
Yolanda Garcia,yolanda.garcia7850@example.com,sales,Mobile Team,Ship the new mobile app
Mallory Martin,mallory.martin7851@example.com,sales,Growth Team,Expand into new markets
Frank Anderson,frank.anderson7852@example.com,engineering,Mobile Team,Ship the new mobile app
Trent Robinson,trent.robinson7853@example.com,engineering,Growth Team,Expand into new markets
Xavier Moore,xavier.moore7854@example.com,support,Data Team,Build the analytics pipeline
Eve Johnson,eve.johnson7855@example.com,engineering,Growth Team,Expand into new markets
Victor Garcia,victor.garcia7856@example.com,support,Platform Team,Rebuild the customer portal
Dave Rodriguez,dave.rodriguez7857@example.com,engineering,Platform Team,Rebuild the customer portal
Niaj Martin,niaj.martin7858@example.com,engineering,Growth Team,Expand into new markets
Yolanda Sanchez,yolanda.sanchez7859@example.com,support,Growth Team,Expand into new markets
Ivan Martinez,ivan.martinez7860@example.com,engineering,Growth Team,Expand into new markets
Judy Thomas,judy.thomas7861@example.com,support,Platform Team,Rebuild the customer portal
Sybil Taylor,sybil.taylor7862@example.com,support,Growth Team,Expand into new markets
Alice Sanchez,alice.sanchez7863@example.com,sales,Mobile Team,Ship the new mobile app
Amir Hernandez,amir.hernandez7864@example.com,sales,Platform Team,Rebuild the customer portal
Amir Rodriguez,amir.rodriguez7865@example.com,engineering,Data Team,Build the analytics pipeline
Carlos Gonzalez,carlos.gonzalez7866@example.com,sales,Platform Team,Rebuild the customer portal
Kevin Wilson,kevin.wilson7867@example.com,engineering,Platform Team,Rebuild the customer portal
Ruth Davis,ruth.davis7868@example.com,engineering,Platform Team,Rebuild the customer portal
Alice Thompson,alice.thompson7869@example.com,sales,Mobile Team,Ship the new mobile app
Heidi Miller,heidi.miller7870@example.com,engineering,Growth Team,Expand into new markets
Yolanda Harris,yolanda.harris7871@example.com,support,Mobile Team,Ship the new mobile app
Xavier Harris,xavier.harris7872@example.com,engineering,Growth Team,Expand into new markets
Peggy Anderson,peggy.anderson7873@example.com,sales,Mobile Team,Ship the new mobile app
Grace Miller,grace.miller7874@example.com,sales,Platform Team,Rebuild the customer portal
Carlos White,carlos.white7875@example.com,sales,Platform Team,Rebuild the customer portal
Mallory Robinson,mallory.robinson7876@example.com,support,Data Team,Build the analytics pipeline
Peggy Smith,peggy.smith7877@example.com,engineering,Mobile Team,Ship the new mobile app
Grace Moore,grace.moore7878@example.com,engineering,Data Team,Build the analytics pipeline
Heidi Gonzalez,heidi.gonzalez7879@example.com,sales,Platform Team,Rebuild the customer portal
Trent Hernandez,trent.hernandez7880@example.com,support,Growth Team,Expand into new markets
Quentin Sanchez,quentin.sanchez7881@example.com,engineering,Data Team,Build the analytics pipeline
Uma Martinez,uma.martinez7882@example.com,support,Platform Team,Rebuild the customer portal
Amir Johnson,amir.johnson7883@example.com,support,Mobile Team,Ship the new mobile app
Judy White,judy.white7884@example.com,engineering,Platform Team,Rebuild the customer portal
Carlos Thomas,carlos.thomas7885@example.com,engineering,Data Team,Build the analytics pipeline
Victor Lee,victor.lee7886@example.com,sales,Mobile Team,Ship the new mobile app
Zach Harris,zach.harris7887@example.com,support,Data Team,Build the analytics pipeline
Frank Wilson,frank.wilson7888@example.com,sales,Mobile Team,Ship the new mobile app
Eve Lopez,eve.lopez7889@example.com,sales,Platform Team,Rebuild the customer portal
Amir Garcia,amir.garcia7890@example.com,engineering,Platform Team,Rebuild the customer portal
Heidi Thompson,heidi.thompson7891@example.com,engineering,Mobile Team,Ship the new mobile app
Zach Taylor,zach.taylor7892@example.com,support,Data Team,Build the analytics pipeline
Bianca Sanchez,bianca.sanchez7893@example.com,sales,Mobile Team,Ship the new mobile app
Niaj White,niaj.white7894@example.com,sales,Platform Team,Rebuild the customer portal
Sybil Anderson,sybil.anderson7895@example.com,sales,Data Team,Build the analytics pipeline
Trent Thomas,trent.thomas7896@example.com,engineering,Growth Team,Expand into new markets
Quentin Robinson,quentin.robinson7897@example.com,support,Growth Team,Expand into new markets
Wendy Harris,wendy.harris7898@example.com,support,Mobile Team,Ship the new mobile app
Sybil Clark,sybil.clark7899@example.com,support,Data Team,Build the analytics pipeline
Zach Williams,zach.williams7900@example.com,support,Data Team,Build the analytics pipeline
Diana Thompson,diana.thompson7901@example.com,engineering,Mobile Team,Ship the new mobile app
Sybil White,sybil.white7902@example.com,sales,Data Team,Build the analytics pipeline
Alice Ramirez,alice.ramirez7903@example.com,support,Data Team,Build the analytics pipeline
Wendy Sanchez,wendy.sanchez7904@example.com,engineering,Growth Team,Expand into new markets
Amir Wilson,amir.wilson7905@example.com,sales,Mobile Team,Ship the new mobile app
Grace Jones,grace.jones7906@example.com,support,Growth Team,Expand into new markets
Heidi Jackson,heidi.jackson7907@example.com,sales,Data Team,Build the analytics pipeline
Dave Jones,dave.jones7908@example.com,engineering,Platform Team,Rebuild the customer portal
Wendy Moore,wendy.moore7909@example.com,support,Platform Team,Rebuild the customer portal
Bianca Robinson,bianca.robinson7910@example.com,sales,Platform Team,Rebuild the customer portal
Trent Martinez,trent.martinez7911@example.com,engineering,Data Team,Build the analytics pipeline
Ivan Smith,ivan.smith7912@example.com,support,Platform Team,Rebuild the customer portal
Carol Garcia,carol.garcia7913@example.com,sales,Mobile Team,Ship the new mobile app
Xavier Thompson,xavier.thompson7914@example.com,engineering,Growth Team,Expand into new markets
Diana Miller,diana.miller7915@example.com,sales,Data Team,Build the analytics pipeline
Judy Garcia,judy.garcia7916@example.com,sales,Growth Team,Expand into new markets
Mallory Thompson,mallory.thompson7917@example.com,support,Mobile Team,Ship the new mobile app
Quentin Thompson,quentin.thompson7918@example.com,engineering,Mobile Team,Ship the new mobile app
Bianca Taylor,bianca.taylor7919@example.com,engineering,Growth Team,Expand into new markets
Grace Anderson,grace.anderson7920@example.com,engineering,Mobile Team,Ship the new mobile app
Kevin Perez,kevin.perez7921@example.com,engineering,Data Team,Build the analytics pipeline
Mallory Taylor,mallory.taylor7922@example.com,sales,Platform Team,Rebuild the customer portal
Wendy Williams,wendy.williams7923@example.com,support,Growth Team,Expand into new markets
Xavier Rodriguez,xavier.rodriguez7924@example.com,sales,Data Team,Build the analytics pipeline
Judy Anderson,judy.anderson7925@example.com,sales,Data Team,Build the analytics pipeline
Alice Harris,alice.harris7926@example.com,support,Data Team,Build the analytics pipeline
Niaj Perez,niaj.perez7927@example.com,support,Mobile Team,Ship the new mobile app
Ivan Jackson,ivan.jackson7928@example.com,engineering,Mobile Team,Ship the new mobile app
Carlos Perez,carlos.perez7929@example.com,engineering,Growth Team,Expand into new markets
Bianca Martin,bianca.martin7930@example.com,engineering,Mobile Team,Ship the new mobile app
Grace Gonzalez,grace.gonzalez7931@example.com,engineering,Platform Team,Rebuild the customer portal
Amir Moore,amir.moore7932@example.com,support,Platform Team,Rebuild the customer portal
Carlos Jones,carlos.jones7933@example.com,engineering,Mobile Team,Ship the new mobile app
Mallory Gonzalez,mallory.gonzalez7934@example.com,engineering,Growth Team,Expand into new markets
Dave Wilson,dave.wilson7935@example.com,sales,Data Team,Build the analytics pipeline
Carlos Hernandez,carlos.hernandez7936@example.com,support,Mobile Team,Ship the new mobile app
Quentin Wilson,quentin.wilson7937@example.com,sales,Data Team,Build the analytics pipeline
Peggy Perez,peggy.perez7938@example.com,sales,Mobile Team,Ship the new mobile app
Kevin Harris,kevin.harris7939@example.com,sales,Data Team,Build the analytics pipeline
Laura Brown,laura.brown7940@example.com,sales,Growth Team,Expand into new markets
Peggy Wilson,peggy.wilson7941@example.com,engineering,Data Team,Build the analytics pipeline
Alice Johnson,alice.johnson7942@example.com,support,Mobile Team,Ship the new mobile app
Olivia Hernandez,olivia.hernandez7943@example.com,support,Mobile Team,Ship the new mobile app
Bianca Jones,bianca.jones7944@example.com,support,Data Team,Build the analytics pipeline
Bob Lopez,bob.lopez7945@example.com,sales,Platform Team,Rebuild the customer portal
Mallory Lopez,mallory.lopez7946@example.com,sales,Data Team,Build the analytics pipeline
Dave Jones,dave.jones7947@example.com,sales,Growth Team,Expand into new markets
Bianca Martinez,bianca.martinez7948@example.com,engineering,Data Team,Build the analytics pipeline
Yolanda Taylor,yolanda.taylor7949@example.com,sales,Mobile Team,Ship the new mobile app
Alice Jones,alice.jones7950@example.com,engineering,Growth Team,Expand into new markets
Quentin Wilson,quentin.wilson7951@example.com,engineering,Mobile Team,Ship the new mobile app
Quentin Harris,quentin.harris7952@example.com,sales,Growth Team,Expand into new markets
Amir Thomas,amir.thomas7953@example.com,support,Platform Team,Rebuild the customer portal
Carol Anderson,carol.anderson7954@example.com,engineering,Platform Team,Rebuild the customer portal
Niaj Miller,niaj.miller7955@example.com,support,Platform Team,Rebuild the customer portal
Judy Sanchez,judy.sanchez7956@example.com,engineering,Data Team,Build the analytics pipeline
Diana Miller,diana.miller7957@example.com,engineering,Mobile Team,Ship the new mobile app
Frank Johnson,frank.johnson7958@example.com,support,Data Team,Build the analytics pipeline
Bob Moore,bob.moore7959@example.com,engineering,Growth Team,Expand into new markets
Trent Harris,trent.harris7960@example.com,support,Data Team,Build the analytics pipeline
Carol Miller,carol.miller7961@example.com,support,Data Team,Build the analytics pipeline
Sybil Smith,sybil.smith7962@example.com,support,Mobile Team,Ship the new mobile app
Carol Clark,carol.clark7963@example.com,support,Mobile Team,Ship the new mobile app
Peggy Ramirez,peggy.ramirez7964@example.com,engineering,Mobile Team,Ship the new mobile app
Amir Rodriguez,amir.rodriguez7965@example.com,engineering,Data Team,Build the analytics pipeline
Ruth Rodriguez,ruth.rodriguez7966@example.com,engineering,Platform Team,Rebuild the customer portal
Laura Gonzalez,laura.gonzalez7967@example.com,support,Data Team,Build the analytics pipeline
Alice Martinez,alice.martinez7968@example.com,engineering,Data Team,Build the analytics pipeline
Olivia Miller,olivia.miller7969@example.com,sales,Data Team,Build the analytics pipeline
Yolanda Thompson,yolanda.thompson7970@example.com,sales,Mobile Team,Ship the new mobile app
Quentin Smith,quentin.smith7971@example.com,sales,Data Team,Build the analytics pipeline
Uma Lee,uma.lee7972@example.com,support,Growth Team,Expand into new markets
Ivan Perez,ivan.perez7973@example.com,sales,Platform Team,Rebuild the customer portal
Sybil Clark,sybil.clark7974@example.com,engineering,Platform Team,Rebuild the customer portal
Victor Wilson,victor.wilson7975@example.com,engineering,Platform Team,Rebuild the customer portal
Wendy Martin,wendy.martin7976@example.com,sales,Data Team,Build the analytics pipeline
Eve Lee,eve.lee7977@example.com,engineering,Platform Team,Rebuild the customer portal
Carol Lopez,carol.lopez7978@example.com,sales,Growth Team,Expand into new markets
Quentin Rodriguez,quentin.rodriguez7979@example.com,sales,Platform Team,Rebuild the customer portal
Grace Ramirez,grace.ramirez7980@example.com,engineering,Data Team,Build the analytics pipeline
Bob Davis,bob.davis7981@example.com,support,Platform Team,Rebuild the customer portal
Xavier Anderson,xavier.anderson7982@example.com,sales,Mobile Team,Ship the new mobile app
Judy Moore,judy.moore7983@example.com,sales,Mobile Team,Ship the new mobile app
Laura Martin,laura.martin7984@example.com,engineering,Data Team,Build the analytics pipeline
Victor Martinez,victor.martinez7985@example.com,support,Platform Team,Rebuild the customer portal
Carlos Wilson,carlos.wilson7986@example.com,support,Data Team,Build the analytics pipeline
Quentin White,quentin.white7987@example.com,engineering,Growth Team,Expand into new markets
Alice Taylor,alice.taylor7988@example.com,support,Growth Team,Expand into new markets
Kevin Sanchez,kevin.sanchez7989@example.com,support,Mobile Team,Ship the new mobile app
Quentin Sanchez,quentin.sanchez7990@example.com,engineering,Data Team,Build the analytics pipeline
Sybil Wilson,sybil.wilson7991@example.com,engineering,Growth Team,Expand into new markets
Uma Harris,uma.harris7992@example.com,engineering,Growth Team,Expand into new markets
Carlos Wilson,carlos.wilson7993@example.com,support,Platform Team,Rebuild the customer portal
Uma Lopez,uma.lopez7994@example.com,support,Mobile Team,Ship the new mobile app
Trent Harris,trent.harris7995@example.com,engineering,Data Team,Build the analytics pipeline
Olivia Wilson,olivia.wilson7996@example.com,sales,Mobile Team,Ship the new mobile app
Diana Taylor,diana.taylor7997@example.com,engineering,Growth Team,Expand into new markets
Bianca Anderson,bianca.anderson7998@example.com,support,Growth Team,Expand into new markets
Alice Gonzalez,alice.gonzalez7999@example.com,engineering,Mobile Team,Ship the new mobile app
Amir Jackson,amir.jackson8000@example.com,support,Growth Team,Expand into new markets
Uma Robinson,uma.robinson8001@example.com,sales,Platform Team,Rebuild the customer portal
Carol Sanchez,carol.sanchez8002@example.com,sales,Platform Team,Rebuild the customer portal
Ruth Taylor,ruth.taylor8003@example.com,sales,Growth Team,Expand into new markets
Yolanda Jones,yolanda.jones8004@example.com,sales,Mobile Team,Ship the new mobile app
Amir Hernandez,amir.hernandez8005@example.com,sales,Data Team,Build the analytics pipeline
Trent Moore,trent.moore8006@example.com,sales,Platform Team,Rebuild the customer portal
Diana Jones,diana.jones8007@example.com,engineering,Growth Team,Expand into new markets
Olivia White,olivia.white8008@example.com,engineering,Growth Team,Expand into new markets
Uma Thomas,uma.thomas8009@example.com,sales,Platform Team,Rebuild the customer portal
Trent Taylor,trent.taylor8010@example.com,engineering,Platform Team,Rebuild the customer portal
Carlos Garcia,carlos.garcia8011@example.com,sales,Growth Team,Expand into new markets
Victor Clark,victor.clark8012@example.com,engineering,Platform Team,Rebuild the customer portal
Wendy Clark,wendy.clark8013@example.com,sales,Mobile Team,Ship the new mobile app
Amir Rodriguez,amir.rodriguez8014@example.com,engineering,Mobile Team,Ship the new mobile app
Victor Lewis,victor.lewis8015@example.com,sales,Data Team,Build the analytics pipeline
Olivia Jackson,olivia.jackson8016@example.com,support,Data Team,Build the analytics pipeline
Ivan Williams,ivan.williams8017@example.com,sales,Mobile Team,Ship the new mobile app
Peggy Hernandez,peggy.hernandez8018@example.com,engineering,Data Team,Build the analytics pipeline
Sybil Taylor,sybil.taylor8019@example.com,support,Platform Team,Rebuild the customer portal
Ruth Martin,ruth.martin8020@example.com,sales,Platform Team,Rebuild the customer portal
Xavier Miller,xavier.miller8021@example.com,support,Mobile Team,Ship the new mobile app
Carol Lopez,carol.lopez8022@example.com,sales,Platform Team,Rebuild the customer portal
Peggy Martin,peggy.martin8023@example.com,support,Platform Team,Rebuild the customer portal
Sybil Martinez,sybil.martinez8024@example.com,support,Data Team,Build the analytics pipeline
Trent Harris,trent.harris8025@example.com,engineering,Mobile Team,Ship the new mobile app
Mallory Clark,mallory.clark8026@example.com,support,Growth Team,Expand into new markets
Ivan Moore,ivan.moore8027@example.com,sales,Mobile Team,Ship the new mobile app
Grace Taylor,grace.taylor8028@example.com,engineering,Platform Team,Rebuild the customer portal
Alice Perez,alice.perez8029@example.com,sales,Mobile Team,Ship the new mobile app
Carol Jones,carol.jones8030@example.com,support,Growth Team,Expand into new markets
Mallory Perez,mallory.perez8031@example.com,engineering,Platform Team,Rebuild the customer portal
Dave Robinson,dave.robinson8032@example.com,support,Platform Team,Rebuild the customer portal
Bianca Hernandez,bianca.hernandez8033@example.com,support,Platform Team,Rebuild the customer portal
Carlos Sanchez,carlos.sanchez8034@example.com,engineering,Platform Team,Rebuild the customer portal
Diana Jackson,diana.jackson8035@example.com,support,Mobile Team,Ship the new mobile app
Zach Harris,zach.harris8036@example.com,support,Platform Team,Rebuild the customer portal
Yolanda Jones,yolanda.jones8037@example.com,support,Platform Team,Rebuild the customer portal
Amir Thomas,amir.thomas8038@example.com,sales,Platform Team,Rebuild the customer portal
Mallory Thompson,mallory.thompson8039@example.com,engineering,Platform Team,Rebuild the customer portal
Bob Anderson,bob.anderson8040@example.com,engineering,Growth Team,Expand into new markets
Peggy Harris,peggy.harris8041@example.com,support,Growth Team,Expand into new markets
Ruth Jones,ruth.jones8042@example.com,support,Mobile Team,Ship the new mobile app
Trent Lewis,trent.lewis8043@example.com,engineering,Growth Team,Expand into new markets
Ivan Lewis,ivan.lewis8044@example.com,support,Mobile Team,Ship the new mobile app
Judy Martin,judy.martin8045@example.com,engineering,Mobile Team,Ship the new mobile app
Heidi Thompson,heidi.thompson8046@example.com,engineering,Data Team,Build the analytics pipeline
Niaj Thomas,niaj.thomas8047@example.com,sales,Data Team,Build the analytics pipeline
Quentin Martin,quentin.martin8048@example.com,support,Mobile Team,Ship the new mobile app
Zach White,zach.white8049@example.com,engineering,Growth Team,Expand into new markets
Kevin Lopez,kevin.lopez8050@example.com,engineering,Mobile Team,Ship the new mobile app
Zach Thomas,zach.thomas8051@example.com,engineering,Mobile Team,Ship the new mobile app
Xavier Brown,xavier.brown8052@example.com,support,Growth Team,Expand into new markets
Carlos Lewis,carlos.lewis8053@example.com,engineering,Growth Team,Expand into new markets
Kevin Hernandez,kevin.hernandez8054@example.com,support,Data Team,Build the analytics pipeline
Bob Perez,bob.perez8055@example.com,sales,Data Team,Build the analytics pipeline
Victor Lewis,victor.lewis8056@example.com,sales,Platform Team,Rebuild the customer portal
Eve Lee,eve.lee8057@example.com,support,Platform Team,Rebuild the customer portal
Peggy Martin,peggy.martin8058@example.com,support,Growth Team,Expand into new markets
Ivan Thompson,ivan.thompson8059@example.com,sales,Data Team,Build the analytics pipeline
Bob Martinez,bob.martinez8060@example.com,support,Data Team,Build the analytics pipeline
Ruth Miller,ruth.miller8061@example.com,engineering,Platform Team,Rebuild the customer portal
Judy Williams,judy.williams8062@example.com,sales,Data Team,Build the analytics pipeline
Bob Lee,bob.lee8063@example.com,engineering,Platform Team,Rebuild the customer portal
Diana Davis,diana.davis8064@example.com,engineering,Data Team,Build the analytics pipeline
Grace Gonzalez,grace.gonzalez8065@example.com,engineering,Mobile Team,Ship the new mobile app
Kevin Lee,kevin.lee8066@example.com,support,Mobile Team,Ship the new mobile app
Trent Williams,trent.williams8067@example.com,support,Platform Team,Rebuild the customer portal
Uma Anderson,uma.anderson8068@example.com,support,Mobile Team,Ship the new mobile app
Olivia Moore,olivia.moore8069@example.com,engineering,Platform Team,Rebuild the customer portal
Heidi Lee,heidi.lee8070@example.com,support,Data Team,Build the analytics pipeline
Ivan Lopez,ivan.lopez8071@example.com,support,Mobile Team,Ship the new mobile app
Judy Rodriguez,judy.rodriguez8072@example.com,sales,Mobile Team,Ship the new mobile app
Sybil Sanchez,sybil.sanchez8073@example.com,engineering,Data Team,Build the analytics pipeline
Diana Harris,diana.harris8074@example.com,sales,Growth Team,Expand into new markets
Xavier Ramirez,xavier.ramirez8075@example.com,sales,Mobile Team,Ship the new mobile app
Amir Smith,amir.smith8076@example.com,sales,Platform Team,Rebuild the customer portal
Grace Jones,grace.jones8077@example.com,sales,Data Team,Build the analytics pipeline
Grace Harris,grace.harris8078@example.com,support,Mobile Team,Ship the new mobile app
Victor Miller,victor.miller8079@example.com,sales,Platform Team,Rebuild the customer portal
Sybil Thomas,sybil.thomas8080@example.com,sales,Data Team,Build the analytics pipeline
Wendy Robinson,wendy.robinson8081@example.com,support,Growth Team,Expand into new markets
Diana Thompson,diana.thompson8082@example.com,support,Growth Team,Expand into new markets
Olivia Davis,olivia.davis8083@example.com,support,Platform Team,Rebuild the customer portal
Mallory Moore,mallory.moore8084@example.com,support,Growth Team,Expand into new markets
Bob Jones,bob.jones8085@example.com,sales,Platform Team,Rebuild the customer portal
Ruth Lopez,ruth.lopez8086@example.com,support,Data Team,Build the analytics pipeline
Frank Clark,frank.clark8087@example.com,engineering,Growth Team,Expand into new markets
Frank Martinez,frank.martinez8088@example.com,sales,Platform Team,Rebuild the customer portal
Bianca White,bianca.white8089@example.com,engineering,Data Team,Build the analytics pipeline
Ruth Lopez,ruth.lopez8090@example.com,support,Data Team,Build the analytics pipeline
Heidi Jackson,heidi.jackson8091@example.com,sales,Mobile Team,Ship the new mobile app
Alice Anderson,alice.anderson8092@example.com,sales,Growth Team,Expand into new markets
Judy Sanchez,judy.sanchez8093@example.com,sales,Mobile Team,Ship the new mobile app
Wendy Rodriguez,wendy.rodriguez8094@example.com,engineering,Mobile Team,Ship the new mobile app
Xavier Brown,xavier.brown8095@example.com,support,Data Team,Build the analytics pipeline
Uma Jackson,uma.jackson8096@example.com,support,Data Team,Build the analytics pipeline
Judy Lee,judy.lee8097@example.com,support,Platform Team,Rebuild the customer portal
Peggy Rodriguez,peggy.rodriguez8098@example.com,sales,Platform Team,Rebuild the customer portal
Carol Anderson,carol.anderson8099@example.com,sales,Platform Team,Rebuild the customer portal
Alice Garcia,alice.garcia8100@example.com,engineering,Growth Team,Expand into new markets
Quentin Perez,quentin.perez8101@example.com,sales,Platform Team,Rebuild the customer portal
Sybil Moore,sybil.moore8102@example.com,support,Platform Team,Rebuild the customer portal
Amir Martinez,amir.martinez8103@example.com,engineering,Platform Team,Rebuild the customer portal
Zach Harris,zach.harris8104@example.com,sales,Data Team,Build the analytics pipeline
Victor Thomas,victor.thomas8105@example.com,support,Mobile Team,Ship the new mobile app
Carlos Johnson,carlos.johnson8106@example.com,support,Data Team,Build the analytics pipeline
Grace Thompson,grace.thompson8107@example.com,sales,Mobile Team,Ship the new mobile app
Judy Smith,judy.smith8108@example.com,support,Growth Team,Expand into new markets
Zach White,zach.white8109@example.com,support,Growth Team,Expand into new markets
Mallory Martinez,mallory.martinez8110@example.com,engineering,Growth Team,Expand into new markets
Yolanda Robinson,yolanda.robinson8111@example.com,engineering,Platform Team,Rebuild the customer portal
Niaj Ramirez,niaj.ramirez8112@example.com,support,Data Team,Build the analytics pipeline
Alice Jackson,alice.jackson8113@example.com,support,Mobile Team,Ship the new mobile app
Amir Garcia,amir.garcia8114@example.com,support,Platform Team,Rebuild the customer portal
Carlos Miller,carlos.miller8115@example.com,sales,Mobile Team,Ship the new mobile app
Olivia Anderson,olivia.anderson8116@example.com,support,Platform Team,Rebuild the customer portal
Xavier Gonzalez,xavier.gonzalez8117@example.com,sales,Mobile Team,Ship the new mobile app
Niaj Williams,niaj.williams8118@example.com,engineering,Platform Team,Rebuild the customer portal
Kevin White,kevin.white8119@example.com,engineering,Mobile Team,Ship the new mobile app
Ivan Garcia,ivan.garcia8120@example.com,engineering,Platform Team,Rebuild the customer portal
Zach Ramirez,zach.ramirez8121@example.com,engineering,Growth Team,Expand into new markets
Victor Thompson,victor.thompson8122@example.com,sales,Growth Team,Expand into new markets
Trent Jackson,trent.jackson8123@example.com,engineering,Platform Team,Rebuild the customer portal
Carlos Miller,carlos.miller8124@example.com,sales,Mobile Team,Ship the new mobile app
Ruth Davis,ruth.davis8125@example.com,sales,Mobile Team,Ship the new mobile app
Laura Martin,laura.martin8126@example.com,engineering,Platform Team,Rebuild the customer portal
Peggy Ramirez,peggy.ramirez8127@example.com,support,Mobile Team,Ship the new mobile app
Carol Hernandez,carol.hernandez8128@example.com,support,Growth Team,Expand into new markets
Judy Rodriguez,judy.rodriguez8129@example.com,engineering,Mobile Team,Ship the new mobile app
Ivan Martinez,ivan.martinez8130@example.com,support,Platform Team,Rebuild the customer portal
Frank Miller,frank.miller8131@example.com,sales,Growth Team,Expand into new markets
Carol Anderson,carol.anderson8132@example.com,sales,Data Team,Build the analytics pipeline
Diana Lopez,diana.lopez8133@example.com,sales,Mobile Team,Ship the new mobile app
Eve Ramirez,eve.ramirez8134@example.com,engineering,Mobile Team,Ship the new mobile app
Dave Moore,dave.moore8135@example.com,engineering,Mobile Team,Ship the new mobile app
Peggy Harris,peggy.harris8136@example.com,sales,Growth Team,Expand into new markets
Grace Williams,grace.williams8137@example.com,support,Data Team,Build the analytics pipeline
Carlos Lee,carlos.lee8138@example.com,support,Mobile Team,Ship the new mobile app
Uma Hernandez,uma.hernandez8139@example.com,support,Data Team,Build the analytics pipeline
Yolanda Garcia,yolanda.garcia8140@example.com,sales,Growth Team,Expand into new markets
Victor Anderson,victor.anderson8141@example.com,sales,Mobile Team,Ship the new mobile app
Zach Williams,zach.williams8142@example.com,support,Data Team,Build the analytics pipeline
Bob Smith,bob.smith8143@example.com,support,Growth Team,Expand into new markets
Kevin Smith,kevin.smith8144@example.com,support,Growth Team,Expand into new markets
Zach Hernandez,zach.hernandez8145@example.com,engineering,Data Team,Build the analytics pipeline
Xavier White,xavier.white8146@example.com,sales,Growth Team,Expand into new markets
Yolanda Martinez,yolanda.martinez8147@example.com,support,Data Team,Build the analytics pipeline
Mallory Thomas,mallory.thomas8148@example.com,engineering,Growth Team,Expand into new markets
Ruth Robinson,ruth.robinson8149@example.com,support,Growth Team,Expand into new markets
Alice Martinez,alice.martinez8150@example.com,engineering,Mobile Team,Ship the new mobile app
Heidi Williams,heidi.williams8151@example.com,sales,Data Team,Build the analytics pipeline
Ivan Gonzalez,ivan.gonzalez8152@example.com,sales,Platform Team,Rebuild the customer portal
Victor Thomas,victor.thomas8153@example.com,support,Data Team,Build the analytics pipeline
Amir Miller,amir.miller8154@example.com,sales,Growth Team,Expand into new markets
Carol Brown,carol.brown8155@example.com,support,Data Team,Build the analytics pipeline
Zach Jackson,zach.jackson8156@example.com,support,Mobile Team,Ship the new mobile app
Quentin Anderson,quentin.anderson8157@example.com,engineering,Data Team,Build the analytics pipeline
Carol Jones,carol.jones8158@example.com,sales,Platform Team,Rebuild the customer portal
Alice Jackson,alice.jackson8159@example.com,sales,Data Team,Build the analytics pipeline
Heidi Anderson,heidi.anderson8160@example.com,support,Mobile Team,Ship the new mobile app
Niaj Wilson,niaj.wilson8161@example.com,support,Platform Team,Rebuild the customer portal
Grace Johnson,grace.johnson8162@example.com,support,Data Team,Build the analytics pipeline
Bob Johnson,bob.johnson8163@example.com,support,Platform Team,Rebuild the customer portal
Wendy Moore,wendy.moore8164@example.com,engineering,Mobile Team,Ship the new mobile app
Carol Martinez,carol.martinez8165@example.com,support,Growth Team,Expand into new markets
Carol Hernandez,carol.hernandez8166@example.com,engineering,Platform Team,Rebuild the customer portal
Ivan Davis,ivan.davis8167@example.com,sales,Mobile Team,Ship the new mobile app
Ruth Wilson,ruth.wilson8168@example.com,support,Growth Team,Expand into new markets
Dave Sanchez,dave.sanchez8169@example.com,sales,Platform Team,Rebuild the customer portal
Zach Moore,zach.moore8170@example.com,support,Platform Team,Rebuild the customer portal
Olivia Brown,olivia.brown8171@example.com,support,Platform Team,Rebuild the customer portal
Victor Gonzalez,victor.gonzalez8172@example.com,sales,Data Team,Build the analytics pipeline
Judy Jones,judy.jones8173@example.com,sales,Data Team,Build the analytics pipeline
Amir Johnson,amir.johnson8174@example.com,support,Mobile Team,Ship the new mobile app
Ruth Lee,ruth.lee8175@example.com,engineering,Platform Team,Rebuild the customer portal
Bianca Wilson,bianca.wilson8176@example.com,engineering,Growth Team,Expand into new markets
Diana Sanchez,diana.sanchez8177@example.com,sales,Platform Team,Rebuild the customer portal
Ivan Garcia,ivan.garcia8178@example.com,engineering,Growth Team,Expand into new markets
Mallory Johnson,mallory.johnson8179@example.com,engineering,Platform Team,Rebuild the customer portal
Grace Johnson,grace.johnson8180@example.com,support,Growth Team,Expand into new markets
Niaj Ramirez,niaj.ramirez8181@example.com,support,Data Team,Build the analytics pipeline
Wendy Hernandez,wendy.hernandez8182@example.com,support,Platform Team,Rebuild the customer portal
Kevin Robinson,kevin.robinson8183@example.com,engineering,Growth Team,Expand into new markets
Judy White,judy.white8184@example.com,engineering,Platform Team,Rebuild the customer portal
Judy Sanchez,judy.sanchez8185@example.com,engineering,Growth Team,Expand into new markets
Mallory Wilson,mallory.wilson8186@example.com,engineering,Mobile Team,Ship the new mobile app
Dave Hernandez,dave.hernandez8187@example.com,sales,Platform Team,Rebuild the customer portal
Kevin White,kevin.white8188@example.com,engineering,Growth Team,Expand into new markets
Dave Ramirez,dave.ramirez8189@example.com,sales,Mobile Team,Ship the new mobile app
Carlos Davis,carlos.davis8190@example.com,support,Growth Team,Expand into new markets
Quentin Jones,quentin.jones8191@example.com,engineering,Growth Team,Expand into new markets
Bianca Jones,bianca.jones8192@example.com,engineering,Data Team,Build the analytics pipeline
Bob Hernandez,bob.hernandez8193@example.com,support,Growth Team,Expand into new markets
Eve Garcia,eve.garcia8194@example.com,engineering,Growth Team,Expand into new markets
Laura Gonzalez,laura.gonzalez8195@example.com,support,Growth Team,Expand into new markets
Alice Brown,alice.brown8196@example.com,engineering,Platform Team,Rebuild the customer portal
Dave Harris,dave.harris8197@example.com,sales,Growth Team,Expand into new markets
Ruth Martinez,ruth.martinez8198@example.com,engineering,Growth Team,Expand into new markets
Sybil Brown,sybil.brown8199@example.com,engineering,Growth Team,Expand into new markets
Uma Garcia,uma.garcia8200@example.com,engineering,Data Team,Build the analytics pipeline
Quentin Gonzalez,quentin.gonzalez8201@example.com,engineering,Platform Team,Rebuild the customer portal
Frank Davis,frank.davis8202@example.com,sales,Data Team,Build the analytics pipeline
Amir Ramirez,amir.ramirez8203@example.com,support,Mobile Team,Ship the new mobile app
Judy Hernandez,judy.hernandez8204@example.com,engineering,Growth Team,Expand into new markets
Judy Garcia,judy.garcia8205@example.com,sales,Mobile Team,Ship the new mobile app
Yolanda Sanchez,yolanda.sanchez8206@example.com,support,Data Team,Build the analytics pipeline
Olivia Wilson,olivia.wilson8207@example.com,engineering,Platform Team,Rebuild the customer portal
Ivan Jackson,ivan.jackson8208@example.com,sales,Mobile Team,Ship the new mobile app
Grace Rodriguez,grace.rodriguez8209@example.com,support,Growth Team,Expand into new markets
Bob White,bob.white8210@example.com,engineering,Data Team,Build the analytics pipeline
Niaj Harris,niaj.harris8211@example.com,support,Mobile Team,Ship the new mobile app
Victor Thomas,victor.thomas8212@example.com,sales,Growth Team,Expand into new markets
Victor Jackson,victor.jackson8213@example.com,engineering,Data Team,Build the analytics pipeline
Trent Thomas,trent.thomas8214@example.com,sales,Growth Team,Expand into new markets
Mallory Clark,mallory.clark8215@example.com,sales,Platform Team,Rebuild the customer portal
Wendy Garcia,wendy.garcia8216@example.com,sales,Mobile Team,Ship the new mobile app
Laura Clark,laura.clark8217@example.com,support,Data Team,Build the analytics pipeline
Bianca Williams,bianca.williams8218@example.com,sales,Data Team,Build the analytics pipeline
Yolanda Lewis,yolanda.lewis8219@example.com,engineering,Mobile Team,Ship the new mobile app
Laura Sanchez,laura.sanchez8220@example.com,support,Growth Team,Expand into new markets
Quentin Johnson,quentin.johnson8221@example.com,sales,Mobile Team,Ship the new mobile app
Judy Brown,judy.brown8222@example.com,sales,Data Team,Build the analytics pipeline
Zach Lopez,zach.lopez8223@example.com,engineering,Growth Team,Expand into new markets
Mallory Ramirez,mallory.ramirez8224@example.com,engineering,Data Team,Build the analytics pipeline
Judy Lewis,judy.lewis8225@example.com,sales,Mobile Team,Ship the new mobile app
Diana Harris,diana.harris8226@example.com,sales,Mobile Team,Ship the new mobile app
Xavier Hernandez,xavier.hernandez8227@example.com,sales,Growth Team,Expand into new markets
Grace Moore,grace.moore8228@example.com,engineering,Mobile Team,Ship the new mobile app
Yolanda Lee,yolanda.lee8229@example.com,support,Data Team,Build the analytics pipeline
Heidi Jones,heidi.jones8230@example.com,engineering,Data Team,Build the analytics pipeline
Carlos Robinson,carlos.robinson8231@example.com,sales,Mobile Team,Ship the new mobile app
Diana Jackson,diana.jackson8232@example.com,sales,Growth Team,Expand into new markets
Dave Hernandez,dave.hernandez8233@example.com,engineering,Mobile Team,Ship the new mobile app
Frank Lee,frank.lee8234@example.com,support,Mobile Team,Ship the new mobile app
Wendy Robinson,wendy.robinson8235@example.com,engineering,Mobile Team,Ship the new mobile app
Xavier Lee,xavier.lee8236@example.com,sales,Growth Team,Expand into new markets
Ivan Miller,ivan.miller8237@example.com,sales,Data Team,Build the analytics pipeline
Ruth Hernandez,ruth.hernandez8238@example.com,engineering,Mobile Team,Ship the new mobile app
Victor Jackson,victor.jackson8239@example.com,sales,Platform Team,Rebuild the customer portal
Zach Brown,zach.brown8240@example.com,support,Mobile Team,Ship the new mobile app
Ruth Jones,ruth.jones8241@example.com,support,Data Team,Build the analytics pipeline
Peggy Jackson,peggy.jackson8242@example.com,support,Growth Team,Expand into new markets
Trent Harris,trent.harris8243@example.com,sales,Platform Team,Rebuild the customer portal
Dave Lopez,dave.lopez8244@example.com,support,Growth Team,Expand into new markets
Quentin Williams,quentin.williams8245@example.com,sales,Platform Team,Rebuild the customer portal
Carlos Sanchez,carlos.sanchez8246@example.com,support,Growth Team,Expand into new markets
Olivia Williams,olivia.williams8247@example.com,engineering,Platform Team,Rebuild the customer portal
Alice Thomas,alice.thomas8248@example.com,sales,Growth Team,Expand into new markets
Eve Gonzalez,eve.gonzalez8249@example.com,sales,Platform Team,Rebuild the customer portal
Wendy Garcia,wendy.garcia8250@example.com,engineering,Platform Team,Rebuild the customer portal
Ivan Moore,ivan.moore8251@example.com,sales,Mobile Team,Ship the new mobile app
Ruth Lewis,ruth.lewis8252@example.com,support,Platform Team,Rebuild the customer portal
Carlos Jones,carlos.jones8253@example.com,support,Mobile Team,Ship the new mobile app
Ivan Jackson,ivan.jackson8254@example.com,engineering,Growth Team,Expand into new markets
Eve Brown,eve.brown8255@example.com,sales,Data Team,Build the analytics pipeline
Zach Miller,zach.miller8256@example.com,sales,Data Team,Build the analytics pipeline
Mallory Garcia,mallory.garcia8257@example.com,support,Data Team,Build the analytics pipeline
Ivan Clark,ivan.clark8258@example.com,support,Growth Team,Expand into new markets
Sybil Clark,sybil.clark8259@example.com,sales,Growth Team,Expand into new markets
Amir Thompson,amir.thompson8260@example.com,sales,Data Team,Build the analytics pipeline
Yolanda Gonzalez,yolanda.gonzalez8261@example.com,engineering,Growth Team,Expand into new markets
Trent Brown,trent.brown8262@example.com,engineering,Mobile Team,Ship the new mobile app
Xavier Robinson,xavier.robinson8263@example.com,engineering,Data Team,Build the analytics pipeline
Grace Gonzalez,grace.gonzalez8264@example.com,support,Data Team,Build the analytics pipeline
Bianca Perez,bianca.perez8265@example.com,support,Platform Team,Rebuild the customer portal
Dave Garcia,dave.garcia8266@example.com,support,Mobile Team,Ship the new mobile app
Diana Gonzalez,diana.gonzalez8267@example.com,support,Data Team,Build the analytics pipeline
Olivia Williams,olivia.williams8268@example.com,sales,Mobile Team,Ship the new mobile app
Victor Smith,victor.smith8269@example.com,support,Mobile Team,Ship the new mobile app
Carlos Moore,carlos.moore8270@example.com,engineering,Growth Team,Expand into new markets
Kevin Davis,kevin.davis8271@example.com,engineering,Platform Team,Rebuild the customer portal
Dave Gonzalez,dave.gonzalez8272@example.com,engineering,Platform Team,Rebuild the customer portal
Laura Sanchez,laura.sanchez8273@example.com,engineering,Platform Team,Rebuild the customer portal
Mallory Harris,mallory.harris8274@example.com,support,Growth Team,Expand into new markets
Trent Rodriguez,trent.rodriguez8275@example.com,engineering,Platform Team,Rebuild the customer portal
Grace Davis,grace.davis8276@example.com,sales,Growth Team,Expand into new markets
Ivan Miller,ivan.miller8277@example.com,support,Mobile Team,Ship the new mobile app
Niaj Clark,niaj.clark8278@example.com,support,Mobile Team,Ship the new mobile app
Zach Miller,zach.miller8279@example.com,support,Data Team,Build the analytics pipeline
Zach Brown,zach.brown8280@example.com,engineering,Data Team,Build the analytics pipeline
Amir Jackson,amir.jackson8281@example.com,engineering,Data Team,Build the analytics pipeline
Xavier Johnson,xavier.johnson8282@example.com,sales,Platform Team,Rebuild the customer portal
Peggy Martin,peggy.martin8283@example.com,engineering,Growth Team,Expand into new markets
Carol Rodriguez,carol.rodriguez8284@example.com,engineering,Platform Team,Rebuild the customer portal
Mallory Smith,mallory.smith8285@example.com,support,Data Team,Build the analytics pipeline
Uma Thompson,uma.thompson8286@example.com,engineering,Platform Team,Rebuild the customer portal
Bob Ramirez,bob.ramirez8287@example.com,support,Data Team,Build the analytics pipeline
Carlos Robinson,carlos.robinson8288@example.com,engineering,Growth Team,Expand into new markets
Eve Taylor,eve.taylor8289@example.com,sales,Mobile Team,Ship the new mobile app
Diana Brown,diana.brown8290@example.com,support,Mobile Team,Ship the new mobile app
Bob White,bob.white8291@example.com,support,Platform Team,Rebuild the customer portal
Trent Johnson,trent.johnson8292@example.com,sales,Growth Team,Expand into new markets
Eve Brown,eve.brown8293@example.com,sales,Growth Team,Expand into new markets
Quentin Lewis,quentin.lewis8294@example.com,sales,Data Team,Build the analytics pipeline
Ruth Rodriguez,ruth.rodriguez8295@example.com,engineering,Growth Team,Expand into new markets
Grace Hernandez,grace.hernandez8296@example.com,engineering,Growth Team,Expand into new markets
Niaj Johnson,niaj.johnson8297@example.com,support,Mobile Team,Ship the new mobile app
Victor Brown,victor.brown8298@example.com,support,Mobile Team,Ship the new mobile app
Dave Miller,dave.miller8299@example.com,engineering,Mobile Team,Ship the new mobile app
Carol Hernandez,carol.hernandez8300@example.com,engineering,Mobile Team,Ship the new mobile app
Bianca Thompson,bianca.thompson8301@example.com,sales,Platform Team,Rebuild the customer portal
Dave Miller,dave.miller8302@example.com,support,Growth Team,Expand into new markets
Dave Jackson,dave.jackson8303@example.com,engineering,Data Team,Build the analytics pipeline
Eve Martinez,eve.martinez8304@example.com,support,Mobile Team,Ship the new mobile app
Bianca Smith,bianca.smith8305@example.com,support,Growth Team,Expand into new markets
Ruth Sanchez,ruth.sanchez8306@example.com,sales,Platform Team,Rebuild the customer portal
Carol Brown,carol.brown8307@example.com,support,Growth Team,Expand into new markets
Olivia Ramirez,olivia.ramirez8308@example.com,sales,Data Team,Build the analytics pipeline
Eve Robinson,eve.robinson8309@example.com,support,Mobile Team,Ship the new mobile app
Carol Harris,carol.harris8310@example.com,sales,Growth Team,Expand into new markets
Peggy Ramirez,peggy.ramirez8311@example.com,sales,Data Team,Build the analytics pipeline
Mallory Martinez,mallory.martinez8312@example.com,engineering,Mobile Team,Ship the new mobile app
Trent Williams,trent.williams8313@example.com,support,Growth Team,Expand into new markets
Zach Williams,zach.williams8314@example.com,support,Platform Team,Rebuild the customer portal
Peggy Martinez,peggy.martinez8315@example.com,support,Platform Team,Rebuild the customer portal
Mallory Brown,mallory.brown8316@example.com,engineering,Data Team,Build the analytics pipeline
Heidi Lee,heidi.lee8317@example.com,engineering,Growth Team,Expand into new markets
Laura Martinez,laura.martinez8318@example.com,engineering,Platform Team,Rebuild the customer portal
Wendy Davis,wendy.davis8319@example.com,sales,Platform Team,Rebuild the customer portal
Grace Hernandez,grace.hernandez8320@example.com,sales,Platform Team,Rebuild the customer portal
Trent Perez,trent.perez8321@example.com,support,Mobile Team,Ship the new mobile app
Frank Gonzalez,frank.gonzalez8322@example.com,sales,Platform Team,Rebuild the customer portal
Ruth Rodriguez,ruth.rodriguez8323@example.com,sales,Data Team,Build the analytics pipeline
Frank Hernandez,frank.hernandez8324@example.com,support,Growth Team,Expand into new markets
Peggy White,peggy.white8325@example.com,engineering,Data Team,Build the analytics pipeline
Alice Jones,alice.jones8326@example.com,sales,Data Team,Build the analytics pipeline
Peggy White,peggy.white8327@example.com,support,Platform Team,Rebuild the customer portal
Olivia Jackson,olivia.jackson8328@example.com,support,Data Team,Build the analytics pipeline
Quentin Robinson,quentin.robinson8329@example.com,sales,Data Team,Build the analytics pipeline
Mallory Martin,mallory.martin8330@example.com,support,Data Team,Build the analytics pipeline
Sybil Martin,sybil.martin8331@example.com,engineering,Growth Team,Expand into new markets
Alice Lopez,alice.lopez8332@example.com,support,Platform Team,Rebuild the customer portal
Uma Thompson,uma.thompson8333@example.com,sales,Data Team,Build the analytics pipeline
Olivia Lopez,olivia.lopez8334@example.com,engineering,Mobile Team,Ship the new mobile app
Laura Lopez,laura.lopez8335@example.com,engineering,Data Team,Build the analytics pipeline
Bianca Garcia,bianca.garcia8336@example.com,support,Mobile Team,Ship the new mobile app
Xavier Williams,xavier.williams8337@example.com,engineering,Mobile Team,Ship the new mobile app
Mallory Gonzalez,mallory.gonzalez8338@example.com,support,Growth Team,Expand into new markets
Laura Gonzalez,laura.gonzalez8339@example.com,engineering,Data Team,Build the analytics pipeline
Ivan Gonzalez,ivan.gonzalez8340@example.com,sales,Platform Team,Rebuild the customer portal
Alice Perez,alice.perez8341@example.com,engineering,Platform Team,Rebuild the customer portal
Judy Ramirez,judy.ramirez8342@example.com,engineering,Data Team,Build the analytics pipeline
Amir Davis,amir.davis8343@example.com,sales,Platform Team,Rebuild the customer portal
Quentin Lee,quentin.lee8344@example.com,engineering,Mobile Team,Ship the new mobile app
Ivan Johnson,ivan.johnson8345@example.com,engineering,Mobile Team,Ship the new mobile app
Carlos Smith,carlos.smith8346@example.com,support,Platform Team,Rebuild the customer portal
Amir Wilson,amir.wilson8347@example.com,support,Mobile Team,Ship the new mobile app
Trent Johnson,trent.johnson8348@example.com,engineering,Data Team,Build the analytics pipeline
Peggy Jones,peggy.jones8349@example.com,engineering,Growth Team,Expand into new markets
Peggy Wilson,peggy.wilson8350@example.com,engineering,Growth Team,Expand into new markets
Quentin White,quentin.white8351@example.com,engineering,Platform Team,Rebuild the customer portal
Laura Ramirez,laura.ramirez8352@example.com,engineering,Growth Team,Expand into new markets
Heidi Jones,heidi.jones8353@example.com,engineering,Growth Team,Expand into new markets
Frank Moore,frank.moore8354@example.com,sales,Growth Team,Expand into new markets
Alice Moore,alice.moore8355@example.com,sales,Data Team,Build the analytics pipeline
Kevin Ramirez,kevin.ramirez8356@example.com,support,Growth Team,Expand into new markets
Grace Lopez,grace.lopez8357@example.com,engineering,Data Team,Build the analytics pipeline
Alice Rodriguez,alice.rodriguez8358@example.com,engineering,Platform Team,Rebuild the customer portal
Xavier Harris,xavier.harris8359@example.com,sales,Data Team,Build the analytics pipeline
Trent Sanchez,trent.sanchez8360@example.com,engineering,Platform Team,Rebuild the customer portal
Laura Lewis,laura.lewis8361@example.com,support,Platform Team,Rebuild the customer portal
Dave Robinson,dave.robinson8362@example.com,sales,Growth Team,Expand into new markets
Victor Smith,victor.smith8363@example.com,engineering,Data Team,Build the analytics pipeline
Kevin Harris,kevin.harris8364@example.com,engineering,Mobile Team,Ship the new mobile app
Frank Harris,frank.harris8365@example.com,engineering,Growth Team,Expand into new markets
Zach Robinson,zach.robinson8366@example.com,sales,Mobile Team,Ship the new mobile app
Dave Lee,dave.lee8367@example.com,sales,Data Team,Build the analytics pipeline
Ruth Johnson,ruth.johnson8368@example.com,support,Mobile Team,Ship the new mobile app
Heidi Smith,heidi.smith8369@example.com,support,Growth Team,Expand into new markets
Alice Ramirez,alice.ramirez8370@example.com,engineering,Platform Team,Rebuild the customer portal
Carlos Martinez,carlos.martinez8371@example.com,support,Platform Team,Rebuild the customer portal
Judy Robinson,judy.robinson8372@example.com,engineering,Data Team,Build the analytics pipeline
Judy Williams,judy.williams8373@example.com,engineering,Data Team,Build the analytics pipeline
Zach Harris,zach.harris8374@example.com,support,Platform Team,Rebuild the customer portal
Ivan Martinez,ivan.martinez8375@example.com,support,Mobile Team,Ship the new mobile app
Niaj Sanchez,niaj.sanchez8376@example.com,sales,Mobile Team,Ship the new mobile app
Xavier Lewis,xavier.lewis8377@example.com,support,Growth Team,Expand into new markets
Bob Garcia,bob.garcia8378@example.com,support,Platform Team,Rebuild the customer portal
Quentin Perez,quentin.perez8379@example.com,engineering,Growth Team,Expand into new markets
Mallory Davis,mallory.davis8380@example.com,sales,Data Team,Build the analytics pipeline
Diana Moore,diana.moore8381@example.com,support,Platform Team,Rebuild the customer portal
Heidi Anderson,heidi.anderson8382@example.com,support,Platform Team,Rebuild the customer portal
Eve Brown,eve.brown8383@example.com,support,Growth Team,Expand into new markets
Trent White,trent.white8384@example.com,sales,Mobile Team,Ship the new mobile app
Diana Robinson,diana.robinson8385@example.com,support,Growth Team,Expand into new markets
Mallory Martin,mallory.martin8386@example.com,sales,Platform Team,Rebuild the customer portal
Amir Hernandez,amir.hernandez8387@example.com,sales,Data Team,Build the analytics pipeline
Diana Thomas,diana.thomas8388@example.com,support,Data Team,Build the analytics pipeline
Sybil Martinez,sybil.martinez8389@example.com,support,Platform Team,Rebuild the customer portal
Yolanda Rodriguez,yolanda.rodriguez8390@example.com,support,Growth Team,Expand into new markets
Carlos White,carlos.white8391@example.com,sales,Platform Team,Rebuild the customer portal
Trent Wilson,trent.wilson8392@example.com,support,Platform Team,Rebuild the customer portal
Judy Lopez,judy.lopez8393@example.com,support,Growth Team,Expand into new markets
Trent Sanchez,trent.sanchez8394@example.com,engineering,Mobile Team,Ship the new mobile app
Mallory Williams,mallory.williams8395@example.com,sales,Platform Team,Rebuild the customer portal
Kevin Wilson,kevin.wilson8396@example.com,engineering,Mobile Team,Ship the new mobile app
Heidi Anderson,heidi.anderson8397@example.com,sales,Data Team,Build the analytics pipeline
Olivia Lewis,olivia.lewis8398@example.com,engineering,Platform Team,Rebuild the customer portal
Mallory Hernandez,mallory.hernandez8399@example.com,sales,Growth Team,Expand into new markets
Niaj Williams,niaj.williams8400@example.com,sales,Growth Team,Expand into new markets
Victor Moore,victor.moore8401@example.com,sales,Platform Team,Rebuild the customer portal
Sybil Lewis,sybil.lewis8402@example.com,engineering,Platform Team,Rebuild the customer portal
Laura Davis,laura.davis8403@example.com,support,Platform Team,Rebuild the customer portal
Ivan Miller,ivan.miller8404@example.com,support,Mobile Team,Ship the new mobile app
Mallory Martin,mallory.martin8405@example.com,support,Growth Team,Expand into new markets
Trent Ramirez,trent.ramirez8406@example.com,sales,Mobile Team,Ship the new mobile app
Ivan Martinez,ivan.martinez8407@example.com,sales,Mobile Team,Ship the new mobile app
Bianca Robinson,bianca.robinson8408@example.com,sales,Growth Team,Expand into new markets
Zach Lewis,zach.lewis8409@example.com,support,Platform Team,Rebuild the customer portal
Judy Perez,judy.perez8410@example.com,engineering,Growth Team,Expand into new markets
Xavier Jones,xavier.jones8411@example.com,engineering,Data Team,Build the analytics pipeline
Grace Martinez,grace.martinez8412@example.com,engineering,Platform Team,Rebuild the customer portal
Ivan Williams,ivan.williams8413@example.com,support,Mobile Team,Ship the new mobile app
Eve Martinez,eve.martinez8414@example.com,support,Platform Team,Rebuild the customer portal
Kevin Hernandez,kevin.hernandez8415@example.com,sales,Growth Team,Expand into new markets
Trent Brown,trent.brown8416@example.com,support,Data Team,Build the analytics pipeline
Kevin Hernandez,kevin.hernandez8417@example.com,sales,Mobile Team,Ship the new mobile app
Bianca Jackson,bianca.jackson8418@example.com,sales,Platform Team,Rebuild the customer portal
Frank Clark,frank.clark8419@example.com,support,Mobile Team,Ship the new mobile app
Zach Gonzalez,zach.gonzalez8420@example.com,engineering,Platform Team,Rebuild the customer portal
Ivan Garcia,ivan.garcia8421@example.com,sales,Data Team,Build the analytics pipeline
Bob Davis,bob.davis8422@example.com,engineering,Growth Team,Expand into new markets
Victor Jones,victor.jones8423@example.com,support,Data Team,Build the analytics pipeline
Trent Martinez,trent.martinez8424@example.com,engineering,Data Team,Build the analytics pipeline
Diana Davis,diana.davis8425@example.com,sales,Platform Team,Rebuild the customer portal
Uma Moore,uma.moore8426@example.com,support,Growth Team,Expand into new markets
Mallory Davis,mallory.davis8427@example.com,sales,Platform Team,Rebuild the customer portal
Alice Robinson,alice.robinson8428@example.com,support,Growth Team,Expand into new markets
Niaj Gonzalez,niaj.gonzalez8429@example.com,support,Growth Team,Expand into new markets
Trent Martin,trent.martin8430@example.com,sales,Platform Team,Rebuild the customer portal
Frank Brown,frank.brown8431@example.com,sales,Mobile Team,Ship the new mobile app
Frank Martin,frank.martin8432@example.com,engineering,Growth Team,Expand into new markets
Alice Martinez,alice.martinez8433@example.com,sales,Platform Team,Rebuild the customer portal
Olivia Moore,olivia.moore8434@example.com,engineering,Growth Team,Expand into new markets
Laura Perez,laura.perez8435@example.com,support,Growth Team,Expand into new markets
Frank Lewis,frank.lewis8436@example.com,sales,Mobile Team,Ship the new mobile app
Trent Miller,trent.miller8437@example.com,engineering,Mobile Team,Ship the new mobile app
Mallory Davis,mallory.davis8438@example.com,sales,Growth Team,Expand into new markets
Yolanda Johnson,yolanda.johnson8439@example.com,engineering,Growth Team,Expand into new markets
Amir Davis,amir.davis8440@example.com,support,Growth Team,Expand into new markets
Bob Martinez,bob.martinez8441@example.com,engineering,Data Team,Build the analytics pipeline
Frank Jones,frank.jones8442@example.com,sales,Platform Team,Rebuild the customer portal
Dave Perez,dave.perez8443@example.com,engineering,Platform Team,Rebuild the customer portal
Sybil Davis,sybil.davis8444@example.com,engineering,Growth Team,Expand into new markets
Laura Martin,laura.martin8445@example.com,sales,Growth Team,Expand into new markets
Trent Thomas,trent.thomas8446@example.com,support,Platform Team,Rebuild the customer portal
Bob Smith,bob.smith8447@example.com,support,Platform Team,Rebuild the customer portal
Alice Garcia,alice.garcia8448@example.com,sales,Data Team,Build the analytics pipeline
Dave Gonzalez,dave.gonzalez8449@example.com,engineering,Growth Team,Expand into new markets
Amir Hernandez,amir.hernandez8450@example.com,support,Mobile Team,Ship the new mobile app
Wendy Perez,wendy.perez8451@example.com,support,Data Team,Build the analytics pipeline
Peggy Williams,peggy.williams8452@example.com,sales,Data Team,Build the analytics pipeline
Trent Martinez,trent.martinez8453@example.com,support,Platform Team,Rebuild the customer portal
Olivia Jackson,olivia.jackson8454@example.com,engineering,Growth Team,Expand into new markets
Alice Martinez,alice.martinez8455@example.com,support,Data Team,Build the analytics pipeline
Zach Miller,zach.miller8456@example.com,support,Growth Team,Expand into new markets
Heidi Williams,heidi.williams8457@example.com,support,Mobile Team,Ship the new mobile app
Uma Anderson,uma.anderson8458@example.com,support,Mobile Team,Ship the new mobile app
Yolanda Williams,yolanda.williams8459@example.com,sales,Data Team,Build the analytics pipeline
Mallory Martinez,mallory.martinez8460@example.com,support,Mobile Team,Ship the new mobile app
Judy Clark,judy.clark8461@example.com,sales,Growth Team,Expand into new markets
Alice Sanchez,alice.sanchez8462@example.com,support,Platform Team,Rebuild the customer portal
Judy Harris,judy.harris8463@example.com,engineering,Data Team,Build the analytics pipeline
Victor Martin,victor.martin8464@example.com,engineering,Platform Team,Rebuild the customer portal
Victor Anderson,victor.anderson8465@example.com,sales,Mobile Team,Ship the new mobile app
Niaj Thompson,niaj.thompson8466@example.com,sales,Mobile Team,Ship the new mobile app
Bob Lopez,bob.lopez8467@example.com,support,Growth Team,Expand into new markets
Peggy Lee,peggy.lee8468@example.com,engineering,Mobile Team,Ship the new mobile app
Eve Smith,eve.smith8469@example.com,support,Growth Team,Expand into new markets
Carol Clark,carol.clark8470@example.com,sales,Data Team,Build the analytics pipeline
Ruth Johnson,ruth.johnson8471@example.com,support,Mobile Team,Ship the new mobile app
Carol Sanchez,carol.sanchez8472@example.com,engineering,Platform Team,Rebuild the customer portal
Eve Davis,eve.davis8473@example.com,support,Platform Team,Rebuild the customer portal
Dave Gonzalez,dave.gonzalez8474@example.com,support,Mobile Team,Ship the new mobile app
Ruth Perez,ruth.perez8475@example.com,engineering,Mobile Team,Ship the new mobile app
Mallory Lee,mallory.lee8476@example.com,support,Mobile Team,Ship the new mobile app
Niaj Miller,niaj.miller8477@example.com,engineering,Data Team,Build the analytics pipeline
Eve Jones,eve.jones8478@example.com,support,Growth Team,Expand into new markets
Peggy Brown,peggy.brown8479@example.com,support,Data Team,Build the analytics pipeline
Eve Williams,eve.williams8480@example.com,sales,Growth Team,Expand into new markets
Amir Lee,amir.lee8481@example.com,support,Data Team,Build the analytics pipeline
Quentin Lopez,quentin.lopez8482@example.com,engineering,Mobile Team,Ship the new mobile app
Diana Thomas,diana.thomas8483@example.com,engineering,Platform Team,Rebuild the customer portal
Judy Ramirez,judy.ramirez8484@example.com,support,Growth Team,Expand into new markets
Judy Miller,judy.miller8485@example.com,engineering,Platform Team,Rebuild the customer portal
Alice White,alice.white8486@example.com,sales,Growth Team,Expand into new markets
Amir Hernandez,amir.hernandez8487@example.com,support,Growth Team,Expand into new markets
Yolanda Moore,yolanda.moore8488@example.com,engineering,Growth Team,Expand into new markets
Wendy Thompson,wendy.thompson8489@example.com,engineering,Platform Team,Rebuild the customer portal
Eve Rodriguez,eve.rodriguez8490@example.com,sales,Mobile Team,Ship the new mobile app
Trent Perez,trent.perez8491@example.com,sales,Mobile Team,Ship the new mobile app
Trent Miller,trent.miller8492@example.com,sales,Growth Team,Expand into new markets
Yolanda Moore,yolanda.moore8493@example.com,engineering,Data Team,Build the analytics pipeline
Peggy Perez,peggy.perez8494@example.com,support,Growth Team,Expand into new markets
Peggy Wilson,peggy.wilson8495@example.com,support,Data Team,Build the analytics pipeline
Carol Lewis,carol.lewis8496@example.com,engineering,Data Team,Build the analytics pipeline
Diana Taylor,diana.taylor8497@example.com,engineering,Growth Team,Expand into new markets
Dave Brown,dave.brown8498@example.com,support,Data Team,Build the analytics pipeline
Bianca Smith,bianca.smith8499@example.com,sales,Mobile Team,Ship the new mobile app
Frank Thompson,frank.thompson8500@example.com,sales,Mobile Team,Ship the new mobile app
Judy Garcia,judy.garcia8501@example.com,sales,Mobile Team,Ship the new mobile app
Bianca Sanchez,bianca.sanchez8502@example.com,sales,Growth Team,Expand into new markets
Carol Sanchez,carol.sanchez8503@example.com,sales,Growth Team,Expand into new markets
Frank Rodriguez,frank.rodriguez8504@example.com,sales,Data Team,Build the analytics pipeline
Heidi Sanchez,heidi.sanchez8505@example.com,sales,Growth Team,Expand into new markets
Amir Lopez,amir.lopez8506@example.com,sales,Mobile Team,Ship the new mobile app
Diana Harris,diana.harris8507@example.com,support,Mobile Team,Ship the new mobile app
Peggy Wilson,peggy.wilson8508@example.com,support,Data Team,Build the analytics pipeline
Olivia Taylor,olivia.taylor8509@example.com,support,Data Team,Build the analytics pipeline
Niaj Garcia,niaj.garcia8510@example.com,sales,Growth Team,Expand into new markets
Amir Sanchez,amir.sanchez8511@example.com,support,Data Team,Build the analytics pipeline
Laura Clark,laura.clark8512@example.com,engineering,Platform Team,Rebuild the customer portal
Judy Wilson,judy.wilson8513@example.com,sales,Growth Team,Expand into new markets
Alice Wilson,alice.wilson8514@example.com,support,Growth Team,Expand into new markets
Niaj Hernandez,niaj.hernandez8515@example.com,support,Mobile Team,Ship the new mobile app
Diana Hernandez,diana.hernandez8516@example.com,engineering,Platform Team,Rebuild the customer portal
Amir Perez,amir.perez8517@example.com,sales,Platform Team,Rebuild the customer portal
Yolanda Jones,yolanda.jones8518@example.com,sales,Mobile Team,Ship the new mobile app
Wendy Thomas,wendy.thomas8519@example.com,support,Growth Team,Expand into new markets
Heidi White,heidi.white8520@example.com,support,Data Team,Build the analytics pipeline
Alice Martin,alice.martin8521@example.com,support,Mobile Team,Ship the new mobile app
Yolanda Miller,yolanda.miller8522@example.com,support,Data Team,Build the analytics pipeline
Carlos Rodriguez,carlos.rodriguez8523@example.com,engineering,Growth Team,Expand into new markets
Eve Jackson,eve.jackson8524@example.com,sales,Platform Team,Rebuild the customer portal
Niaj Ramirez,niaj.ramirez8525@example.com,engineering,Data Team,Build the analytics pipeline
Frank Jones,frank.jones8526@example.com,sales,Growth Team,Expand into new markets
Carlos Thomas,carlos.thomas8527@example.com,support,Mobile Team,Ship the new mobile app
Bianca Thompson,bianca.thompson8528@example.com,sales,Platform Team,Rebuild the customer portal
Diana Lopez,diana.lopez8529@example.com,support,Mobile Team,Ship the new mobile app
Sybil Anderson,sybil.anderson8530@example.com,sales,Growth Team,Expand into new markets
Dave Ramirez,dave.ramirez8531@example.com,support,Data Team,Build the analytics pipeline
Uma Johnson,uma.johnson8532@example.com,engineering,Mobile Team,Ship the new mobile app
Grace Davis,grace.davis8533@example.com,engineering,Growth Team,Expand into new markets
Judy Anderson,judy.anderson8534@example.com,engineering,Growth Team,Expand into new markets
Grace Anderson,grace.anderson8535@example.com,support,Growth Team,Expand into new markets
Bob Robinson,bob.robinson8536@example.com,sales,Data Team,Build the analytics pipeline
Carol Thompson,carol.thompson8537@example.com,sales,Mobile Team,Ship the new mobile app
Mallory Harris,mallory.harris8538@example.com,engineering,Mobile Team,Ship the new mobile app
Mallory Miller,mallory.miller8539@example.com,support,Mobile Team,Ship the new mobile app
Heidi Perez,heidi.perez8540@example.com,support,Growth Team,Expand into new markets
Niaj Miller,niaj.miller8541@example.com,engineering,Platform Team,Rebuild the customer portal
Carol Jones,carol.jones8542@example.com,engineering,Growth Team,Expand into new markets
Amir Clark,amir.clark8543@example.com,support,Platform Team,Rebuild the customer portal
Victor Taylor,victor.taylor8544@example.com,support,Data Team,Build the analytics pipeline
Diana Rodriguez,diana.rodriguez8545@example.com,sales,Growth Team,Expand into new markets
Amir Rodriguez,amir.rodriguez8546@example.com,engineering,Growth Team,Expand into new markets
Yolanda Miller,yolanda.miller8547@example.com,sales,Mobile Team,Ship the new mobile app
Victor Jackson,victor.jackson8548@example.com,engineering,Mobile Team,Ship the new mobile app
Zach Taylor,zach.taylor8549@example.com,support,Growth Team,Expand into new markets
Ruth Martin,ruth.martin8550@example.com,sales,Mobile Team,Ship the new mobile app
Xavier White,xavier.white8551@example.com,support,Platform Team,Rebuild the customer portal
Grace Gonzalez,grace.gonzalez8552@example.com,sales,Platform Team,Rebuild the customer portal
Uma Perez,uma.perez8553@example.com,support,Data Team,Build the analytics pipeline
Diana Martinez,diana.martinez8554@example.com,support,Mobile Team,Ship the new mobile app
Eve Smith,eve.smith8555@example.com,sales,Data Team,Build the analytics pipeline
Ivan Jackson,ivan.jackson8556@example.com,engineering,Platform Team,Rebuild the customer portal
Bianca Miller,bianca.miller8557@example.com,sales,Growth Team,Expand into new markets
Trent Lopez,trent.lopez8558@example.com,support,Platform Team,Rebuild the customer portal
Diana Miller,diana.miller8559@example.com,engineering,Data Team,Build the analytics pipeline
Amir Lee,amir.lee8560@example.com,engineering,Platform Team,Rebuild the customer portal
Dave Lewis,dave.lewis8561@example.com,sales,Data Team,Build the analytics pipeline
Mallory Brown,mallory.brown8562@example.com,sales,Mobile Team,Ship the new mobile app
Zach Lewis,zach.lewis8563@example.com,support,Platform Team,Rebuild the customer portal
Carlos Johnson,carlos.johnson8564@example.com,support,Growth Team,Expand into new markets
Xavier Taylor,xavier.taylor8565@example.com,sales,Platform Team,Rebuild the customer portal
Ivan Lee,ivan.lee8566@example.com,engineering,Platform Team,Rebuild the customer portal
Judy Johnson,judy.johnson8567@example.com,engineering,Data Team,Build the analytics pipeline
Carol Lopez,carol.lopez8568@example.com,sales,Mobile Team,Ship the new mobile app
Carlos Taylor,carlos.taylor8569@example.com,engineering,Data Team,Build the analytics pipeline
Victor Miller,victor.miller8570@example.com,engineering,Data Team,Build the analytics pipeline
Quentin Lee,quentin.lee8571@example.com,sales,Platform Team,Rebuild the customer portal
Quentin Lee,quentin.lee8572@example.com,sales,Growth Team,Expand into new markets
Judy Anderson,judy.anderson8573@example.com,sales,Data Team,Build the analytics pipeline
Quentin Johnson,quentin.johnson8574@example.com,engineering,Growth Team,Expand into new markets
Trent Lee,trent.lee8575@example.com,engineering,Platform Team,Rebuild the customer portal
Diana Gonzalez,diana.gonzalez8576@example.com,sales,Data Team,Build the analytics pipeline
Judy Anderson,judy.anderson8577@example.com,sales,Platform Team,Rebuild the customer portal
Amir Clark,amir.clark8578@example.com,support,Mobile Team,Ship the new mobile app
Ivan Johnson,ivan.johnson8579@example.com,support,Platform Team,Rebuild the customer portal
Bob Jones,bob.jones8580@example.com,support,Mobile Team,Ship the new mobile app
Dave Gonzalez,dave.gonzalez8581@example.com,sales,Growth Team,Expand into new markets
Wendy Brown,wendy.brown8582@example.com,engineering,Mobile Team,Ship the new mobile app
Dave Lopez,dave.lopez8583@example.com,sales,Mobile Team,Ship the new mobile app
Zach Taylor,zach.taylor8584@example.com,engineering,Mobile Team,Ship the new mobile app
Carol Jackson,carol.jackson8585@example.com,sales,Mobile Team,Ship the new mobile app
Olivia Lopez,olivia.lopez8586@example.com,support,Growth Team,Expand into new markets
Grace Garcia,grace.garcia8587@example.com,engineering,Mobile Team,Ship the new mobile app
Peggy Ramirez,peggy.ramirez8588@example.com,support,Platform Team,Rebuild the customer portal
Kevin Ramirez,kevin.ramirez8589@example.com,sales,Platform Team,Rebuild the customer portal
Ruth Miller,ruth.miller8590@example.com,engineering,Data Team,Build the analytics pipeline
Ivan Lopez,ivan.lopez8591@example.com,support,Platform Team,Rebuild the customer portal
Laura Wilson,laura.wilson8592@example.com,sales,Data Team,Build the analytics pipeline
Wendy Jones,wendy.jones8593@example.com,engineering,Data Team,Build the analytics pipeline
Laura Davis,laura.davis8594@example.com,support,Growth Team,Expand into new markets
Uma Jackson,uma.jackson8595@example.com,sales,Growth Team,Expand into new markets
Frank Gonzalez,frank.gonzalez8596@example.com,support,Mobile Team,Ship the new mobile app
Eve Brown,eve.brown8597@example.com,support,Mobile Team,Ship the new mobile app
Peggy Hernandez,peggy.hernandez8598@example.com,engineering,Platform Team,Rebuild the customer portal
Victor Hernandez,victor.hernandez8599@example.com,sales,Data Team,Build the analytics pipeline
Niaj Moore,niaj.moore8600@example.com,support,Mobile Team,Ship the new mobile app
Bianca Miller,bianca.miller8601@example.com,engineering,Platform Team,Rebuild the customer portal
Alice Jones,alice.jones8602@example.com,engineering,Data Team,Build the analytics pipeline
Frank Lewis,frank.lewis8603@example.com,engineering,Mobile Team,Ship the new mobile app
Peggy Harris,peggy.harris8604@example.com,sales,Mobile Team,Ship the new mobile app
Sybil Moore,sybil.moore8605@example.com,sales,Growth Team,Expand into new markets
Kevin Williams,kevin.williams8606@example.com,support,Data Team,Build the analytics pipeline
Wendy Johnson,wendy.johnson8607@example.com,sales,Growth Team,Expand into new markets
Eve Ramirez,eve.ramirez8608@example.com,sales,Data Team,Build the analytics pipeline
Niaj Brown,niaj.brown8609@example.com,engineering,Growth Team,Expand into new markets
Zach Moore,zach.moore8610@example.com,engineering,Mobile Team,Ship the new mobile app
Diana Smith,diana.smith8611@example.com,engineering,Mobile Team,Ship the new mobile app
Carlos White,carlos.white8612@example.com,support,Platform Team,Rebuild the customer portal
Olivia Harris,olivia.harris8613@example.com,support,Growth Team,Expand into new markets
Bianca Thompson,bianca.thompson8614@example.com,sales,Growth Team,Expand into new markets
Zach Thomas,zach.thomas8615@example.com,sales,Mobile Team,Ship the new mobile app
Diana White,diana.white8616@example.com,engineering,Platform Team,Rebuild the customer portal
Carlos Harris,carlos.harris8617@example.com,engineering,Data Team,Build the analytics pipeline
Kevin Jones,kevin.jones8618@example.com,support,Mobile Team,Ship the new mobile app
Quentin Robinson,quentin.robinson8619@example.com,engineering,Mobile Team,Ship the new mobile app
Alice Harris,alice.harris8620@example.com,engineering,Platform Team,Rebuild the customer portal
Olivia Robinson,olivia.robinson8621@example.com,engineering,Platform Team,Rebuild the customer portal
Carol Johnson,carol.johnson8622@example.com,support,Growth Team,Expand into new markets
Bianca Rodriguez,bianca.rodriguez8623@example.com,engineering,Growth Team,Expand into new markets
Judy Perez,judy.perez8624@example.com,sales,Data Team,Build the analytics pipeline
Grace Lewis,grace.lewis8625@example.com,sales,Platform Team,Rebuild the customer portal
Xavier Perez,xavier.perez8626@example.com,support,Mobile Team,Ship the new mobile app
Victor Anderson,victor.anderson8627@example.com,engineering,Mobile Team,Ship the new mobile app
Yolanda Martin,yolanda.martin8628@example.com,engineering,Mobile Team,Ship the new mobile app
Victor Jackson,victor.jackson8629@example.com,engineering,Mobile Team,Ship the new mobile app
Mallory Lopez,mallory.lopez8630@example.com,sales,Mobile Team,Ship the new mobile app
Yolanda Gonzalez,yolanda.gonzalez8631@example.com,sales,Mobile Team,Ship the new mobile app
Niaj Martinez,niaj.martinez8632@example.com,support,Platform Team,Rebuild the customer portal
Trent White,trent.white8633@example.com,support,Mobile Team,Ship the new mobile app
Bianca Davis,bianca.davis8634@example.com,sales,Growth Team,Expand into new markets
Yolanda Rodriguez,yolanda.rodriguez8635@example.com,engineering,Platform Team,Rebuild the customer portal
Trent Thompson,trent.thompson8636@example.com,engineering,Data Team,Build the analytics pipeline
Frank Robinson,frank.robinson8637@example.com,engineering,Data Team,Build the analytics pipeline
Victor Gonzalez,victor.gonzalez8638@example.com,engineering,Data Team,Build the analytics pipeline
Yolanda Anderson,yolanda.anderson8639@example.com,support,Growth Team,Expand into new markets
Frank Jones,frank.jones8640@example.com,support,Platform Team,Rebuild the customer portal
Carol Harris,carol.harris8641@example.com,engineering,Data Team,Build the analytics pipeline
Trent Thompson,trent.thompson8642@example.com,sales,Platform Team,Rebuild the customer portal
Alice Lopez,alice.lopez8643@example.com,sales,Data Team,Build the analytics pipeline
Victor Davis,victor.davis8644@example.com,engineering,Mobile Team,Ship the new mobile app
Yolanda Brown,yolanda.brown8645@example.com,sales,Data Team,Build the analytics pipeline
Zach Lee,zach.lee8646@example.com,engineering,Platform Team,Rebuild the customer portal
Diana Hernandez,diana.hernandez8647@example.com,support,Platform Team,Rebuild the customer portal
Wendy Brown,wendy.brown8648@example.com,engineering,Platform Team,Rebuild the customer portal
Mallory Thompson,mallory.thompson8649@example.com,sales,Growth Team,Expand into new markets
Alice Smith,alice.smith8650@example.com,engineering,Platform Team,Rebuild the customer portal
Mallory Lopez,mallory.lopez8651@example.com,support,Growth Team,Expand into new markets
Ivan Ramirez,ivan.ramirez8652@example.com,sales,Mobile Team,Ship the new mobile app
Trent Anderson,trent.anderson8653@example.com,engineering,Growth Team,Expand into new markets
Kevin Martinez,kevin.martinez8654@example.com,sales,Growth Team,Expand into new markets
Peggy Lewis,peggy.lewis8655@example.com,support,Platform Team,Rebuild the customer portal
Frank Brown,frank.brown8656@example.com,support,Data Team,Build the analytics pipeline
Mallory Thomas,mallory.thomas8657@example.com,sales,Platform Team,Rebuild the customer portal
Mallory Davis,mallory.davis8658@example.com,support,Mobile Team,Ship the new mobile app
Mallory Ramirez,mallory.ramirez8659@example.com,support,Data Team,Build the analytics pipeline
Amir Davis,amir.davis8660@example.com,engineering,Growth Team,Expand into new markets
Carlos Miller,carlos.miller8661@example.com,sales,Platform Team,Rebuild the customer portal
Wendy Jones,wendy.jones8662@example.com,sales,Mobile Team,Ship the new mobile app
Laura Jones,laura.jones8663@example.com,sales,Growth Team,Expand into new markets
Mallory Moore,mallory.moore8664@example.com,sales,Data Team,Build the analytics pipeline
Bianca Lewis,bianca.lewis8665@example.com,support,Growth Team,Expand into new markets
Peggy Perez,peggy.perez8666@example.com,sales,Growth Team,Expand into new markets
Alice Johnson,alice.johnson8667@example.com,support,Platform Team,Rebuild the customer portal
Carlos White,carlos.white8668@example.com,engineering,Growth Team,Expand into new markets
Ruth Gonzalez,ruth.gonzalez8669@example.com,engineering,Platform Team,Rebuild the customer portal
Judy Perez,judy.perez8670@example.com,engineering,Mobile Team,Ship the new mobile app
Kevin Williams,kevin.williams8671@example.com,support,Platform Team,Rebuild the customer portal
Yolanda Hernandez,yolanda.hernandez8672@example.com,engineering,Data Team,Build the analytics pipeline
Amir Jones,amir.jones8673@example.com,engineering,Mobile Team,Ship the new mobile app
Mallory Lee,mallory.lee8674@example.com,support,Growth Team,Expand into new markets
Bob Lewis,bob.lewis8675@example.com,engineering,Growth Team,Expand into new markets
Kevin Lewis,kevin.lewis8676@example.com,support,Mobile Team,Ship the new mobile app
Diana Miller,diana.miller8677@example.com,support,Mobile Team,Ship the new mobile app
Wendy Harris,wendy.harris8678@example.com,engineering,Growth Team,Expand into new markets
Carol Robinson,carol.robinson8679@example.com,engineering,Platform Team,Rebuild the customer portal
Xavier Johnson,xavier.johnson8680@example.com,support,Platform Team,Rebuild the customer portal
Amir Martin,amir.martin8681@example.com,engineering,Growth Team,Expand into new markets
Ruth Anderson,ruth.anderson8682@example.com,support,Platform Team,Rebuild the customer portal
Alice Sanchez,alice.sanchez8683@example.com,support,Data Team,Build the analytics pipeline
Bob Garcia,bob.garcia8684@example.com,sales,Growth Team,Expand into new markets
Wendy Rodriguez,wendy.rodriguez8685@example.com,sales,Platform Team,Rebuild the customer portal
Ruth Lewis,ruth.lewis8686@example.com,support,Growth Team,Expand into new markets
Victor Johnson,victor.johnson8687@example.com,engineering,Growth Team,Expand into new markets
Diana Rodriguez,diana.rodriguez8688@example.com,support,Growth Team,Expand into new markets
Olivia Wilson,olivia.wilson8689@example.com,engineering,Mobile Team,Ship the new mobile app
Heidi Harris,heidi.harris8690@example.com,sales,Mobile Team,Ship the new mobile app
Frank Moore,frank.moore8691@example.com,support,Platform Team,Rebuild the customer portal
Zach Sanchez,zach.sanchez8692@example.com,engineering,Platform Team,Rebuild the customer portal
Eve Perez,eve.perez8693@example.com,support,Mobile Team,Ship the new mobile app
Carol Lopez,carol.lopez8694@example.com,sales,Data Team,Build the analytics pipeline
Carlos Thompson,carlos.thompson8695@example.com,sales,Data Team,Build the analytics pipeline
Bianca Smith,bianca.smith8696@example.com,support,Data Team,Build the analytics pipeline
Heidi Williams,heidi.williams8697@example.com,engineering,Platform Team,Rebuild the customer portal
Laura Perez,laura.perez8698@example.com,support,Growth Team,Expand into new markets
Yolanda White,yolanda.white8699@example.com,engineering,Growth Team,Expand into new markets
Bianca Martin,bianca.martin8700@example.com,sales,Mobile Team,Ship the new mobile app
Diana Miller,diana.miller8701@example.com,support,Mobile Team,Ship the new mobile app
Quentin Martinez,quentin.martinez8702@example.com,engineering,Growth Team,Expand into new markets
Ruth Jackson,ruth.jackson8703@example.com,support,Platform Team,Rebuild the customer portal
Judy Jones,judy.jones8704@example.com,support,Mobile Team,Ship the new mobile app
Heidi Thomas,heidi.thomas8705@example.com,support,Mobile Team,Ship the new mobile app
Bianca Lopez,bianca.lopez8706@example.com,support,Platform Team,Rebuild the customer portal
Dave Gonzalez,dave.gonzalez8707@example.com,sales,Mobile Team,Ship the new mobile app
Peggy Thompson,peggy.thompson8708@example.com,support,Platform Team,Rebuild the customer portal
Peggy Thomas,peggy.thomas8709@example.com,engineering,Mobile Team,Ship the new mobile app
Victor Taylor,victor.taylor8710@example.com,sales,Growth Team,Expand into new markets
Diana Davis,diana.davis8711@example.com,support,Mobile Team,Ship the new mobile app
Quentin Lewis,quentin.lewis8712@example.com,engineering,Data Team,Build the analytics pipeline
Carol White,carol.white8713@example.com,support,Mobile Team,Ship the new mobile app
Frank Anderson,frank.anderson8714@example.com,engineering,Mobile Team,Ship the new mobile app
Sybil Garcia,sybil.garcia8715@example.com,sales,Growth Team,Expand into new markets
Niaj Wilson,niaj.wilson8716@example.com,support,Mobile Team,Ship the new mobile app
Amir Thompson,amir.thompson8717@example.com,support,Platform Team,Rebuild the customer portal
Wendy Thompson,wendy.thompson8718@example.com,sales,Growth Team,Expand into new markets
Uma Gonzalez,uma.gonzalez8719@example.com,sales,Platform Team,Rebuild the customer portal
Amir Hernandez,amir.hernandez8720@example.com,engineering,Growth Team,Expand into new markets
Ruth Robinson,ruth.robinson8721@example.com,sales,Platform Team,Rebuild the customer portal
Judy Jackson,judy.jackson8722@example.com,sales,Growth Team,Expand into new markets
Sybil Moore,sybil.moore8723@example.com,engineering,Platform Team,Rebuild the customer portal
Kevin Hernandez,kevin.hernandez8724@example.com,sales,Mobile Team,Ship the new mobile app
Olivia Jones,olivia.jones8725@example.com,sales,Mobile Team,Ship the new mobile app
Trent Clark,trent.clark8726@example.com,sales,Mobile Team,Ship the new mobile app
Judy Smith,judy.smith8727@example.com,support,Growth Team,Expand into new markets
Laura White,laura.white8728@example.com,sales,Platform Team,Rebuild the customer portal
Alice Robinson,alice.robinson8729@example.com,support,Platform Team,Rebuild the customer portal
Diana Martinez,diana.martinez8730@example.com,sales,Platform Team,Rebuild the customer portal
Dave Lewis,dave.lewis8731@example.com,sales,Mobile Team,Ship the new mobile app
Peggy Moore,peggy.moore8732@example.com,support,Growth Team,Expand into new markets
Carol Clark,carol.clark8733@example.com,support,Growth Team,Expand into new markets
Bianca Lopez,bianca.lopez8734@example.com,sales,Mobile Team,Ship the new mobile app
Zach Williams,zach.williams8735@example.com,engineering,Mobile Team,Ship the new mobile app
Uma Brown,uma.brown8736@example.com,support,Data Team,Build the analytics pipeline
Niaj Johnson,niaj.johnson8737@example.com,support,Platform Team,Rebuild the customer portal
Laura Harris,laura.harris8738@example.com,engineering,Platform Team,Rebuild the customer portal
Wendy Martin,wendy.martin8739@example.com,sales,Growth Team,Expand into new markets
Ivan Martin,ivan.martin8740@example.com,support,Growth Team,Expand into new markets
Olivia Moore,olivia.moore8741@example.com,sales,Mobile Team,Ship the new mobile app
Uma Anderson,uma.anderson8742@example.com,support,Platform Team,Rebuild the customer portal
Heidi Lee,heidi.lee8743@example.com,engineering,Platform Team,Rebuild the customer portal
Sybil Miller,sybil.miller8744@example.com,engineering,Platform Team,Rebuild the customer portal
Dave White,dave.white8745@example.com,sales,Growth Team,Expand into new markets
Uma Smith,uma.smith8746@example.com,support,Platform Team,Rebuild the customer portal
Quentin Gonzalez,quentin.gonzalez8747@example.com,sales,Platform Team,Rebuild the customer portal
Ivan Garcia,ivan.garcia8748@example.com,sales,Platform Team,Rebuild the customer portal
Victor Lee,victor.lee8749@example.com,engineering,Data Team,Build the analytics pipeline
Frank Garcia,frank.garcia8750@example.com,engineering,Growth Team,Expand into new markets
Niaj Martin,niaj.martin8751@example.com,engineering,Growth Team,Expand into new markets
Uma Moore,uma.moore8752@example.com,sales,Platform Team,Rebuild the customer portal
Frank Lewis,frank.lewis8753@example.com,engineering,Platform Team,Rebuild the customer portal
Zach Thomas,zach.thomas8754@example.com,engineering,Growth Team,Expand into new markets
Eve Sanchez,eve.sanchez8755@example.com,engineering,Data Team,Build the analytics pipeline
Carlos Gonzalez,carlos.gonzalez8756@example.com,engineering,Mobile Team,Ship the new mobile app
Ivan Thompson,ivan.thompson8757@example.com,sales,Mobile Team,Ship the new mobile app
Heidi Thomas,heidi.thomas8758@example.com,engineering,Data Team,Build the analytics pipeline
Wendy Sanchez,wendy.sanchez8759@example.com,sales,Data Team,Build the analytics pipeline
Carlos Sanchez,carlos.sanchez8760@example.com,support,Platform Team,Rebuild the customer portal
Yolanda Rodriguez,yolanda.rodriguez8761@example.com,sales,Data Team,Build the analytics pipeline
Victor Martin,victor.martin8762@example.com,sales,Data Team,Build the analytics pipeline
Victor Harris,victor.harris8763@example.com,sales,Mobile Team,Ship the new mobile app
Bob White,bob.white8764@example.com,support,Mobile Team,Ship the new mobile app
Carlos Thomas,carlos.thomas8765@example.com,sales,Growth Team,Expand into new markets
Uma Martinez,uma.martinez8766@example.com,sales,Data Team,Build the analytics pipeline
Heidi Rodriguez,heidi.rodriguez8767@example.com,support,Data Team,Build the analytics pipeline
Carol Rodriguez,carol.rodriguez8768@example.com,support,Mobile Team,Ship the new mobile app
Niaj Lewis,niaj.lewis8769@example.com,sales,Mobile Team,Ship the new mobile app
Diana Ramirez,diana.ramirez8770@example.com,support,Growth Team,Expand into new markets
Xavier Ramirez,xavier.ramirez8771@example.com,support,Data Team,Build the analytics pipeline
Grace Sanchez,grace.sanchez8772@example.com,support,Data Team,Build the analytics pipeline
Xavier Ramirez,xavier.ramirez8773@example.com,support,Growth Team,Expand into new markets
Diana Lopez,diana.lopez8774@example.com,support,Mobile Team,Ship the new mobile app
Frank Ramirez,frank.ramirez8775@example.com,sales,Mobile Team,Ship the new mobile app
Grace Wilson,grace.wilson8776@example.com,sales,Mobile Team,Ship the new mobile app
Quentin Hernandez,quentin.hernandez8777@example.com,engineering,Growth Team,Expand into new markets
Alice Ramirez,alice.ramirez8778@example.com,sales,Mobile Team,Ship the new mobile app
Laura Taylor,laura.taylor8779@example.com,engineering,Mobile Team,Ship the new mobile app
Diana Taylor,diana.taylor8780@example.com,engineering,Data Team,Build the analytics pipeline
Frank Harris,frank.harris8781@example.com,support,Mobile Team,Ship the new mobile app
Ruth Miller,ruth.miller8782@example.com,sales,Data Team,Build the analytics pipeline
Heidi Ramirez,heidi.ramirez8783@example.com,support,Mobile Team,Ship the new mobile app
Wendy Hernandez,wendy.hernandez8784@example.com,sales,Platform Team,Rebuild the customer portal
Alice Harris,alice.harris8785@example.com,sales,Data Team,Build the analytics pipeline
Zach Johnson,zach.johnson8786@example.com,support,Data Team,Build the analytics pipeline
Bob Martin,bob.martin8787@example.com,support,Growth Team,Expand into new markets
Ivan Gonzalez,ivan.gonzalez8788@example.com,engineering,Mobile Team,Ship the new mobile app
Xavier Clark,xavier.clark8789@example.com,engineering,Platform Team,Rebuild the customer portal
Olivia Miller,olivia.miller8790@example.com,engineering,Data Team,Build the analytics pipeline
Diana Harris,diana.harris8791@example.com,support,Growth Team,Expand into new markets
Bob Thompson,bob.thompson8792@example.com,sales,Mobile Team,Ship the new mobile app
Heidi Robinson,heidi.robinson8793@example.com,engineering,Mobile Team,Ship the new mobile app
Bianca Jackson,bianca.jackson8794@example.com,sales,Data Team,Build the analytics pipeline
Uma Sanchez,uma.sanchez8795@example.com,support,Data Team,Build the analytics pipeline
Uma Perez,uma.perez8796@example.com,engineering,Platform Team,Rebuild the customer portal
Ruth Robinson,ruth.robinson8797@example.com,engineering,Platform Team,Rebuild the customer portal
Niaj Jones,niaj.jones8798@example.com,support,Data Team,Build the analytics pipeline
Laura Brown,laura.brown8799@example.com,engineering,Data Team,Build the analytics pipeline
Victor Jones,victor.jones8800@example.com,sales,Platform Team,Rebuild the customer portal
Kevin Smith,kevin.smith8801@example.com,support,Growth Team,Expand into new markets
Dave Martinez,dave.martinez8802@example.com,sales,Growth Team,Expand into new markets
Heidi Lewis,heidi.lewis8803@example.com,engineering,Platform Team,Rebuild the customer portal
Diana Anderson,diana.anderson8804@example.com,support,Data Team,Build the analytics pipeline
Victor Perez,victor.perez8805@example.com,engineering,Growth Team,Expand into new markets
Yolanda Thomas,yolanda.thomas8806@example.com,engineering,Data Team,Build the analytics pipeline
Carol Sanchez,carol.sanchez8807@example.com,engineering,Platform Team,Rebuild the customer portal
Eve Davis,eve.davis8808@example.com,support,Data Team,Build the analytics pipeline
Alice Rodriguez,alice.rodriguez8809@example.com,sales,Growth Team,Expand into new markets
Laura Garcia,laura.garcia8810@example.com,sales,Mobile Team,Ship the new mobile app
Eve Moore,eve.moore8811@example.com,support,Mobile Team,Ship the new mobile app
Mallory Lewis,mallory.lewis8812@example.com,support,Growth Team,Expand into new markets
Laura Brown,laura.brown8813@example.com,support,Platform Team,Rebuild the customer portal
Laura Thomas,laura.thomas8814@example.com,support,Growth Team,Expand into new markets
Grace Moore,grace.moore8815@example.com,sales,Data Team,Build the analytics pipeline
Judy Hernandez,judy.hernandez8816@example.com,sales,Platform Team,Rebuild the customer portal
Uma Harris,uma.harris8817@example.com,engineering,Mobile Team,Ship the new mobile app
Zach Martin,zach.martin8818@example.com,support,Platform Team,Rebuild the customer portal
Heidi Hernandez,heidi.hernandez8819@example.com,engineering,Platform Team,Rebuild the customer portal
Peggy Perez,peggy.perez8820@example.com,sales,Data Team,Build the analytics pipeline
Amir Lopez,amir.lopez8821@example.com,support,Data Team,Build the analytics pipeline
Heidi Thompson,heidi.thompson8822@example.com,support,Mobile Team,Ship the new mobile app
Bob Robinson,bob.robinson8823@example.com,engineering,Mobile Team,Ship the new mobile app
Peggy Garcia,peggy.garcia8824@example.com,sales,Platform Team,Rebuild the customer portal
Olivia Miller,olivia.miller8825@example.com,sales,Growth Team,Expand into new markets
Ivan Gonzalez,ivan.gonzalez8826@example.com,engineering,Platform Team,Rebuild the customer portal
Bianca Williams,bianca.williams8827@example.com,sales,Data Team,Build the analytics pipeline
Laura Wilson,laura.wilson8828@example.com,sales,Growth Team,Expand into new markets
Ivan Lewis,ivan.lewis8829@example.com,engineering,Platform Team,Rebuild the customer portal
Yolanda Wilson,yolanda.wilson8830@example.com,support,Platform Team,Rebuild the customer portal
Ivan Taylor,ivan.taylor8831@example.com,support,Platform Team,Rebuild the customer portal
Zach Lee,zach.lee8832@example.com,sales,Mobile Team,Ship the new mobile app
Frank Smith,frank.smith8833@example.com,sales,Platform Team,Rebuild the customer portal
Sybil Davis,sybil.davis8834@example.com,support,Platform Team,Rebuild the customer portal
Amir Wilson,amir.wilson8835@example.com,engineering,Growth Team,Expand into new markets
Zach Ramirez,zach.ramirez8836@example.com,support,Growth Team,Expand into new markets
Trent Hernandez,trent.hernandez8837@example.com,sales,Platform Team,Rebuild the customer portal
Xavier Thomas,xavier.thomas8838@example.com,sales,Platform Team,Rebuild the customer portal
Kevin Johnson,kevin.johnson8839@example.com,support,Data Team,Build the analytics pipeline
Trent Clark,trent.clark8840@example.com,engineering,Growth Team,Expand into new markets
Diana Perez,diana.perez8841@example.com,sales,Mobile Team,Ship the new mobile app
Heidi Perez,heidi.perez8842@example.com,engineering,Platform Team,Rebuild the customer portal
Yolanda Miller,yolanda.miller8843@example.com,engineering,Data Team,Build the analytics pipeline
Amir Harris,amir.harris8844@example.com,sales,Platform Team,Rebuild the customer portal
Quentin Lopez,quentin.lopez8845@example.com,support,Platform Team,Rebuild the customer portal
Judy Lee,judy.lee8846@example.com,engineering,Growth Team,Expand into new markets
Eve Lopez,eve.lopez8847@example.com,sales,Growth Team,Expand into new markets
Judy Lopez,judy.lopez8848@example.com,support,Platform Team,Rebuild the customer portal
Eve Moore,eve.moore8849@example.com,support,Growth Team,Expand into new markets
Heidi Brown,heidi.brown8850@example.com,sales,Growth Team,Expand into new markets
Eve Thomas,eve.thomas8851@example.com,sales,Data Team,Build the analytics pipeline
Olivia Gonzalez,olivia.gonzalez8852@example.com,engineering,Mobile Team,Ship the new mobile app
Trent Martin,trent.martin8853@example.com,engineering,Platform Team,Rebuild the customer portal
Wendy Hernandez,wendy.hernandez8854@example.com,support,Data Team,Build the analytics pipeline
Alice White,alice.white8855@example.com,support,Data Team,Build the analytics pipeline
Ivan Miller,ivan.miller8856@example.com,support,Platform Team,Rebuild the customer portal
Bianca Thompson,bianca.thompson8857@example.com,support,Growth Team,Expand into new markets
Judy Davis,judy.davis8858@example.com,support,Mobile Team,Ship the new mobile app
Laura Davis,laura.davis8859@example.com,engineering,Platform Team,Rebuild the customer portal
Victor Lee,victor.lee8860@example.com,support,Growth Team,Expand into new markets
Sybil Thomas,sybil.thomas8861@example.com,engineering,Mobile Team,Ship the new mobile app
Victor Lee,victor.lee8862@example.com,sales,Platform Team,Rebuild the customer portal
Alice Wilson,alice.wilson8863@example.com,support,Growth Team,Expand into new markets
Sybil Brown,sybil.brown8864@example.com,support,Mobile Team,Ship the new mobile app
Eve Gonzalez,eve.gonzalez8865@example.com,engineering,Data Team,Build the analytics pipeline
Diana Anderson,diana.anderson8866@example.com,engineering,Growth Team,Expand into new markets
Quentin Brown,quentin.brown8867@example.com,engineering,Mobile Team,Ship the new mobile app
Victor Martin,victor.martin8868@example.com,support,Platform Team,Rebuild the customer portal
Bob White,bob.white8869@example.com,engineering,Mobile Team,Ship the new mobile app
Amir Martin,amir.martin8870@example.com,engineering,Growth Team,Expand into new markets
Dave Jackson,dave.jackson8871@example.com,sales,Growth Team,Expand into new markets
Sybil Lewis,sybil.lewis8872@example.com,sales,Platform Team,Rebuild the customer portal
Olivia Miller,olivia.miller8873@example.com,sales,Mobile Team,Ship the new mobile app
Yolanda Thomas,yolanda.thomas8874@example.com,engineering,Platform Team,Rebuild the customer portal
Laura Jones,laura.jones8875@example.com,sales,Mobile Team,Ship the new mobile app
Alice Anderson,alice.anderson8876@example.com,sales,Data Team,Build the analytics pipeline
Bianca Martin,bianca.martin8877@example.com,sales,Platform Team,Rebuild the customer portal
Bianca Miller,bianca.miller8878@example.com,sales,Platform Team,Rebuild the customer portal
Ivan Hernandez,ivan.hernandez8879@example.com,engineering,Platform Team,Rebuild the customer portal
Zach Garcia,zach.garcia8880@example.com,engineering,Platform Team,Rebuild the customer portal
Yolanda Lee,yolanda.lee8881@example.com,support,Mobile Team,Ship the new mobile app
Zach Taylor,zach.taylor8882@example.com,support,Growth Team,Expand into new markets
Peggy Moore,peggy.moore8883@example.com,engineering,Platform Team,Rebuild the customer portal
Xavier Martinez,xavier.martinez8884@example.com,engineering,Data Team,Build the analytics pipeline
Frank Martin,frank.martin8885@example.com,support,Data Team,Build the analytics pipeline
Mallory Anderson,mallory.anderson8886@example.com,engineering,Mobile Team,Ship the new mobile app
Heidi Lee,heidi.lee8887@example.com,sales,Platform Team,Rebuild the customer portal
Alice Martin,alice.martin8888@example.com,sales,Growth Team,Expand into new markets
Niaj Perez,niaj.perez8889@example.com,support,Mobile Team,Ship the new mobile app
Laura Martinez,laura.martinez8890@example.com,support,Platform Team,Rebuild the customer portal
Wendy White,wendy.white8891@example.com,engineering,Growth Team,Expand into new markets
Zach Wilson,zach.wilson8892@example.com,engineering,Platform Team,Rebuild the customer portal
Carol Lewis,carol.lewis8893@example.com,support,Growth Team,Expand into new markets
Victor Jones,victor.jones8894@example.com,engineering,Mobile Team,Ship the new mobile app
Carol Johnson,carol.johnson8895@example.com,engineering,Data Team,Build the analytics pipeline
Heidi Davis,heidi.davis8896@example.com,sales,Data Team,Build the analytics pipeline
Bob Brown,bob.brown8897@example.com,engineering,Data Team,Build the analytics pipeline
Eve Smith,eve.smith8898@example.com,engineering,Platform Team,Rebuild the customer portal
Ruth Perez,ruth.perez8899@example.com,sales,Growth Team,Expand into new markets
Zach Davis,zach.davis8900@example.com,engineering,Growth Team,Expand into new markets
Yolanda Moore,yolanda.moore8901@example.com,support,Growth Team,Expand into new markets
Xavier Williams,xavier.williams8902@example.com,support,Mobile Team,Ship the new mobile app
Dave White,dave.white8903@example.com,engineering,Mobile Team,Ship the new mobile app
Niaj Clark,niaj.clark8904@example.com,engineering,Platform Team,Rebuild the customer portal
Ruth Jackson,ruth.jackson8905@example.com,support,Platform Team,Rebuild the customer portal
Wendy Thomas,wendy.thomas8906@example.com,support,Growth Team,Expand into new markets
Mallory Martin,mallory.martin8907@example.com,sales,Platform Team,Rebuild the customer portal
Xavier Taylor,xavier.taylor8908@example.com,support,Data Team,Build the analytics pipeline
Peggy Wilson,peggy.wilson8909@example.com,engineering,Mobile Team,Ship the new mobile app
Bob Johnson,bob.johnson8910@example.com,sales,Platform Team,Rebuild the customer portal
Eve Williams,eve.williams8911@example.com,support,Data Team,Build the analytics pipeline
Wendy Brown,wendy.brown8912@example.com,sales,Platform Team,Rebuild the customer portal
Diana Smith,diana.smith8913@example.com,engineering,Mobile Team,Ship the new mobile app
Niaj Davis,niaj.davis8914@example.com,support,Data Team,Build the analytics pipeline
Laura Ramirez,laura.ramirez8915@example.com,support,Platform Team,Rebuild the customer portal
Victor Moore,victor.moore8916@example.com,engineering,Data Team,Build the analytics pipeline
Frank Miller,frank.miller8917@example.com,engineering,Mobile Team,Ship the new mobile app
Quentin Lopez,quentin.lopez8918@example.com,engineering,Platform Team,Rebuild the customer portal
Carlos Harris,carlos.harris8919@example.com,support,Platform Team,Rebuild the customer portal
Ivan Sanchez,ivan.sanchez8920@example.com,sales,Data Team,Build the analytics pipeline
Ivan Robinson,ivan.robinson8921@example.com,sales,Data Team,Build the analytics pipeline
Trent Thomas,trent.thomas8922@example.com,support,Growth Team,Expand into new markets
Mallory Lopez,mallory.lopez8923@example.com,sales,Data Team,Build the analytics pipeline
Amir Brown,amir.brown8924@example.com,sales,Growth Team,Expand into new markets
Niaj Thomas,niaj.thomas8925@example.com,engineering,Platform Team,Rebuild the customer portal
Olivia Anderson,olivia.anderson8926@example.com,support,Platform Team,Rebuild the customer portal
Yolanda Perez,yolanda.perez8927@example.com,engineering,Mobile Team,Ship the new mobile app
Bianca Wilson,bianca.wilson8928@example.com,support,Growth Team,Expand into new markets
Laura Gonzalez,laura.gonzalez8929@example.com,engineering,Platform Team,Rebuild the customer portal
Xavier Gonzalez,xavier.gonzalez8930@example.com,sales,Mobile Team,Ship the new mobile app
Ruth Davis,ruth.davis8931@example.com,sales,Platform Team,Rebuild the customer portal
Laura Thomas,laura.thomas8932@example.com,sales,Growth Team,Expand into new markets
Dave Miller,dave.miller8933@example.com,support,Mobile Team,Ship the new mobile app
Judy Clark,judy.clark8934@example.com,engineering,Platform Team,Rebuild the customer portal
Xavier Jones,xavier.jones8935@example.com,support,Growth Team,Expand into new markets
Uma Robinson,uma.robinson8936@example.com,support,Data Team,Build the analytics pipeline
Mallory Williams,mallory.williams8937@example.com,sales,Data Team,Build the analytics pipeline
Zach Gonzalez,zach.gonzalez8938@example.com,engineering,Mobile Team,Ship the new mobile app
Peggy Wilson,peggy.wilson8939@example.com,support,Growth Team,Expand into new markets
Grace Smith,grace.smith8940@example.com,support,Data Team,Build the analytics pipeline
Dave Williams,dave.williams8941@example.com,sales,Mobile Team,Ship the new mobile app
Yolanda Brown,yolanda.brown8942@example.com,engineering,Data Team,Build the analytics pipeline
Uma Perez,uma.perez8943@example.com,sales,Platform Team,Rebuild the customer portal
Frank Martinez,frank.martinez8944@example.com,engineering,Growth Team,Expand into new markets
Trent Gonzalez,trent.gonzalez8945@example.com,engineering,Mobile Team,Ship the new mobile app
Carlos Robinson,carlos.robinson8946@example.com,sales,Mobile Team,Ship the new mobile app
Peggy Smith,peggy.smith8947@example.com,sales,Data Team,Build the analytics pipeline
Kevin Gonzalez,kevin.gonzalez8948@example.com,support,Mobile Team,Ship the new mobile app
Quentin Lewis,quentin.lewis8949@example.com,engineering,Mobile Team,Ship the new mobile app
Grace Gonzalez,grace.gonzalez8950@example.com,engineering,Growth Team,Expand into new markets
Alice Rodriguez,alice.rodriguez8951@example.com,sales,Growth Team,Expand into new markets
Victor Martin,victor.martin8952@example.com,sales,Growth Team,Expand into new markets
Xavier Davis,xavier.davis8953@example.com,sales,Platform Team,Rebuild the customer portal
Sybil Garcia,sybil.garcia8954@example.com,support,Growth Team,Expand into new markets
Trent Brown,trent.brown8955@example.com,sales,Growth Team,Expand into new markets
Diana Johnson,diana.johnson8956@example.com,sales,Mobile Team,Ship the new mobile app
Trent Davis,trent.davis8957@example.com,engineering,Data Team,Build the analytics pipeline
Bob Robinson,bob.robinson8958@example.com,engineering,Data Team,Build the analytics pipeline
Mallory White,mallory.white8959@example.com,support,Growth Team,Expand into new markets
Dave Williams,dave.williams8960@example.com,engineering,Mobile Team,Ship the new mobile app
Eve Taylor,eve.taylor8961@example.com,sales,Growth Team,Expand into new markets
Peggy Brown,peggy.brown8962@example.com,engineering,Growth Team,Expand into new markets
Carol Moore,carol.moore8963@example.com,sales,Platform Team,Rebuild the customer portal
Wendy Jackson,wendy.jackson8964@example.com,support,Mobile Team,Ship the new mobile app
Bob Ramirez,bob.ramirez8965@example.com,sales,Mobile Team,Ship the new mobile app
Victor Anderson,victor.anderson8966@example.com,support,Data Team,Build the analytics pipeline
Peggy Lewis,peggy.lewis8967@example.com,support,Data Team,Build the analytics pipeline
Trent Anderson,trent.anderson8968@example.com,sales,Platform Team,Rebuild the customer portal
Frank Robinson,frank.robinson8969@example.com,engineering,Growth Team,Expand into new markets
Peggy Brown,peggy.brown8970@example.com,sales,Platform Team,Rebuild the customer portal
Ruth Ramirez,ruth.ramirez8971@example.com,sales,Mobile Team,Ship the new mobile app
Niaj Lopez,niaj.lopez8972@example.com,support,Platform Team,Rebuild the customer portal
Trent Moore,trent.moore8973@example.com,engineering,Platform Team,Rebuild the customer portal
Niaj Williams,niaj.williams8974@example.com,engineering,Mobile Team,Ship the new mobile app
Uma Sanchez,uma.sanchez8975@example.com,sales,Data Team,Build the analytics pipeline
Bianca Davis,bianca.davis8976@example.com,sales,Platform Team,Rebuild the customer portal
Grace Clark,grace.clark8977@example.com,engineering,Platform Team,Rebuild the customer portal
Trent Anderson,trent.anderson8978@example.com,sales,Data Team,Build the analytics pipeline
Olivia Clark,olivia.clark8979@example.com,support,Growth Team,Expand into new markets
Bianca Harris,bianca.harris8980@example.com,engineering,Mobile Team,Ship the new mobile app
Niaj Martin,niaj.martin8981@example.com,support,Data Team,Build the analytics pipeline
Niaj Miller,niaj.miller8982@example.com,support,Mobile Team,Ship the new mobile app
Quentin Williams,quentin.williams8983@example.com,support,Platform Team,Rebuild the customer portal
Amir Lewis,amir.lewis8984@example.com,support,Growth Team,Expand into new markets
Bianca Thompson,bianca.thompson8985@example.com,sales,Platform Team,Rebuild the customer portal
Quentin Garcia,quentin.garcia8986@example.com,engineering,Platform Team,Rebuild the customer portal
Yolanda Miller,yolanda.miller8987@example.com,sales,Platform Team,Rebuild the customer portal
Carol Wilson,carol.wilson8988@example.com,sales,Mobile Team,Ship the new mobile app
Grace Sanchez,grace.sanchez8989@example.com,engineering,Growth Team,Expand into new markets
Mallory Davis,mallory.davis8990@example.com,sales,Growth Team,Expand into new markets
Diana Brown,diana.brown8991@example.com,engineering,Growth Team,Expand into new markets
Peggy Martin,peggy.martin8992@example.com,sales,Data Team,Build the analytics pipeline
Sybil Johnson,sybil.johnson8993@example.com,sales,Platform Team,Rebuild the customer portal
Wendy Martin,wendy.martin8994@example.com,engineering,Platform Team,Rebuild the customer portal
Peggy Perez,peggy.perez8995@example.com,support,Growth Team,Expand into new markets
Laura White,laura.white8996@example.com,sales,Data Team,Build the analytics pipeline
Quentin Harris,quentin.harris8997@example.com,support,Data Team,Build the analytics pipeline
Heidi Hernandez,heidi.hernandez8998@example.com,engineering,Mobile Team,Ship the new mobile app
Victor Martin,victor.martin8999@example.com,engineering,Platform Team,Rebuild the customer portal
Peggy Ramirez,peggy.ramirez9000@example.com,support,Data Team,Build the analytics pipeline
Grace Martin,grace.martin9001@example.com,engineering,Growth Team,Expand into new markets
Diana Hernandez,diana.hernandez9002@example.com,engineering,Data Team,Build the analytics pipeline
Olivia Sanchez,olivia.sanchez9003@example.com,engineering,Data Team,Build the analytics pipeline
Amir Martin,amir.martin9004@example.com,sales,Growth Team,Expand into new markets
Ruth Lewis,ruth.lewis9005@example.com,support,Platform Team,Rebuild the customer portal
Xavier Clark,xavier.clark9006@example.com,sales,Data Team,Build the analytics pipeline
Bianca Wilson,bianca.wilson9007@example.com,engineering,Growth Team,Expand into new markets
Amir Thompson,amir.thompson9008@example.com,support,Growth Team,Expand into new markets
Grace Gonzalez,grace.gonzalez9009@example.com,engineering,Platform Team,Rebuild the customer portal
Wendy Moore,wendy.moore9010@example.com,engineering,Mobile Team,Ship the new mobile app
Sybil Martin,sybil.martin9011@example.com,sales,Data Team,Build the analytics pipeline
Ivan Brown,ivan.brown9012@example.com,support,Growth Team,Expand into new markets
Yolanda Moore,yolanda.moore9013@example.com,sales,Data Team,Build the analytics pipeline
Heidi Brown,heidi.brown9014@example.com,sales,Data Team,Build the analytics pipeline
Grace Harris,grace.harris9015@example.com,support,Platform Team,Rebuild the customer portal
Heidi Smith,heidi.smith9016@example.com,support,Mobile Team,Ship the new mobile app
Mallory Taylor,mallory.taylor9017@example.com,support,Data Team,Build the analytics pipeline
Bob Lee,bob.lee9018@example.com,support,Mobile Team,Ship the new mobile app
Victor Martinez,victor.martinez9019@example.com,support,Data Team,Build the analytics pipeline
Ruth Anderson,ruth.anderson9020@example.com,support,Growth Team,Expand into new markets
Ivan Robinson,ivan.robinson9021@example.com,support,Platform Team,Rebuild the customer portal
Xavier Martin,xavier.martin9022@example.com,support,Growth Team,Expand into new markets
Dave Anderson,dave.anderson9023@example.com,support,Mobile Team,Ship the new mobile app
Yolanda Lewis,yolanda.lewis9024@example.com,sales,Growth Team,Expand into new markets
Uma Harris,uma.harris9025@example.com,sales,Platform Team,Rebuild the customer portal
Mallory Taylor,mallory.taylor9026@example.com,engineering,Platform Team,Rebuild the customer portal
Carlos Miller,carlos.miller9027@example.com,support,Growth Team,Expand into new markets
Peggy Miller,peggy.miller9028@example.com,sales,Mobile Team,Ship the new mobile app
Alice Thomas,alice.thomas9029@example.com,engineering,Growth Team,Expand into new markets
Peggy Perez,peggy.perez9030@example.com,support,Growth Team,Expand into new markets
Judy Smith,judy.smith9031@example.com,sales,Growth Team,Expand into new markets
Eve Lee,eve.lee9032@example.com,support,Growth Team,Expand into new markets
Frank White,frank.white9033@example.com,engineering,Data Team,Build the analytics pipeline
Wendy Martin,wendy.martin9034@example.com,engineering,Growth Team,Expand into new markets
Niaj Perez,niaj.perez9035@example.com,engineering,Growth Team,Expand into new markets
Xavier Davis,xavier.davis9036@example.com,sales,Mobile Team,Ship the new mobile app
Judy Lewis,judy.lewis9037@example.com,engineering,Platform Team,Rebuild the customer portal
Carlos Moore,carlos.moore9038@example.com,support,Platform Team,Rebuild the customer portal
Zach Martinez,zach.martinez9039@example.com,sales,Data Team,Build the analytics pipeline
Frank Martinez,frank.martinez9040@example.com,engineering,Data Team,Build the analytics pipeline
Victor Perez,victor.perez9041@example.com,engineering,Platform Team,Rebuild the customer portal
Wendy Rodriguez,wendy.rodriguez9042@example.com,sales,Growth Team,Expand into new markets
Alice Thompson,alice.thompson9043@example.com,sales,Data Team,Build the analytics pipeline
Niaj Lopez,niaj.lopez9044@example.com,engineering,Platform Team,Rebuild the customer portal
Victor White,victor.white9045@example.com,support,Mobile Team,Ship the new mobile app
Carol Hernandez,carol.hernandez9046@example.com,sales,Mobile Team,Ship the new mobile app
Alice Martin,alice.martin9047@example.com,engineering,Data Team,Build the analytics pipeline
Judy Thomas,judy.thomas9048@example.com,engineering,Data Team,Build the analytics pipeline
Trent Moore,trent.moore9049@example.com,engineering,Platform Team,Rebuild the customer portal
Olivia Johnson,olivia.johnson9050@example.com,sales,Data Team,Build the analytics pipeline
Amir Lee,amir.lee9051@example.com,sales,Growth Team,Expand into new markets
Amir Hernandez,amir.hernandez9052@example.com,support,Platform Team,Rebuild the customer portal
Uma Martin,uma.martin9053@example.com,support,Platform Team,Rebuild the customer portal
Diana Clark,diana.clark9054@example.com,sales,Growth Team,Expand into new markets
Bianca Williams,bianca.williams9055@example.com,engineering,Platform Team,Rebuild the customer portal
Uma Miller,uma.miller9056@example.com,sales,Data Team,Build the analytics pipeline
Kevin Martin,kevin.martin9057@example.com,engineering,Data Team,Build the analytics pipeline
Xavier Jackson,xavier.jackson9058@example.com,engineering,Growth Team,Expand into new markets
Uma Garcia,uma.garcia9059@example.com,sales,Growth Team,Expand into new markets
Mallory Thompson,mallory.thompson9060@example.com,sales,Mobile Team,Ship the new mobile app
Sybil Perez,sybil.perez9061@example.com,support,Mobile Team,Ship the new mobile app
Frank Harris,frank.harris9062@example.com,support,Growth Team,Expand into new markets
Laura Davis,laura.davis9063@example.com,support,Growth Team,Expand into new markets
Mallory Williams,mallory.williams9064@example.com,engineering,Data Team,Build the analytics pipeline
Amir Williams,amir.williams9065@example.com,support,Growth Team,Expand into new markets
Victor Smith,victor.smith9066@example.com,sales,Growth Team,Expand into new markets
Eve Rodriguez,eve.rodriguez9067@example.com,sales,Growth Team,Expand into new markets
Alice Gonzalez,alice.gonzalez9068@example.com,support,Mobile Team,Ship the new mobile app
Frank Taylor,frank.taylor9069@example.com,sales,Growth Team,Expand into new markets
Niaj Miller,niaj.miller9070@example.com,sales,Growth Team,Expand into new markets
Victor Taylor,victor.taylor9071@example.com,engineering,Growth Team,Expand into new markets
Ivan Miller,ivan.miller9072@example.com,sales,Mobile Team,Ship the new mobile app
Dave White,dave.white9073@example.com,sales,Mobile Team,Ship the new mobile app
Carlos Martin,carlos.martin9074@example.com,support,Data Team,Build the analytics pipeline
Bob Taylor,bob.taylor9075@example.com,sales,Mobile Team,Ship the new mobile app
Zach Martinez,zach.martinez9076@example.com,sales,Growth Team,Expand into new markets
Heidi White,heidi.white9077@example.com,sales,Growth Team,Expand into new markets
Trent Jones,trent.jones9078@example.com,sales,Data Team,Build the analytics pipeline
Alice Anderson,alice.anderson9079@example.com,engineering,Data Team,Build the analytics pipeline
Kevin Clark,kevin.clark9080@example.com,support,Platform Team,Rebuild the customer portal
Bianca Lopez,bianca.lopez9081@example.com,support,Growth Team,Expand into new markets
Uma Lewis,uma.lewis9082@example.com,support,Data Team,Build the analytics pipeline
Ivan Lewis,ivan.lewis9083@example.com,support,Mobile Team,Ship the new mobile app
Bianca Smith,bianca.smith9084@example.com,support,Growth Team,Expand into new markets
Niaj Sanchez,niaj.sanchez9085@example.com,sales,Mobile Team,Ship the new mobile app
Kevin Miller,kevin.miller9086@example.com,support,Data Team,Build the analytics pipeline
Dave Clark,dave.clark9087@example.com,sales,Mobile Team,Ship the new mobile app
Kevin Johnson,kevin.johnson9088@example.com,sales,Data Team,Build the analytics pipeline
Dave Sanchez,dave.sanchez9089@example.com,engineering,Growth Team,Expand into new markets
Bob Harris,bob.harris9090@example.com,sales,Data Team,Build the analytics pipeline
Eve Moore,eve.moore9091@example.com,engineering,Mobile Team,Ship the new mobile app
Diana Rodriguez,diana.rodriguez9092@example.com,support,Data Team,Build the analytics pipeline
Xavier Martin,xavier.martin9093@example.com,support,Mobile Team,Ship the new mobile app
Mallory Taylor,mallory.taylor9094@example.com,sales,Mobile Team,Ship the new mobile app
Olivia Jackson,olivia.jackson9095@example.com,sales,Data Team,Build the analytics pipeline
Alice Wilson,alice.wilson9096@example.com,sales,Platform Team,Rebuild the customer portal
Wendy Ramirez,wendy.ramirez9097@example.com,sales,Platform Team,Rebuild the customer portal
Sybil Johnson,sybil.johnson9098@example.com,sales,Platform Team,Rebuild the customer portal
Trent Anderson,trent.anderson9099@example.com,engineering,Platform Team,Rebuild the customer portal
Alice Harris,alice.harris9100@example.com,support,Growth Team,Expand into new markets
Ivan Sanchez,ivan.sanchez9101@example.com,engineering,Mobile Team,Ship the new mobile app
Kevin Gonzalez,kevin.gonzalez9102@example.com,sales,Mobile Team,Ship the new mobile app
Niaj Wilson,niaj.wilson9103@example.com,engineering,Data Team,Build the analytics pipeline
Uma Hernandez,uma.hernandez9104@example.com,support,Platform Team,Rebuild the customer portal
Xavier Taylor,xavier.taylor9105@example.com,engineering,Mobile Team,Ship the new mobile app
Victor Brown,victor.brown9106@example.com,sales,Mobile Team,Ship the new mobile app
Victor Martinez,victor.martinez9107@example.com,support,Data Team,Build the analytics pipeline
Carlos White,carlos.white9108@example.com,engineering,Growth Team,Expand into new markets
Judy Thompson,judy.thompson9109@example.com,sales,Growth Team,Expand into new markets
Trent Lewis,trent.lewis9110@example.com,support,Mobile Team,Ship the new mobile app
Quentin Hernandez,quentin.hernandez9111@example.com,sales,Platform Team,Rebuild the customer portal
Kevin Harris,kevin.harris9112@example.com,support,Platform Team,Rebuild the customer portal
Kevin Sanchez,kevin.sanchez9113@example.com,sales,Mobile Team,Ship the new mobile app
Bianca Thompson,bianca.thompson9114@example.com,sales,Growth Team,Expand into new markets
Kevin Martinez,kevin.martinez9115@example.com,engineering,Platform Team,Rebuild the customer portal
Amir Thompson,amir.thompson9116@example.com,engineering,Data Team,Build the analytics pipeline
Zach Moore,zach.moore9117@example.com,engineering,Mobile Team,Ship the new mobile app
Peggy Clark,peggy.clark9118@example.com,sales,Growth Team,Expand into new markets
Zach Anderson,zach.anderson9119@example.com,sales,Platform Team,Rebuild the customer portal
Bob Ramirez,bob.ramirez9120@example.com,sales,Growth Team,Expand into new markets
Bob Ramirez,bob.ramirez9121@example.com,support,Growth Team,Expand into new markets
Kevin Ramirez,kevin.ramirez9122@example.com,sales,Mobile Team,Ship the new mobile app
Xavier Garcia,xavier.garcia9123@example.com,sales,Mobile Team,Ship the new mobile app
Quentin Sanchez,quentin.sanchez9124@example.com,support,Platform Team,Rebuild the customer portal
Niaj Harris,niaj.harris9125@example.com,support,Growth Team,Expand into new markets
Uma Martinez,uma.martinez9126@example.com,support,Growth Team,Expand into new markets
Niaj Ramirez,niaj.ramirez9127@example.com,support,Platform Team,Rebuild the customer portal
Mallory Miller,mallory.miller9128@example.com,support,Data Team,Build the analytics pipeline
Laura Davis,laura.davis9129@example.com,support,Platform Team,Rebuild the customer portal
Amir Williams,amir.williams9130@example.com,engineering,Platform Team,Rebuild the customer portal
Bianca Harris,bianca.harris9131@example.com,sales,Growth Team,Expand into new markets
Ruth Jackson,ruth.jackson9132@example.com,support,Mobile Team,Ship the new mobile app
Kevin Williams,kevin.williams9133@example.com,engineering,Growth Team,Expand into new markets
Yolanda Martinez,yolanda.martinez9134@example.com,engineering,Data Team,Build the analytics pipeline
Diana Ramirez,diana.ramirez9135@example.com,sales,Mobile Team,Ship the new mobile app
Laura Taylor,laura.taylor9136@example.com,sales,Mobile Team,Ship the new mobile app
Bob Lewis,bob.lewis9137@example.com,sales,Growth Team,Expand into new markets
Kevin Wilson,kevin.wilson9138@example.com,engineering,Growth Team,Expand into new markets
Grace White,grace.white9139@example.com,engineering,Mobile Team,Ship the new mobile app
Ivan Martinez,ivan.martinez9140@example.com,engineering,Data Team,Build the analytics pipeline
Uma Martin,uma.martin9141@example.com,sales,Data Team,Build the analytics pipeline
Quentin Harris,quentin.harris9142@example.com,support,Mobile Team,Ship the new mobile app
Xavier Thompson,xavier.thompson9143@example.com,engineering,Growth Team,Expand into new markets
Dave Moore,dave.moore9144@example.com,support,Platform Team,Rebuild the customer portal
Eve Miller,eve.miller9145@example.com,sales,Growth Team,Expand into new markets
Olivia Perez,olivia.perez9146@example.com,engineering,Mobile Team,Ship the new mobile app
Peggy Thompson,peggy.thompson9147@example.com,sales,Platform Team,Rebuild the customer portal
Carlos Davis,carlos.davis9148@example.com,sales,Platform Team,Rebuild the customer portal
Judy Rodriguez,judy.rodriguez9149@example.com,sales,Data Team,Build the analytics pipeline
Olivia Lewis,olivia.lewis9150@example.com,engineering,Mobile Team,Ship the new mobile app
Victor Wilson,victor.wilson9151@example.com,sales,Growth Team,Expand into new markets
Heidi Gonzalez,heidi.gonzalez9152@example.com,support,Mobile Team,Ship the new mobile app
Kevin Thompson,kevin.thompson9153@example.com,support,Platform Team,Rebuild the customer portal
Trent Lewis,trent.lewis9154@example.com,sales,Mobile Team,Ship the new mobile app
Ivan Sanchez,ivan.sanchez9155@example.com,sales,Mobile Team,Ship the new mobile app
Trent Rodriguez,trent.rodriguez9156@example.com,support,Data Team,Build the analytics pipeline
Heidi Martinez,heidi.martinez9157@example.com,engineering,Data Team,Build the analytics pipeline
Sybil Lopez,sybil.lopez9158@example.com,sales,Growth Team,Expand into new markets
Xavier Anderson,xavier.anderson9159@example.com,engineering,Data Team,Build the analytics pipeline
Yolanda Sanchez,yolanda.sanchez9160@example.com,sales,Growth Team,Expand into new markets
Mallory Anderson,mallory.anderson9161@example.com,support,Mobile Team,Ship the new mobile app
Peggy Martinez,peggy.martinez9162@example.com,sales,Platform Team,Rebuild the customer portal
Bianca Jones,bianca.jones9163@example.com,sales,Platform Team,Rebuild the customer portal
Niaj Anderson,niaj.anderson9164@example.com,engineering,Data Team,Build the analytics pipeline
Judy Martin,judy.martin9165@example.com,sales,Mobile Team,Ship the new mobile app
Grace Martinez,grace.martinez9166@example.com,engineering,Platform Team,Rebuild the customer portal
Kevin Harris,kevin.harris9167@example.com,engineering,Mobile Team,Ship the new mobile app
Uma Harris,uma.harris9168@example.com,engineering,Growth Team,Expand into new markets
Trent Jackson,trent.jackson9169@example.com,engineering,Platform Team,Rebuild the customer portal
Uma Thompson,uma.thompson9170@example.com,support,Platform Team,Rebuild the customer portal
Bianca Rodriguez,bianca.rodriguez9171@example.com,sales,Platform Team,Rebuild the customer portal
Laura Gonzalez,laura.gonzalez9172@example.com,support,Data Team,Build the analytics pipeline
Quentin Jones,quentin.jones9173@example.com,support,Growth Team,Expand into new markets
Judy White,judy.white9174@example.com,sales,Data Team,Build the analytics pipeline
Heidi Taylor,heidi.taylor9175@example.com,support,Data Team,Build the analytics pipeline
Victor Wilson,victor.wilson9176@example.com,engineering,Data Team,Build the analytics pipeline
Kevin Garcia,kevin.garcia9177@example.com,support,Growth Team,Expand into new markets
Eve Wilson,eve.wilson9178@example.com,engineering,Mobile Team,Ship the new mobile app
Uma Perez,uma.perez9179@example.com,engineering,Platform Team,Rebuild the customer portal
Ivan Anderson,ivan.anderson9180@example.com,support,Platform Team,Rebuild the customer portal
Xavier Williams,xavier.williams9181@example.com,engineering,Platform Team,Rebuild the customer portal
Xavier Davis,xavier.davis9182@example.com,support,Data Team,Build the analytics pipeline
Yolanda Perez,yolanda.perez9183@example.com,sales,Data Team,Build the analytics pipeline
Carol Williams,carol.williams9184@example.com,sales,Mobile Team,Ship the new mobile app
Carol Williams,carol.williams9185@example.com,support,Platform Team,Rebuild the customer portal
Carlos Hernandez,carlos.hernandez9186@example.com,support,Growth Team,Expand into new markets
Olivia Sanchez,olivia.sanchez9187@example.com,sales,Data Team,Build the analytics pipeline
Niaj Williams,niaj.williams9188@example.com,support,Data Team,Build the analytics pipeline
Judy Thomas,judy.thomas9189@example.com,sales,Mobile Team,Ship the new mobile app
Diana Williams,diana.williams9190@example.com,support,Mobile Team,Ship the new mobile app
Peggy Perez,peggy.perez9191@example.com,sales,Platform Team,Rebuild the customer portal
Xavier Anderson,xavier.anderson9192@example.com,sales,Mobile Team,Ship the new mobile app
Victor Lee,victor.lee9193@example.com,support,Mobile Team,Ship the new mobile app
Carlos Jones,carlos.jones9194@example.com,support,Platform Team,Rebuild the customer portal
Laura Thompson,laura.thompson9195@example.com,sales,Growth Team,Expand into new markets
Mallory Hernandez,mallory.hernandez9196@example.com,engineering,Data Team,Build the analytics pipeline
Quentin Lee,quentin.lee9197@example.com,sales,Platform Team,Rebuild the customer portal
Wendy Garcia,wendy.garcia9198@example.com,support,Growth Team,Expand into new markets
Heidi Smith,heidi.smith9199@example.com,support,Growth Team,Expand into new markets
Wendy Garcia,wendy.garcia9200@example.com,sales,Mobile Team,Ship the new mobile app
Diana Martinez,diana.martinez9201@example.com,sales,Platform Team,Rebuild the customer portal
Ivan Clark,ivan.clark9202@example.com,support,Mobile Team,Ship the new mobile app
Heidi Martin,heidi.martin9203@example.com,engineering,Mobile Team,Ship the new mobile app
Diana Jones,diana.jones9204@example.com,sales,Platform Team,Rebuild the customer portal
Bob Lopez,bob.lopez9205@example.com,engineering,Platform Team,Rebuild the customer portal
Carlos Williams,carlos.williams9206@example.com,sales,Mobile Team,Ship the new mobile app
Bob Martinez,bob.martinez9207@example.com,sales,Mobile Team,Ship the new mobile app
Olivia Ramirez,olivia.ramirez9208@example.com,engineering,Growth Team,Expand into new markets
Ruth Jackson,ruth.jackson9209@example.com,sales,Platform Team,Rebuild the customer portal
Olivia White,olivia.white9210@example.com,engineering,Data Team,Build the analytics pipeline
Ivan Anderson,ivan.anderson9211@example.com,sales,Data Team,Build the analytics pipeline
Amir Jones,amir.jones9212@example.com,engineering,Platform Team,Rebuild the customer portal
Kevin Martin,kevin.martin9213@example.com,sales,Data Team,Build the analytics pipeline
Dave Smith,dave.smith9214@example.com,support,Growth Team,Expand into new markets
Heidi Sanchez,heidi.sanchez9215@example.com,support,Mobile Team,Ship the new mobile app
Heidi Clark,heidi.clark9216@example.com,engineering,Data Team,Build the analytics pipeline
Ruth Robinson,ruth.robinson9217@example.com,sales,Mobile Team,Ship the new mobile app
Judy Robinson,judy.robinson9218@example.com,sales,Mobile Team,Ship the new mobile app
Judy Brown,judy.brown9219@example.com,engineering,Growth Team,Expand into new markets
Grace Robinson,grace.robinson9220@example.com,engineering,Data Team,Build the analytics pipeline
Quentin Perez,quentin.perez9221@example.com,engineering,Growth Team,Expand into new markets
Eve Lopez,eve.lopez9222@example.com,engineering,Data Team,Build the analytics pipeline
Ivan Lewis,ivan.lewis9223@example.com,sales,Mobile Team,Ship the new mobile app
Ruth Clark,ruth.clark9224@example.com,sales,Platform Team,Rebuild the customer portal
Grace Martin,grace.martin9225@example.com,support,Data Team,Build the analytics pipeline
Frank Thompson,frank.thompson9226@example.com,sales,Platform Team,Rebuild the customer portal
Ruth Martin,ruth.martin9227@example.com,sales,Data Team,Build the analytics pipeline
Carlos Martin,carlos.martin9228@example.com,support,Platform Team,Rebuild the customer portal
Quentin Martinez,quentin.martinez9229@example.com,engineering,Platform Team,Rebuild the customer portal
Ruth Gonzalez,ruth.gonzalez9230@example.com,sales,Data Team,Build the analytics pipeline
Zach Taylor,zach.taylor9231@example.com,sales,Platform Team,Rebuild the customer portal
Olivia Lopez,olivia.lopez9232@example.com,engineering,Growth Team,Expand into new markets
Ruth Miller,ruth.miller9233@example.com,support,Platform Team,Rebuild the customer portal
Heidi Martinez,heidi.martinez9234@example.com,support,Platform Team,Rebuild the customer portal
Carlos Thompson,carlos.thompson9235@example.com,support,Platform Team,Rebuild the customer portal
Bob Miller,bob.miller9236@example.com,sales,Platform Team,Rebuild the customer portal
Bianca Gonzalez,bianca.gonzalez9237@example.com,sales,Growth Team,Expand into new markets
Eve Thompson,eve.thompson9238@example.com,sales,Growth Team,Expand into new markets
Diana Garcia,diana.garcia9239@example.com,support,Platform Team,Rebuild the customer portal
Trent Lewis,trent.lewis9240@example.com,support,Data Team,Build the analytics pipeline
Olivia White,olivia.white9241@example.com,engineering,Growth Team,Expand into new markets
Amir Jackson,amir.jackson9242@example.com,engineering,Platform Team,Rebuild the customer portal
Carol Taylor,carol.taylor9243@example.com,engineering,Data Team,Build the analytics pipeline
Peggy Lewis,peggy.lewis9244@example.com,sales,Growth Team,Expand into new markets
Carol Williams,carol.williams9245@example.com,support,Data Team,Build the analytics pipeline
Mallory Williams,mallory.williams9246@example.com,engineering,Growth Team,Expand into new markets
Carol Hernandez,carol.hernandez9247@example.com,sales,Data Team,Build the analytics pipeline
Grace Ramirez,grace.ramirez9248@example.com,engineering,Platform Team,Rebuild the customer portal
Kevin Davis,kevin.davis9249@example.com,engineering,Platform Team,Rebuild the customer portal
Bob Sanchez,bob.sanchez9250@example.com,sales,Data Team,Build the analytics pipeline
Alice Anderson,alice.anderson9251@example.com,support,Mobile Team,Ship the new mobile app
Carol Perez,carol.perez9252@example.com,engineering,Platform Team,Rebuild the customer portal
Trent Lewis,trent.lewis9253@example.com,sales,Mobile Team,Ship the new mobile app
Trent Moore,trent.moore9254@example.com,support,Data Team,Build the analytics pipeline
Yolanda Hernandez,yolanda.hernandez9255@example.com,sales,Data Team,Build the analytics pipeline
Niaj White,niaj.white9256@example.com,engineering,Mobile Team,Ship the new mobile app
Xavier Sanchez,xavier.sanchez9257@example.com,sales,Data Team,Build the analytics pipeline
Carlos Martinez,carlos.martinez9258@example.com,support,Platform Team,Rebuild the customer portal
Xavier Garcia,xavier.garcia9259@example.com,engineering,Platform Team,Rebuild the customer portal
Niaj Martin,niaj.martin9260@example.com,sales,Data Team,Build the analytics pipeline
Eve Johnson,eve.johnson9261@example.com,sales,Mobile Team,Ship the new mobile app
Victor Williams,victor.williams9262@example.com,engineering,Platform Team,Rebuild the customer portal
Niaj Brown,niaj.brown9263@example.com,support,Mobile Team,Ship the new mobile app
Mallory Thompson,mallory.thompson9264@example.com,engineering,Platform Team,Rebuild the customer portal
Bob Lewis,bob.lewis9265@example.com,engineering,Growth Team,Expand into new markets
Victor Rodriguez,victor.rodriguez9266@example.com,support,Growth Team,Expand into new markets
Dave Gonzalez,dave.gonzalez9267@example.com,sales,Growth Team,Expand into new markets
Amir Taylor,amir.taylor9268@example.com,engineering,Growth Team,Expand into new markets
Victor Williams,victor.williams9269@example.com,sales,Mobile Team,Ship the new mobile app
Diana Lee,diana.lee9270@example.com,engineering,Mobile Team,Ship the new mobile app
Uma Sanchez,uma.sanchez9271@example.com,support,Mobile Team,Ship the new mobile app
Sybil Harris,sybil.harris9272@example.com,engineering,Mobile Team,Ship the new mobile app
Alice Taylor,alice.taylor9273@example.com,support,Growth Team,Expand into new markets
Ivan Thomas,ivan.thomas9274@example.com,support,Platform Team,Rebuild the customer portal
Alice Smith,alice.smith9275@example.com,support,Data Team,Build the analytics pipeline
Heidi Jones,heidi.jones9276@example.com,sales,Data Team,Build the analytics pipeline
Eve Harris,eve.harris9277@example.com,support,Growth Team,Expand into new markets
Uma Anderson,uma.anderson9278@example.com,support,Platform Team,Rebuild the customer portal
Grace Garcia,grace.garcia9279@example.com,engineering,Growth Team,Expand into new markets
Bob Lee,bob.lee9280@example.com,sales,Mobile Team,Ship the new mobile app
Ruth Hernandez,ruth.hernandez9281@example.com,support,Mobile Team,Ship the new mobile app
Eve Rodriguez,eve.rodriguez9282@example.com,support,Growth Team,Expand into new markets
Olivia Brown,olivia.brown9283@example.com,support,Growth Team,Expand into new markets
Laura Williams,laura.williams9284@example.com,sales,Data Team,Build the analytics pipeline
Frank Lewis,frank.lewis9285@example.com,sales,Platform Team,Rebuild the customer portal
Victor Taylor,victor.taylor9286@example.com,support,Platform Team,Rebuild the customer portal
Diana Jones,diana.jones9287@example.com,engineering,Mobile Team,Ship the new mobile app
Zach Gonzalez,zach.gonzalez9288@example.com,sales,Platform Team,Rebuild the customer portal
Ruth Smith,ruth.smith9289@example.com,engineering,Growth Team,Expand into new markets
Ivan Smith,ivan.smith9290@example.com,sales,Mobile Team,Ship the new mobile app
Bianca Martinez,bianca.martinez9291@example.com,sales,Mobile Team,Ship the new mobile app
Olivia Sanchez,olivia.sanchez9292@example.com,support,Mobile Team,Ship the new mobile app
Trent Hernandez,trent.hernandez9293@example.com,support,Platform Team,Rebuild the customer portal
Sybil Smith,sybil.smith9294@example.com,engineering,Data Team,Build the analytics pipeline
Uma Taylor,uma.taylor9295@example.com,sales,Data Team,Build the analytics pipeline
Mallory Thompson,mallory.thompson9296@example.com,engineering,Data Team,Build the analytics pipeline
Bob Brown,bob.brown9297@example.com,sales,Mobile Team,Ship the new mobile app
Uma Clark,uma.clark9298@example.com,sales,Data Team,Build the analytics pipeline
Zach Jones,zach.jones9299@example.com,support,Growth Team,Expand into new markets
Ruth Thomas,ruth.thomas9300@example.com,support,Mobile Team,Ship the new mobile app
Carlos Gonzalez,carlos.gonzalez9301@example.com,sales,Data Team,Build the analytics pipeline
Wendy Robinson,wendy.robinson9302@example.com,engineering,Growth Team,Expand into new markets
Grace Gonzalez,grace.gonzalez9303@example.com,sales,Platform Team,Rebuild the customer portal
Uma Jones,uma.jones9304@example.com,support,Growth Team,Expand into new markets
Alice Lewis,alice.lewis9305@example.com,engineering,Platform Team,Rebuild the customer portal
Zach White,zach.white9306@example.com,support,Growth Team,Expand into new markets
Mallory Smith,mallory.smith9307@example.com,sales,Data Team,Build the analytics pipeline
Amir Jackson,amir.jackson9308@example.com,support,Data Team,Build the analytics pipeline
Yolanda Anderson,yolanda.anderson9309@example.com,support,Platform Team,Rebuild the customer portal
Trent Smith,trent.smith9310@example.com,support,Growth Team,Expand into new markets
Alice Miller,alice.miller9311@example.com,engineering,Data Team,Build the analytics pipeline
Yolanda White,yolanda.white9312@example.com,support,Data Team,Build the analytics pipeline
Sybil Sanchez,sybil.sanchez9313@example.com,support,Data Team,Build the analytics pipeline
Heidi Moore,heidi.moore9314@example.com,support,Growth Team,Expand into new markets
Sybil Martinez,sybil.martinez9315@example.com,engineering,Data Team,Build the analytics pipeline
Sybil Thompson,sybil.thompson9316@example.com,sales,Platform Team,Rebuild the customer portal
Olivia Sanchez,olivia.sanchez9317@example.com,sales,Platform Team,Rebuild the customer portal
Heidi Martinez,heidi.martinez9318@example.com,engineering,Mobile Team,Ship the new mobile app
Ruth Davis,ruth.davis9319@example.com,engineering,Data Team,Build the analytics pipeline
Xavier Wilson,xavier.wilson9320@example.com,engineering,Mobile Team,Ship the new mobile app
Uma Johnson,uma.johnson9321@example.com,support,Data Team,Build the analytics pipeline
Heidi Jones,heidi.jones9322@example.com,sales,Mobile Team,Ship the new mobile app
Alice Sanchez,alice.sanchez9323@example.com,support,Data Team,Build the analytics pipeline
Yolanda Taylor,yolanda.taylor9324@example.com,support,Mobile Team,Ship the new mobile app
Quentin White,quentin.white9325@example.com,sales,Mobile Team,Ship the new mobile app
Mallory Thompson,mallory.thompson9326@example.com,support,Growth Team,Expand into new markets
Carlos Garcia,carlos.garcia9327@example.com,support,Data Team,Build the analytics pipeline
Victor Moore,victor.moore9328@example.com,engineering,Growth Team,Expand into new markets
Quentin Lewis,quentin.lewis9329@example.com,support,Growth Team,Expand into new markets
Ruth Lewis,ruth.lewis9330@example.com,engineering,Platform Team,Rebuild the customer portal
Quentin Miller,quentin.miller9331@example.com,engineering,Growth Team,Expand into new markets
Laura Miller,laura.miller9332@example.com,sales,Platform Team,Rebuild the customer portal
Carlos Taylor,carlos.taylor9333@example.com,sales,Data Team,Build the analytics pipeline
Ruth White,ruth.white9334@example.com,support,Data Team,Build the analytics pipeline
Amir Wilson,amir.wilson9335@example.com,sales,Mobile Team,Ship the new mobile app
Uma Thomas,uma.thomas9336@example.com,support,Platform Team,Rebuild the customer portal
Mallory Rodriguez,mallory.rodriguez9337@example.com,support,Data Team,Build the analytics pipeline
Heidi Thomas,heidi.thomas9338@example.com,support,Data Team,Build the analytics pipeline
Ivan Jackson,ivan.jackson9339@example.com,support,Data Team,Build the analytics pipeline
Peggy Hernandez,peggy.hernandez9340@example.com,engineering,Growth Team,Expand into new markets
Heidi Lopez,heidi.lopez9341@example.com,engineering,Growth Team,Expand into new markets
Peggy Hernandez,peggy.hernandez9342@example.com,support,Data Team,Build the analytics pipeline
Zach Thompson,zach.thompson9343@example.com,support,Data Team,Build the analytics pipeline
Uma Garcia,uma.garcia9344@example.com,sales,Mobile Team,Ship the new mobile app
Ruth Thompson,ruth.thompson9345@example.com,sales,Mobile Team,Ship the new mobile app
Carol Perez,carol.perez9346@example.com,support,Platform Team,Rebuild the customer portal
Uma Martinez,uma.martinez9347@example.com,support,Mobile Team,Ship the new mobile app
Carlos Robinson,carlos.robinson9348@example.com,sales,Growth Team,Expand into new markets
Olivia Hernandez,olivia.hernandez9349@example.com,support,Platform Team,Rebuild the customer portal
Uma Brown,uma.brown9350@example.com,sales,Mobile Team,Ship the new mobile app
Ivan Hernandez,ivan.hernandez9351@example.com,sales,Growth Team,Expand into new markets
Trent Wilson,trent.wilson9352@example.com,sales,Data Team,Build the analytics pipeline
Carol Harris,carol.harris9353@example.com,support,Data Team,Build the analytics pipeline
Niaj Martinez,niaj.martinez9354@example.com,support,Platform Team,Rebuild the customer portal
Mallory Anderson,mallory.anderson9355@example.com,engineering,Mobile Team,Ship the new mobile app
Diana White,diana.white9356@example.com,engineering,Platform Team,Rebuild the customer portal
Sybil Miller,sybil.miller9357@example.com,support,Data Team,Build the analytics pipeline
Quentin Clark,quentin.clark9358@example.com,engineering,Growth Team,Expand into new markets
Amir Brown,amir.brown9359@example.com,engineering,Mobile Team,Ship the new mobile app
Amir Johnson,amir.johnson9360@example.com,support,Platform Team,Rebuild the customer portal
Kevin Jackson,kevin.jackson9361@example.com,support,Mobile Team,Ship the new mobile app
Uma Jones,uma.jones9362@example.com,sales,Growth Team,Expand into new markets
Eve Jones,eve.jones9363@example.com,support,Data Team,Build the analytics pipeline
Zach White,zach.white9364@example.com,sales,Growth Team,Expand into new markets
Yolanda Perez,yolanda.perez9365@example.com,sales,Growth Team,Expand into new markets
Mallory Wilson,mallory.wilson9366@example.com,support,Platform Team,Rebuild the customer portal
Uma Taylor,uma.taylor9367@example.com,sales,Data Team,Build the analytics pipeline
Uma Thompson,uma.thompson9368@example.com,engineering,Platform Team,Rebuild the customer portal
Zach Lee,zach.lee9369@example.com,sales,Platform Team,Rebuild the customer portal
Alice Sanchez,alice.sanchez9370@example.com,engineering,Growth Team,Expand into new markets
Diana Martinez,diana.martinez9371@example.com,engineering,Platform Team,Rebuild the customer portal
Amir Ramirez,amir.ramirez9372@example.com,engineering,Data Team,Build the analytics pipeline
Olivia White,olivia.white9373@example.com,sales,Growth Team,Expand into new markets
Zach Lewis,zach.lewis9374@example.com,sales,Mobile Team,Ship the new mobile app
Xavier Thomas,xavier.thomas9375@example.com,sales,Platform Team,Rebuild the customer portal
Kevin Rodriguez,kevin.rodriguez9376@example.com,sales,Data Team,Build the analytics pipeline
Carlos Smith,carlos.smith9377@example.com,engineering,Data Team,Build the analytics pipeline
Sybil Jones,sybil.jones9378@example.com,engineering,Mobile Team,Ship the new mobile app
Trent Lewis,trent.lewis9379@example.com,sales,Mobile Team,Ship the new mobile app
Bianca Rodriguez,bianca.rodriguez9380@example.com,support,Mobile Team,Ship the new mobile app
Wendy Jones,wendy.jones9381@example.com,engineering,Mobile Team,Ship the new mobile app
Bob Lee,bob.lee9382@example.com,support,Data Team,Build the analytics pipeline
Grace Gonzalez,grace.gonzalez9383@example.com,support,Data Team,Build the analytics pipeline
Sybil Williams,sybil.williams9384@example.com,support,Platform Team,Rebuild the customer portal
Wendy Jones,wendy.jones9385@example.com,sales,Data Team,Build the analytics pipeline
Olivia White,olivia.white9386@example.com,support,Growth Team,Expand into new markets
Laura White,laura.white9387@example.com,engineering,Platform Team,Rebuild the customer portal
Carol Lewis,carol.lewis9388@example.com,sales,Data Team,Build the analytics pipeline
Xavier Lewis,xavier.lewis9389@example.com,support,Growth Team,Expand into new markets
Heidi Ramirez,heidi.ramirez9390@example.com,support,Platform Team,Rebuild the customer portal
Peggy Anderson,peggy.anderson9391@example.com,sales,Data Team,Build the analytics pipeline
Ruth Jones,ruth.jones9392@example.com,engineering,Platform Team,Rebuild the customer portal
Mallory Garcia,mallory.garcia9393@example.com,sales,Mobile Team,Ship the new mobile app
Grace Martin,grace.martin9394@example.com,sales,Data Team,Build the analytics pipeline
Peggy Lee,peggy.lee9395@example.com,sales,Data Team,Build the analytics pipeline
Xavier Gonzalez,xavier.gonzalez9396@example.com,sales,Platform Team,Rebuild the customer portal
Ruth Martin,ruth.martin9397@example.com,sales,Platform Team,Rebuild the customer portal
Amir Hernandez,amir.hernandez9398@example.com,support,Platform Team,Rebuild the customer portal
Zach Lewis,zach.lewis9399@example.com,support,Platform Team,Rebuild the customer portal
Quentin Williams,quentin.williams9400@example.com,sales,Mobile Team,Ship the new mobile app
Laura Lopez,laura.lopez9401@example.com,engineering,Platform Team,Rebuild the customer portal
Sybil Perez,sybil.perez9402@example.com,sales,Data Team,Build the analytics pipeline
Dave Sanchez,dave.sanchez9403@example.com,support,Data Team,Build the analytics pipeline
Yolanda Garcia,yolanda.garcia9404@example.com,engineering,Data Team,Build the analytics pipeline
Victor Brown,victor.brown9405@example.com,sales,Mobile Team,Ship the new mobile app
Trent Moore,trent.moore9406@example.com,support,Growth Team,Expand into new markets
Yolanda Perez,yolanda.perez9407@example.com,support,Growth Team,Expand into new markets
Yolanda Lee,yolanda.lee9408@example.com,support,Data Team,Build the analytics pipeline
Sybil Thomas,sybil.thomas9409@example.com,sales,Data Team,Build the analytics pipeline
Olivia Wilson,olivia.wilson9410@example.com,sales,Data Team,Build the analytics pipeline
Yolanda Hernandez,yolanda.hernandez9411@example.com,sales,Platform Team,Rebuild the customer portal
Alice Lopez,alice.lopez9412@example.com,sales,Data Team,Build the analytics pipeline
Xavier Martin,xavier.martin9413@example.com,support,Data Team,Build the analytics pipeline
Zach Thompson,zach.thompson9414@example.com,support,Growth Team,Expand into new markets
Amir Martinez,amir.martinez9415@example.com,sales,Growth Team,Expand into new markets
Ruth Thomas,ruth.thomas9416@example.com,engineering,Mobile Team,Ship the new mobile app
Kevin Ramirez,kevin.ramirez9417@example.com,support,Mobile Team,Ship the new mobile app
Frank Jones,frank.jones9418@example.com,support,Platform Team,Rebuild the customer portal
Ivan Harris,ivan.harris9419@example.com,sales,Platform Team,Rebuild the customer portal
Mallory Thompson,mallory.thompson9420@example.com,sales,Growth Team,Expand into new markets
Bianca Brown,bianca.brown9421@example.com,engineering,Data Team,Build the analytics pipeline
Laura Jackson,laura.jackson9422@example.com,sales,Mobile Team,Ship the new mobile app
Dave Johnson,dave.johnson9423@example.com,engineering,Platform Team,Rebuild the customer portal
Dave Hernandez,dave.hernandez9424@example.com,sales,Data Team,Build the analytics pipeline
Olivia Ramirez,olivia.ramirez9425@example.com,sales,Growth Team,Expand into new markets
Trent Rodriguez,trent.rodriguez9426@example.com,support,Growth Team,Expand into new markets
Carol Clark,carol.clark9427@example.com,support,Data Team,Build the analytics pipeline
Ruth Thomas,ruth.thomas9428@example.com,engineering,Growth Team,Expand into new markets
Laura Lopez,laura.lopez9429@example.com,support,Mobile Team,Ship the new mobile app
Kevin Gonzalez,kevin.gonzalez9430@example.com,engineering,Data Team,Build the analytics pipeline
Heidi Hernandez,heidi.hernandez9431@example.com,support,Data Team,Build the analytics pipeline
Xavier Lee,xavier.lee9432@example.com,sales,Mobile Team,Ship the new mobile app
Dave Gonzalez,dave.gonzalez9433@example.com,support,Data Team,Build the analytics pipeline
Laura Anderson,laura.anderson9434@example.com,support,Growth Team,Expand into new markets
Victor Hernandez,victor.hernandez9435@example.com,engineering,Growth Team,Expand into new markets
Bianca Jones,bianca.jones9436@example.com,sales,Data Team,Build the analytics pipeline
Laura Moore,laura.moore9437@example.com,support,Platform Team,Rebuild the customer portal
Xavier Jackson,xavier.jackson9438@example.com,sales,Data Team,Build the analytics pipeline
Xavier Martin,xavier.martin9439@example.com,sales,Data Team,Build the analytics pipeline
Laura Robinson,laura.robinson9440@example.com,support,Platform Team,Rebuild the customer portal
Niaj Gonzalez,niaj.gonzalez9441@example.com,engineering,Platform Team,Rebuild the customer portal
Zach Lewis,zach.lewis9442@example.com,support,Data Team,Build the analytics pipeline
Uma Brown,uma.brown9443@example.com,sales,Growth Team,Expand into new markets
Frank Davis,frank.davis9444@example.com,support,Growth Team,Expand into new markets
Xavier Lee,xavier.lee9445@example.com,sales,Data Team,Build the analytics pipeline
Alice Martinez,alice.martinez9446@example.com,sales,Platform Team,Rebuild the customer portal
Dave Rodriguez,dave.rodriguez9447@example.com,support,Mobile Team,Ship the new mobile app
Olivia Lee,olivia.lee9448@example.com,sales,Platform Team,Rebuild the customer portal
Xavier Thomas,xavier.thomas9449@example.com,support,Mobile Team,Ship the new mobile app
Zach Sanchez,zach.sanchez9450@example.com,sales,Growth Team,Expand into new markets
Dave Moore,dave.moore9451@example.com,support,Data Team,Build the analytics pipeline
Kevin Jackson,kevin.jackson9452@example.com,engineering,Data Team,Build the analytics pipeline
Quentin Thompson,quentin.thompson9453@example.com,sales,Growth Team,Expand into new markets
Judy Lopez,judy.lopez9454@example.com,engineering,Mobile Team,Ship the new mobile app
Dave Anderson,dave.anderson9455@example.com,engineering,Platform Team,Rebuild the customer portal
Trent Clark,trent.clark9456@example.com,engineering,Mobile Team,Ship the new mobile app
Alice Williams,alice.williams9457@example.com,sales,Mobile Team,Ship the new mobile app
Trent Perez,trent.perez9458@example.com,support,Platform Team,Rebuild the customer portal
Bianca Johnson,bianca.johnson9459@example.com,sales,Platform Team,Rebuild the customer portal
Xavier Johnson,xavier.johnson9460@example.com,sales,Mobile Team,Ship the new mobile app
Sybil Sanchez,sybil.sanchez9461@example.com,support,Data Team,Build the analytics pipeline
Bob Thomas,bob.thomas9462@example.com,support,Mobile Team,Ship the new mobile app
Trent Garcia,trent.garcia9463@example.com,sales,Data Team,Build the analytics pipeline
Victor Brown,victor.brown9464@example.com,support,Mobile Team,Ship the new mobile app
Eve Brown,eve.brown9465@example.com,support,Data Team,Build the analytics pipeline
Zach Harris,zach.harris9466@example.com,support,Growth Team,Expand into new markets
Ruth Harris,ruth.harris9467@example.com,sales,Mobile Team,Ship the new mobile app
Mallory Perez,mallory.perez9468@example.com,sales,Growth Team,Expand into new markets
Grace Sanchez,grace.sanchez9469@example.com,sales,Mobile Team,Ship the new mobile app
Heidi Lopez,heidi.lopez9470@example.com,support,Data Team,Build the analytics pipeline
Quentin Martin,quentin.martin9471@example.com,engineering,Mobile Team,Ship the new mobile app
Peggy Johnson,peggy.johnson9472@example.com,engineering,Mobile Team,Ship the new mobile app
Eve Moore,eve.moore9473@example.com,sales,Growth Team,Expand into new markets
Yolanda Williams,yolanda.williams9474@example.com,engineering,Growth Team,Expand into new markets
Zach Lopez,zach.lopez9475@example.com,engineering,Platform Team,Rebuild the customer portal
Trent Smith,trent.smith9476@example.com,sales,Platform Team,Rebuild the customer portal
Grace Johnson,grace.johnson9477@example.com,sales,Mobile Team,Ship the new mobile app
Frank Thomas,frank.thomas9478@example.com,support,Data Team,Build the analytics pipeline
Heidi Wilson,heidi.wilson9479@example.com,support,Mobile Team,Ship the new mobile app
Diana Davis,diana.davis9480@example.com,sales,Data Team,Build the analytics pipeline
Wendy Harris,wendy.harris9481@example.com,sales,Mobile Team,Ship the new mobile app
Yolanda Clark,yolanda.clark9482@example.com,support,Platform Team,Rebuild the customer portal
Ivan Taylor,ivan.taylor9483@example.com,engineering,Platform Team,Rebuild the customer portal
Wendy Harris,wendy.harris9484@example.com,support,Platform Team,Rebuild the customer portal
Bob Robinson,bob.robinson9485@example.com,support,Mobile Team,Ship the new mobile app
Xavier Davis,xavier.davis9486@example.com,support,Data Team,Build the analytics pipeline
Niaj Clark,niaj.clark9487@example.com,support,Data Team,Build the analytics pipeline
Amir Jones,amir.jones9488@example.com,engineering,Mobile Team,Ship the new mobile app
Quentin Garcia,quentin.garcia9489@example.com,engineering,Data Team,Build the analytics pipeline
Victor Wilson,victor.wilson9490@example.com,support,Growth Team,Expand into new markets
Peggy Sanchez,peggy.sanchez9491@example.com,support,Data Team,Build the analytics pipeline
Yolanda Sanchez,yolanda.sanchez9492@example.com,engineering,Platform Team,Rebuild the customer portal
Carlos Taylor,carlos.taylor9493@example.com,sales,Mobile Team,Ship the new mobile app
Sybil Brown,sybil.brown9494@example.com,engineering,Platform Team,Rebuild the customer portal
Victor Jones,victor.jones9495@example.com,engineering,Growth Team,Expand into new markets
Carol Rodriguez,carol.rodriguez9496@example.com,sales,Growth Team,Expand into new markets
Bianca Garcia,bianca.garcia9497@example.com,engineering,Mobile Team,Ship the new mobile app
Diana Brown,diana.brown9498@example.com,support,Mobile Team,Ship the new mobile app
Ruth Jackson,ruth.jackson9499@example.com,sales,Growth Team,Expand into new markets
Zach Martin,zach.martin9500@example.com,sales,Data Team,Build the analytics pipeline
Yolanda Harris,yolanda.harris9501@example.com,sales,Data Team,Build the analytics pipeline
Ivan Lee,ivan.lee9502@example.com,sales,Data Team,Build the analytics pipeline
Diana Lopez,diana.lopez9503@example.com,engineering,Growth Team,Expand into new markets
Laura Perez,laura.perez9504@example.com,sales,Data Team,Build the analytics pipeline
Judy Robinson,judy.robinson9505@example.com,engineering,Platform Team,Rebuild the customer portal
Quentin Brown,quentin.brown9506@example.com,engineering,Data Team,Build the analytics pipeline
Grace Gonzalez,grace.gonzalez9507@example.com,engineering,Mobile Team,Ship the new mobile app
Quentin Smith,quentin.smith9508@example.com,engineering,Data Team,Build the analytics pipeline
Bob Miller,bob.miller9509@example.com,support,Platform Team,Rebuild the customer portal
Sybil Miller,sybil.miller9510@example.com,support,Mobile Team,Ship the new mobile app
Niaj Taylor,niaj.taylor9511@example.com,engineering,Data Team,Build the analytics pipeline
Ruth Harris,ruth.harris9512@example.com,sales,Data Team,Build the analytics pipeline
Carol Rodriguez,carol.rodriguez9513@example.com,support,Mobile Team,Ship the new mobile app
Eve Garcia,eve.garcia9514@example.com,engineering,Platform Team,Rebuild the customer portal
Ivan Perez,ivan.perez9515@example.com,engineering,Growth Team,Expand into new markets
Heidi Hernandez,heidi.hernandez9516@example.com,engineering,Data Team,Build the analytics pipeline
Carlos Brown,carlos.brown9517@example.com,engineering,Platform Team,Rebuild the customer portal
Olivia Garcia,olivia.garcia9518@example.com,sales,Growth Team,Expand into new markets
Alice Miller,alice.miller9519@example.com,support,Platform Team,Rebuild the customer portal
Peggy Lewis,peggy.lewis9520@example.com,sales,Mobile Team,Ship the new mobile app
Olivia Robinson,olivia.robinson9521@example.com,engineering,Mobile Team,Ship the new mobile app
Xavier Jackson,xavier.jackson9522@example.com,sales,Platform Team,Rebuild the customer portal
Victor Perez,victor.perez9523@example.com,sales,Mobile Team,Ship the new mobile app
Dave Moore,dave.moore9524@example.com,sales,Growth Team,Expand into new markets
Mallory Jones,mallory.jones9525@example.com,engineering,Data Team,Build the analytics pipeline
Peggy Wilson,peggy.wilson9526@example.com,support,Mobile Team,Ship the new mobile app
Amir Williams,amir.williams9527@example.com,engineering,Mobile Team,Ship the new mobile app
Dave Thomas,dave.thomas9528@example.com,engineering,Growth Team,Expand into new markets
Judy Moore,judy.moore9529@example.com,support,Mobile Team,Ship the new mobile app
Bob Perez,bob.perez9530@example.com,engineering,Data Team,Build the analytics pipeline
Quentin Gonzalez,quentin.gonzalez9531@example.com,engineering,Growth Team,Expand into new markets
Heidi Lewis,heidi.lewis9532@example.com,sales,Growth Team,Expand into new markets
Bianca Martinez,bianca.martinez9533@example.com,sales,Data Team,Build the analytics pipeline
Ivan Martin,ivan.martin9534@example.com,sales,Mobile Team,Ship the new mobile app
Judy Brown,judy.brown9535@example.com,sales,Platform Team,Rebuild the customer portal
Bob Hernandez,bob.hernandez9536@example.com,support,Growth Team,Expand into new markets
Victor Smith,victor.smith9537@example.com,sales,Mobile Team,Ship the new mobile app
Zach Sanchez,zach.sanchez9538@example.com,support,Platform Team,Rebuild the customer portal
Xavier Thompson,xavier.thompson9539@example.com,support,Mobile Team,Ship the new mobile app
Alice Davis,alice.davis9540@example.com,engineering,Data Team,Build the analytics pipeline
Kevin Clark,kevin.clark9541@example.com,support,Platform Team,Rebuild the customer portal
Trent Anderson,trent.anderson9542@example.com,engineering,Platform Team,Rebuild the customer portal
Ruth Williams,ruth.williams9543@example.com,support,Data Team,Build the analytics pipeline
Sybil Brown,sybil.brown9544@example.com,sales,Growth Team,Expand into new markets
Ruth Jones,ruth.jones9545@example.com,sales,Mobile Team,Ship the new mobile app
Alice Anderson,alice.anderson9546@example.com,engineering,Data Team,Build the analytics pipeline
Dave Hernandez,dave.hernandez9547@example.com,engineering,Growth Team,Expand into new markets
Trent Davis,trent.davis9548@example.com,support,Mobile Team,Ship the new mobile app
Eve Harris,eve.harris9549@example.com,engineering,Data Team,Build the analytics pipeline
Mallory Sanchez,mallory.sanchez9550@example.com,engineering,Platform Team,Rebuild the customer portal
Frank Brown,frank.brown9551@example.com,support,Mobile Team,Ship the new mobile app
Xavier Robinson,xavier.robinson9552@example.com,support,Platform Team,Rebuild the customer portal
Wendy Taylor,wendy.taylor9553@example.com,sales,Mobile Team,Ship the new mobile app
Zach Rodriguez,zach.rodriguez9554@example.com,engineering,Platform Team,Rebuild the customer portal
Bianca Clark,bianca.clark9555@example.com,engineering,Growth Team,Expand into new markets
Yolanda Lopez,yolanda.lopez9556@example.com,support,Growth Team,Expand into new markets
Amir Martinez,amir.martinez9557@example.com,support,Growth Team,Expand into new markets
Amir Martin,amir.martin9558@example.com,engineering,Platform Team,Rebuild the customer portal
Niaj Lopez,niaj.lopez9559@example.com,engineering,Mobile Team,Ship the new mobile app
Carlos Sanchez,carlos.sanchez9560@example.com,engineering,Data Team,Build the analytics pipeline
Peggy Martinez,peggy.martinez9561@example.com,sales,Data Team,Build the analytics pipeline
Mallory Jackson,mallory.jackson9562@example.com,support,Growth Team,Expand into new markets
Wendy Lopez,wendy.lopez9563@example.com,engineering,Platform Team,Rebuild the customer portal
Carlos Garcia,carlos.garcia9564@example.com,sales,Platform Team,Rebuild the customer portal
Bob Robinson,bob.robinson9565@example.com,engineering,Platform Team,Rebuild the customer portal
Diana Moore,diana.moore9566@example.com,engineering,Growth Team,Expand into new markets
Carol Jackson,carol.jackson9567@example.com,sales,Data Team,Build the analytics pipeline
Quentin Lee,quentin.lee9568@example.com,support,Mobile Team,Ship the new mobile app
Sybil Smith,sybil.smith9569@example.com,sales,Growth Team,Expand into new markets
Zach Harris,zach.harris9570@example.com,engineering,Mobile Team,Ship the new mobile app
Peggy Robinson,peggy.robinson9571@example.com,engineering,Mobile Team,Ship the new mobile app
Bianca Thomas,bianca.thomas9572@example.com,engineering,Platform Team,Rebuild the customer portal
Bob Lopez,bob.lopez9573@example.com,support,Mobile Team,Ship the new mobile app
Olivia Robinson,olivia.robinson9574@example.com,support,Platform Team,Rebuild the customer portal
Judy Williams,judy.williams9575@example.com,sales,Growth Team,Expand into new markets
Diana Robinson,diana.robinson9576@example.com,engineering,Mobile Team,Ship the new mobile app
Kevin Williams,kevin.williams9577@example.com,sales,Mobile Team,Ship the new mobile app
Ruth Sanchez,ruth.sanchez9578@example.com,support,Growth Team,Expand into new markets
Uma Moore,uma.moore9579@example.com,engineering,Data Team,Build the analytics pipeline
Heidi Anderson,heidi.anderson9580@example.com,support,Mobile Team,Ship the new mobile app
Ivan Brown,ivan.brown9581@example.com,sales,Mobile Team,Ship the new mobile app
Olivia Anderson,olivia.anderson9582@example.com,engineering,Mobile Team,Ship the new mobile app
Alice Gonzalez,alice.gonzalez9583@example.com,engineering,Data Team,Build the analytics pipeline
Judy Hernandez,judy.hernandez9584@example.com,support,Mobile Team,Ship the new mobile app
Uma Perez,uma.perez9585@example.com,engineering,Growth Team,Expand into new markets
Uma Harris,uma.harris9586@example.com,engineering,Mobile Team,Ship the new mobile app
Bob Davis,bob.davis9587@example.com,engineering,Growth Team,Expand into new markets
Ivan Jackson,ivan.jackson9588@example.com,support,Mobile Team,Ship the new mobile app
Amir White,amir.white9589@example.com,sales,Mobile Team,Ship the new mobile app
Diana Harris,diana.harris9590@example.com,sales,Mobile Team,Ship the new mobile app
Bianca Hernandez,bianca.hernandez9591@example.com,engineering,Platform Team,Rebuild the customer portal
Judy Moore,judy.moore9592@example.com,support,Data Team,Build the analytics pipeline
Bianca Johnson,bianca.johnson9593@example.com,support,Data Team,Build the analytics pipeline
Bianca Anderson,bianca.anderson9594@example.com,engineering,Growth Team,Expand into new markets
Ruth Williams,ruth.williams9595@example.com,sales,Data Team,Build the analytics pipeline
Alice Ramirez,alice.ramirez9596@example.com,sales,Data Team,Build the analytics pipeline
Frank Thomas,frank.thomas9597@example.com,sales,Platform Team,Rebuild the customer portal
Trent Harris,trent.harris9598@example.com,support,Data Team,Build the analytics pipeline
Wendy Lewis,wendy.lewis9599@example.com,sales,Data Team,Build the analytics pipeline
Niaj Clark,niaj.clark9600@example.com,engineering,Platform Team,Rebuild the customer portal
Dave Johnson,dave.johnson9601@example.com,support,Mobile Team,Ship the new mobile app
Peggy Gonzalez,peggy.gonzalez9602@example.com,sales,Data Team,Build the analytics pipeline
Laura Martinez,laura.martinez9603@example.com,sales,Data Team,Build the analytics pipeline
Kevin Anderson,kevin.anderson9604@example.com,support,Growth Team,Expand into new markets
Sybil Sanchez,sybil.sanchez9605@example.com,engineering,Mobile Team,Ship the new mobile app
Frank Gonzalez,frank.gonzalez9606@example.com,sales,Growth Team,Expand into new markets
Quentin Hernandez,quentin.hernandez9607@example.com,support,Data Team,Build the analytics pipeline
Alice Harris,alice.harris9608@example.com,support,Growth Team,Expand into new markets
Alice Martin,alice.martin9609@example.com,support,Data Team,Build the analytics pipeline
Mallory Taylor,mallory.taylor9610@example.com,support,Data Team,Build the analytics pipeline
Niaj Smith,niaj.smith9611@example.com,sales,Mobile Team,Ship the new mobile app
Xavier Jackson,xavier.jackson9612@example.com,support,Growth Team,Expand into new markets
Wendy Ramirez,wendy.ramirez9613@example.com,engineering,Mobile Team,Ship the new mobile app
Grace Taylor,grace.taylor9614@example.com,sales,Growth Team,Expand into new markets
Zach Moore,zach.moore9615@example.com,engineering,Mobile Team,Ship the new mobile app
Trent Harris,trent.harris9616@example.com,sales,Mobile Team,Ship the new mobile app
Carlos Anderson,carlos.anderson9617@example.com,support,Mobile Team,Ship the new mobile app
Laura Anderson,laura.anderson9618@example.com,support,Platform Team,Rebuild the customer portal
Grace Jackson,grace.jackson9619@example.com,engineering,Mobile Team,Ship the new mobile app
Mallory Davis,mallory.davis9620@example.com,sales,Mobile Team,Ship the new mobile app
Sybil Garcia,sybil.garcia9621@example.com,engineering,Mobile Team,Ship the new mobile app
Victor Sanchez,victor.sanchez9622@example.com,engineering,Platform Team,Rebuild the customer portal
Olivia Harris,olivia.harris9623@example.com,sales,Growth Team,Expand into new markets
Dave Jones,dave.jones9624@example.com,engineering,Mobile Team,Ship the new mobile app
Frank Perez,frank.perez9625@example.com,sales,Platform Team,Rebuild the customer portal
Ruth Lewis,ruth.lewis9626@example.com,sales,Growth Team,Expand into new markets
Grace Garcia,grace.garcia9627@example.com,engineering,Growth Team,Expand into new markets
Victor Harris,victor.harris9628@example.com,engineering,Growth Team,Expand into new markets
Zach Jones,zach.jones9629@example.com,support,Growth Team,Expand into new markets
Sybil Robinson,sybil.robinson9630@example.com,sales,Growth Team,Expand into new markets
Ivan Gonzalez,ivan.gonzalez9631@example.com,sales,Platform Team,Rebuild the customer portal
Amir Thompson,amir.thompson9632@example.com,sales,Platform Team,Rebuild the customer portal
Sybil Rodriguez,sybil.rodriguez9633@example.com,support,Growth Team,Expand into new markets
Diana Smith,diana.smith9634@example.com,support,Mobile Team,Ship the new mobile app
Laura Lee,laura.lee9635@example.com,engineering,Growth Team,Expand into new markets
Kevin Anderson,kevin.anderson9636@example.com,sales,Mobile Team,Ship the new mobile app
Yolanda Jones,yolanda.jones9637@example.com,engineering,Data Team,Build the analytics pipeline
Eve Taylor,eve.taylor9638@example.com,engineering,Data Team,Build the analytics pipeline
Peggy Thompson,peggy.thompson9639@example.com,engineering,Platform Team,Rebuild the customer portal
Zach Gonzalez,zach.gonzalez9640@example.com,sales,Data Team,Build the analytics pipeline
Quentin Lewis,quentin.lewis9641@example.com,sales,Data Team,Build the analytics pipeline
Ruth Thomas,ruth.thomas9642@example.com,engineering,Data Team,Build the analytics pipeline
Dave Brown,dave.brown9643@example.com,sales,Platform Team,Rebuild the customer portal
Frank Lopez,frank.lopez9644@example.com,sales,Data Team,Build the analytics pipeline
Carlos Jones,carlos.jones9645@example.com,sales,Platform Team,Rebuild the customer portal
Heidi Anderson,heidi.anderson9646@example.com,sales,Mobile Team,Ship the new mobile app
Eve Lopez,eve.lopez9647@example.com,engineering,Data Team,Build the analytics pipeline
Peggy Moore,peggy.moore9648@example.com,support,Mobile Team,Ship the new mobile app
Quentin Lee,quentin.lee9649@example.com,support,Mobile Team,Ship the new mobile app
Mallory Smith,mallory.smith9650@example.com,engineering,Growth Team,Expand into new markets
Heidi White,heidi.white9651@example.com,engineering,Growth Team,Expand into new markets
Dave Davis,dave.davis9652@example.com,sales,Platform Team,Rebuild the customer portal
Bob Lewis,bob.lewis9653@example.com,support,Platform Team,Rebuild the customer portal
Wendy Lewis,wendy.lewis9654@example.com,support,Data Team,Build the analytics pipeline
Mallory Wilson,mallory.wilson9655@example.com,support,Growth Team,Expand into new markets
Yolanda Jackson,yolanda.jackson9656@example.com,support,Growth Team,Expand into new markets
Zach Thomas,zach.thomas9657@example.com,engineering,Mobile Team,Ship the new mobile app
Diana Lewis,diana.lewis9658@example.com,engineering,Mobile Team,Ship the new mobile app
Amir Sanchez,amir.sanchez9659@example.com,sales,Platform Team,Rebuild the customer portal
Zach Garcia,zach.garcia9660@example.com,support,Data Team,Build the analytics pipeline
Laura Sanchez,laura.sanchez9661@example.com,engineering,Mobile Team,Ship the new mobile app
Sybil Clark,sybil.clark9662@example.com,sales,Platform Team,Rebuild the customer portal
Diana Perez,diana.perez9663@example.com,sales,Mobile Team,Ship the new mobile app
Judy Brown,judy.brown9664@example.com,engineering,Mobile Team,Ship the new mobile app
Heidi Miller,heidi.miller9665@example.com,support,Growth Team,Expand into new markets
Ruth Taylor,ruth.taylor9666@example.com,sales,Platform Team,Rebuild the customer portal
Alice Smith,alice.smith9667@example.com,engineering,Data Team,Build the analytics pipeline
Wendy Johnson,wendy.johnson9668@example.com,support,Growth Team,Expand into new markets
Peggy Martinez,peggy.martinez9669@example.com,support,Data Team,Build the analytics pipeline
Carol Jones,carol.jones9670@example.com,engineering,Platform Team,Rebuild the customer portal
Victor Garcia,victor.garcia9671@example.com,engineering,Platform Team,Rebuild the customer portal
Xavier Lewis,xavier.lewis9672@example.com,sales,Mobile Team,Ship the new mobile app
Judy Lopez,judy.lopez9673@example.com,engineering,Data Team,Build the analytics pipeline
Mallory Rodriguez,mallory.rodriguez9674@example.com,support,Mobile Team,Ship the new mobile app
Eve Perez,eve.perez9675@example.com,engineering,Platform Team,Rebuild the customer portal
Bianca Lewis,bianca.lewis9676@example.com,sales,Data Team,Build the analytics pipeline
Niaj Jones,niaj.jones9677@example.com,sales,Mobile Team,Ship the new mobile app
Uma White,uma.white9678@example.com,engineering,Platform Team,Rebuild the customer portal
Laura Garcia,laura.garcia9679@example.com,support,Mobile Team,Ship the new mobile app
Victor Jackson,victor.jackson9680@example.com,sales,Mobile Team,Ship the new mobile app
Ivan Garcia,ivan.garcia9681@example.com,engineering,Platform Team,Rebuild the customer portal
Bianca White,bianca.white9682@example.com,engineering,Mobile Team,Ship the new mobile app
Peggy Moore,peggy.moore9683@example.com,sales,Data Team,Build the analytics pipeline
Xavier Moore,xavier.moore9684@example.com,engineering,Growth Team,Expand into new markets
Alice Jackson,alice.jackson9685@example.com,support,Data Team,Build the analytics pipeline
Peggy Jones,peggy.jones9686@example.com,support,Growth Team,Expand into new markets
Ruth Miller,ruth.miller9687@example.com,support,Mobile Team,Ship the new mobile app
Wendy Lee,wendy.lee9688@example.com,sales,Platform Team,Rebuild the customer portal
Bob Sanchez,bob.sanchez9689@example.com,sales,Platform Team,Rebuild the customer portal
Kevin Anderson,kevin.anderson9690@example.com,engineering,Growth Team,Expand into new markets
Eve Gonzalez,eve.gonzalez9691@example.com,engineering,Mobile Team,Ship the new mobile app
Ivan White,ivan.white9692@example.com,support,Data Team,Build the analytics pipeline
Wendy Brown,wendy.brown9693@example.com,engineering,Mobile Team,Ship the new mobile app
Dave Lopez,dave.lopez9694@example.com,support,Platform Team,Rebuild the customer portal
Dave Jackson,dave.jackson9695@example.com,sales,Mobile Team,Ship the new mobile app
Trent Ramirez,trent.ramirez9696@example.com,support,Mobile Team,Ship the new mobile app
Eve Smith,eve.smith9697@example.com,sales,Growth Team,Expand into new markets
Carol Jackson,carol.jackson9698@example.com,engineering,Growth Team,Expand into new markets
Dave Ramirez,dave.ramirez9699@example.com,support,Growth Team,Expand into new markets
Xavier White,xavier.white9700@example.com,engineering,Data Team,Build the analytics pipeline
Heidi Davis,heidi.davis9701@example.com,support,Growth Team,Expand into new markets
Olivia Clark,olivia.clark9702@example.com,sales,Platform Team,Rebuild the customer portal
Sybil Lee,sybil.lee9703@example.com,sales,Growth Team,Expand into new markets
Sybil Hernandez,sybil.hernandez9704@example.com,support,Growth Team,Expand into new markets
Diana Brown,diana.brown9705@example.com,support,Data Team,Build the analytics pipeline
Uma Robinson,uma.robinson9706@example.com,sales,Data Team,Build the analytics pipeline
Zach Brown,zach.brown9707@example.com,sales,Platform Team,Rebuild the customer portal
Amir Miller,amir.miller9708@example.com,engineering,Mobile Team,Ship the new mobile app
Judy Martin,judy.martin9709@example.com,engineering,Growth Team,Expand into new markets
Carlos Sanchez,carlos.sanchez9710@example.com,sales,Mobile Team,Ship the new mobile app
Amir Robinson,amir.robinson9711@example.com,sales,Mobile Team,Ship the new mobile app
Wendy Ramirez,wendy.ramirez9712@example.com,sales,Platform Team,Rebuild the customer portal
Diana Garcia,diana.garcia9713@example.com,support,Data Team,Build the analytics pipeline
Zach Anderson,zach.anderson9714@example.com,support,Growth Team,Expand into new markets
Niaj Garcia,niaj.garcia9715@example.com,engineering,Mobile Team,Ship the new mobile app
Laura Martin,laura.martin9716@example.com,support,Platform Team,Rebuild the customer portal
Diana Moore,diana.moore9717@example.com,support,Growth Team,Expand into new markets
Carol Garcia,carol.garcia9718@example.com,support,Data Team,Build the analytics pipeline
Sybil Sanchez,sybil.sanchez9719@example.com,support,Mobile Team,Ship the new mobile app
Olivia Davis,olivia.davis9720@example.com,support,Mobile Team,Ship the new mobile app
Zach Anderson,zach.anderson9721@example.com,engineering,Mobile Team,Ship the new mobile app
Carlos Harris,carlos.harris9722@example.com,sales,Data Team,Build the analytics pipeline
Grace Lee,grace.lee9723@example.com,engineering,Data Team,Build the analytics pipeline
Uma Lewis,uma.lewis9724@example.com,sales,Data Team,Build the analytics pipeline
Trent Lewis,trent.lewis9725@example.com,support,Mobile Team,Ship the new mobile app
Peggy Garcia,peggy.garcia9726@example.com,sales,Mobile Team,Ship the new mobile app
Peggy Brown,peggy.brown9727@example.com,sales,Data Team,Build the analytics pipeline
Yolanda Thompson,yolanda.thompson9728@example.com,engineering,Data Team,Build the analytics pipeline
Carlos Taylor,carlos.taylor9729@example.com,engineering,Platform Team,Rebuild the customer portal
Trent Robinson,trent.robinson9730@example.com,engineering,Platform Team,Rebuild the customer portal
Ivan Robinson,ivan.robinson9731@example.com,support,Platform Team,Rebuild the customer portal
Judy Jones,judy.jones9732@example.com,sales,Data Team,Build the analytics pipeline
Sybil Ramirez,sybil.ramirez9733@example.com,engineering,Mobile Team,Ship the new mobile app
Uma Smith,uma.smith9734@example.com,support,Platform Team,Rebuild the customer portal
Judy Smith,judy.smith9735@example.com,sales,Platform Team,Rebuild the customer portal
Wendy Lopez,wendy.lopez9736@example.com,engineering,Mobile Team,Ship the new mobile app
Peggy Wilson,peggy.wilson9737@example.com,sales,Growth Team,Expand into new markets
Carlos Garcia,carlos.garcia9738@example.com,sales,Mobile Team,Ship the new mobile app
Wendy Harris,wendy.harris9739@example.com,engineering,Growth Team,Expand into new markets
Laura Rodriguez,laura.rodriguez9740@example.com,engineering,Growth Team,Expand into new markets
Heidi Wilson,heidi.wilson9741@example.com,engineering,Growth Team,Expand into new markets
Trent Harris,trent.harris9742@example.com,support,Platform Team,Rebuild the customer portal
Ivan Robinson,ivan.robinson9743@example.com,engineering,Platform Team,Rebuild the customer portal
Victor Hernandez,victor.hernandez9744@example.com,sales,Growth Team,Expand into new markets
Heidi Brown,heidi.brown9745@example.com,sales,Platform Team,Rebuild the customer portal
Frank Clark,frank.clark9746@example.com,sales,Growth Team,Expand into new markets
Judy Robinson,judy.robinson9747@example.com,sales,Platform Team,Rebuild the customer portal
Peggy Ramirez,peggy.ramirez9748@example.com,sales,Data Team,Build the analytics pipeline
Sybil Sanchez,sybil.sanchez9749@example.com,engineering,Platform Team,Rebuild the customer portal
Uma Williams,uma.williams9750@example.com,engineering,Data Team,Build the analytics pipeline
Diana Martin,diana.martin9751@example.com,engineering,Growth Team,Expand into new markets
Kevin Martin,kevin.martin9752@example.com,sales,Data Team,Build the analytics pipeline
Zach Martinez,zach.martinez9753@example.com,engineering,Growth Team,Expand into new markets
Sybil Moore,sybil.moore9754@example.com,support,Growth Team,Expand into new markets
Yolanda Hernandez,yolanda.hernandez9755@example.com,support,Mobile Team,Ship the new mobile app
Niaj Robinson,niaj.robinson9756@example.com,sales,Mobile Team,Ship the new mobile app
Zach Robinson,zach.robinson9757@example.com,sales,Platform Team,Rebuild the customer portal
Heidi Ramirez,heidi.ramirez9758@example.com,engineering,Platform Team,Rebuild the customer portal
Frank Wilson,frank.wilson9759@example.com,support,Growth Team,Expand into new markets
Judy Anderson,judy.anderson9760@example.com,sales,Growth Team,Expand into new markets
Kevin Smith,kevin.smith9761@example.com,support,Platform Team,Rebuild the customer portal
Grace Jones,grace.jones9762@example.com,support,Platform Team,Rebuild the customer portal
Bob Thompson,bob.thompson9763@example.com,sales,Platform Team,Rebuild the customer portal
Judy Clark,judy.clark9764@example.com,sales,Mobile Team,Ship the new mobile app
Carol Ramirez,carol.ramirez9765@example.com,sales,Data Team,Build the analytics pipeline
Eve Anderson,eve.anderson9766@example.com,engineering,Mobile Team,Ship the new mobile app
Amir White,amir.white9767@example.com,sales,Data Team,Build the analytics pipeline
Ivan Perez,ivan.perez9768@example.com,support,Platform Team,Rebuild the customer portal
Diana Martinez,diana.martinez9769@example.com,support,Growth Team,Expand into new markets
Heidi Brown,heidi.brown9770@example.com,support,Mobile Team,Ship the new mobile app
Peggy Martin,peggy.martin9771@example.com,support,Growth Team,Expand into new markets
Wendy White,wendy.white9772@example.com,support,Platform Team,Rebuild the customer portal
Niaj Anderson,niaj.anderson9773@example.com,sales,Data Team,Build the analytics pipeline
Sybil Davis,sybil.davis9774@example.com,sales,Growth Team,Expand into new markets
Heidi Perez,heidi.perez9775@example.com,support,Mobile Team,Ship the new mobile app
Alice Rodriguez,alice.rodriguez9776@example.com,engineering,Data Team,Build the analytics pipeline
Xavier Harris,xavier.harris9777@example.com,support,Growth Team,Expand into new markets
Laura Garcia,laura.garcia9778@example.com,support,Mobile Team,Ship the new mobile app
Wendy Davis,wendy.davis9779@example.com,sales,Data Team,Build the analytics pipeline
Grace Davis,grace.davis9780@example.com,engineering,Platform Team,Rebuild the customer portal
Heidi Smith,heidi.smith9781@example.com,engineering,Mobile Team,Ship the new mobile app
Ivan Hernandez,ivan.hernandez9782@example.com,support,Growth Team,Expand into new markets
Carlos Clark,carlos.clark9783@example.com,engineering,Growth Team,Expand into new markets
Frank Davis,frank.davis9784@example.com,sales,Mobile Team,Ship the new mobile app
Dave Ramirez,dave.ramirez9785@example.com,engineering,Growth Team,Expand into new markets
Judy Harris,judy.harris9786@example.com,sales,Mobile Team,Ship the new mobile app
Alice Lee,alice.lee9787@example.com,engineering,Data Team,Build the analytics pipeline
Wendy Clark,wendy.clark9788@example.com,engineering,Mobile Team,Ship the new mobile app
Bob Davis,bob.davis9789@example.com,sales,Growth Team,Expand into new markets
Bob Hernandez,bob.hernandez9790@example.com,sales,Platform Team,Rebuild the customer portal
Bob Jones,bob.jones9791@example.com,engineering,Growth Team,Expand into new markets
Kevin Brown,kevin.brown9792@example.com,sales,Platform Team,Rebuild the customer portal
Wendy Williams,wendy.williams9793@example.com,sales,Data Team,Build the analytics pipeline
Kevin Moore,kevin.moore9794@example.com,engineering,Mobile Team,Ship the new mobile app
Zach Jackson,zach.jackson9795@example.com,support,Data Team,Build the analytics pipeline
Wendy Johnson,wendy.johnson9796@example.com,engineering,Data Team,Build the analytics pipeline
Eve Lewis,eve.lewis9797@example.com,sales,Data Team,Build the analytics pipeline
Mallory Martinez,mallory.martinez9798@example.com,engineering,Platform Team,Rebuild the customer portal
Sybil Martin,sybil.martin9799@example.com,sales,Growth Team,Expand into new markets
Amir Lopez,amir.lopez9800@example.com,engineering,Platform Team,Rebuild the customer portal
Kevin Davis,kevin.davis9801@example.com,sales,Platform Team,Rebuild the customer portal
Yolanda Taylor,yolanda.taylor9802@example.com,support,Platform Team,Rebuild the customer portal
Carol Ramirez,carol.ramirez9803@example.com,support,Growth Team,Expand into new markets
Carlos Lopez,carlos.lopez9804@example.com,sales,Platform Team,Rebuild the customer portal
Wendy White,wendy.white9805@example.com,support,Growth Team,Expand into new markets
Wendy Martinez,wendy.martinez9806@example.com,engineering,Data Team,Build the analytics pipeline
Trent Thompson,trent.thompson9807@example.com,engineering,Mobile Team,Ship the new mobile app
Kevin Thompson,kevin.thompson9808@example.com,sales,Mobile Team,Ship the new mobile app
Laura Thomas,laura.thomas9809@example.com,sales,Platform Team,Rebuild the customer portal
Niaj Sanchez,niaj.sanchez9810@example.com,engineering,Growth Team,Expand into new markets
Quentin Lee,quentin.lee9811@example.com,sales,Growth Team,Expand into new markets
Niaj Davis,niaj.davis9812@example.com,sales,Platform Team,Rebuild the customer portal
Dave White,dave.white9813@example.com,engineering,Mobile Team,Ship the new mobile app
Bianca Ramirez,bianca.ramirez9814@example.com,support,Platform Team,Rebuild the customer portal
Victor Ramirez,victor.ramirez9815@example.com,support,Data Team,Build the analytics pipeline
Niaj Davis,niaj.davis9816@example.com,engineering,Data Team,Build the analytics pipeline
Alice Ramirez,alice.ramirez9817@example.com,sales,Platform Team,Rebuild the customer portal
Niaj Williams,niaj.williams9818@example.com,engineering,Data Team,Build the analytics pipeline
Judy Jones,judy.jones9819@example.com,sales,Platform Team,Rebuild the customer portal
Trent Moore,trent.moore9820@example.com,support,Mobile Team,Ship the new mobile app
Zach Lopez,zach.lopez9821@example.com,support,Mobile Team,Ship the new mobile app
Olivia Anderson,olivia.anderson9822@example.com,sales,Platform Team,Rebuild the customer portal
Grace Perez,grace.perez9823@example.com,support,Growth Team,Expand into new markets
Niaj Smith,niaj.smith9824@example.com,support,Platform Team,Rebuild the customer portal
Yolanda Jackson,yolanda.jackson9825@example.com,engineering,Platform Team,Rebuild the customer portal
Bob Williams,bob.williams9826@example.com,sales,Data Team,Build the analytics pipeline
Xavier Brown,xavier.brown9827@example.com,support,Platform Team,Rebuild the customer portal
Grace Martin,grace.martin9828@example.com,sales,Growth Team,Expand into new markets
Amir Taylor,amir.taylor9829@example.com,support,Platform Team,Rebuild the customer portal
Trent Miller,trent.miller9830@example.com,sales,Platform Team,Rebuild the customer portal
Zach Lewis,zach.lewis9831@example.com,support,Mobile Team,Ship the new mobile app
Dave Gonzalez,dave.gonzalez9832@example.com,support,Growth Team,Expand into new markets
Quentin Brown,quentin.brown9833@example.com,support,Mobile Team,Ship the new mobile app
Peggy Thompson,peggy.thompson9834@example.com,engineering,Data Team,Build the analytics pipeline
Quentin Clark,quentin.clark9835@example.com,sales,Data Team,Build the analytics pipeline
Diana Martin,diana.martin9836@example.com,sales,Platform Team,Rebuild the customer portal
Uma Johnson,uma.johnson9837@example.com,sales,Mobile Team,Ship the new mobile app
Mallory Harris,mallory.harris9838@example.com,sales,Growth Team,Expand into new markets
Peggy Garcia,peggy.garcia9839@example.com,engineering,Platform Team,Rebuild the customer portal
Peggy Jones,peggy.jones9840@example.com,engineering,Mobile Team,Ship the new mobile app
Amir Smith,amir.smith9841@example.com,support,Platform Team,Rebuild the customer portal
Victor Ramirez,victor.ramirez9842@example.com,sales,Data Team,Build the analytics pipeline
Eve Lee,eve.lee9843@example.com,sales,Growth Team,Expand into new markets
Grace Lopez,grace.lopez9844@example.com,sales,Mobile Team,Ship the new mobile app
Alice Anderson,alice.anderson9845@example.com,support,Growth Team,Expand into new markets
Xavier Thompson,xavier.thompson9846@example.com,support,Platform Team,Rebuild the customer portal
Heidi Johnson,heidi.johnson9847@example.com,support,Mobile Team,Ship the new mobile app
Olivia Lewis,olivia.lewis9848@example.com,engineering,Data Team,Build the analytics pipeline
Uma Rodriguez,uma.rodriguez9849@example.com,sales,Data Team,Build the analytics pipeline
Trent Moore,trent.moore9850@example.com,sales,Growth Team,Expand into new markets
Olivia Lewis,olivia.lewis9851@example.com,sales,Platform Team,Rebuild the customer portal
Mallory Thomas,mallory.thomas9852@example.com,support,Data Team,Build the analytics pipeline
Bob Wilson,bob.wilson9853@example.com,support,Mobile Team,Ship the new mobile app
Quentin White,quentin.white9854@example.com,sales,Mobile Team,Ship the new mobile app
Laura Williams,laura.williams9855@example.com,sales,Data Team,Build the analytics pipeline
Carlos Brown,carlos.brown9856@example.com,sales,Platform Team,Rebuild the customer portal
Judy Lopez,judy.lopez9857@example.com,engineering,Mobile Team,Ship the new mobile app
Laura Perez,laura.perez9858@example.com,sales,Data Team,Build the analytics pipeline
Grace Martinez,grace.martinez9859@example.com,engineering,Growth Team,Expand into new markets
Quentin Johnson,quentin.johnson9860@example.com,engineering,Mobile Team,Ship the new mobile app
Sybil Robinson,sybil.robinson9861@example.com,engineering,Growth Team,Expand into new markets
Xavier Johnson,xavier.johnson9862@example.com,sales,Growth Team,Expand into new markets
Quentin Clark,quentin.clark9863@example.com,sales,Data Team,Build the analytics pipeline
Kevin Harris,kevin.harris9864@example.com,engineering,Growth Team,Expand into new markets
Yolanda Thomas,yolanda.thomas9865@example.com,sales,Mobile Team,Ship the new mobile app
Zach Davis,zach.davis9866@example.com,support,Platform Team,Rebuild the customer portal
Grace Brown,grace.brown9867@example.com,sales,Mobile Team,Ship the new mobile app
Wendy Moore,wendy.moore9868@example.com,engineering,Mobile Team,Ship the new mobile app
Sybil Sanchez,sybil.sanchez9869@example.com,sales,Growth Team,Expand into new markets
Dave Lopez,dave.lopez9870@example.com,support,Data Team,Build the analytics pipeline
Peggy Perez,peggy.perez9871@example.com,engineering,Growth Team,Expand into new markets
Bianca Brown,bianca.brown9872@example.com,sales,Growth Team,Expand into new markets
Victor Johnson,victor.johnson9873@example.com,sales,Growth Team,Expand into new markets
Amir Martinez,amir.martinez9874@example.com,sales,Data Team,Build the analytics pipeline
Alice Perez,alice.perez9875@example.com,sales,Platform Team,Rebuild the customer portal
Judy Jackson,judy.jackson9876@example.com,support,Platform Team,Rebuild the customer portal
Xavier White,xavier.white9877@example.com,support,Platform Team,Rebuild the customer portal
Sybil Jackson,sybil.jackson9878@example.com,support,Growth Team,Expand into new markets
Bianca Thomas,bianca.thomas9879@example.com,support,Mobile Team,Ship the new mobile app
Olivia Davis,olivia.davis9880@example.com,engineering,Mobile Team,Ship the new mobile app
Judy Gonzalez,judy.gonzalez9881@example.com,sales,Platform Team,Rebuild the customer portal
Grace Smith,grace.smith9882@example.com,sales,Growth Team,Expand into new markets
Heidi Taylor,heidi.taylor9883@example.com,support,Growth Team,Expand into new markets
Bob Smith,bob.smith9884@example.com,support,Platform Team,Rebuild the customer portal
Carol Martinez,carol.martinez9885@example.com,sales,Growth Team,Expand into new markets
Frank Martin,frank.martin9886@example.com,support,Data Team,Build the analytics pipeline
Diana Davis,diana.davis9887@example.com,sales,Platform Team,Rebuild the customer portal
Wendy Thompson,wendy.thompson9888@example.com,engineering,Data Team,Build the analytics pipeline
Olivia Jackson,olivia.jackson9889@example.com,sales,Mobile Team,Ship the new mobile app
Ivan Wilson,ivan.wilson9890@example.com,engineering,Mobile Team,Ship the new mobile app
Quentin Martin,quentin.martin9891@example.com,support,Mobile Team,Ship the new mobile app
Grace Lopez,grace.lopez9892@example.com,support,Platform Team,Rebuild the customer portal
Trent Sanchez,trent.sanchez9893@example.com,engineering,Mobile Team,Ship the new mobile app
Eve Hernandez,eve.hernandez9894@example.com,sales,Growth Team,Expand into new markets
Yolanda Hernandez,yolanda.hernandez9895@example.com,engineering,Mobile Team,Ship the new mobile app
Alice Garcia,alice.garcia9896@example.com,engineering,Growth Team,Expand into new markets
Bob Jones,bob.jones9897@example.com,sales,Growth Team,Expand into new markets
Bob Lopez,bob.lopez9898@example.com,support,Mobile Team,Ship the new mobile app
Olivia Anderson,olivia.anderson9899@example.com,engineering,Platform Team,Rebuild the customer portal
Laura Williams,laura.williams9900@example.com,support,Data Team,Build the analytics pipeline
Sybil White,sybil.white9901@example.com,sales,Platform Team,Rebuild the customer portal
Dave Robinson,dave.robinson9902@example.com,support,Growth Team,Expand into new markets
Carlos Robinson,carlos.robinson9903@example.com,sales,Platform Team,Rebuild the customer portal
Carol Wilson,carol.wilson9904@example.com,sales,Mobile Team,Ship the new mobile app
Bob Thompson,bob.thompson9905@example.com,engineering,Platform Team,Rebuild the customer portal
Grace Jackson,grace.jackson9906@example.com,sales,Growth Team,Expand into new markets
Quentin Moore,quentin.moore9907@example.com,sales,Data Team,Build the analytics pipeline
Peggy Lee,peggy.lee9908@example.com,support,Platform Team,Rebuild the customer portal
Ruth Gonzalez,ruth.gonzalez9909@example.com,sales,Growth Team,Expand into new markets
Carol Hernandez,carol.hernandez9910@example.com,sales,Growth Team,Expand into new markets
Mallory Martin,mallory.martin9911@example.com,support,Data Team,Build the analytics pipeline
Zach Sanchez,zach.sanchez9912@example.com,sales,Data Team,Build the analytics pipeline
Judy Jones,judy.jones9913@example.com,engineering,Platform Team,Rebuild the customer portal
Frank Sanchez,frank.sanchez9914@example.com,support,Data Team,Build the analytics pipeline
Ruth Jones,ruth.jones9915@example.com,support,Data Team,Build the analytics pipeline
Ruth Clark,ruth.clark9916@example.com,engineering,Mobile Team,Ship the new mobile app
Xavier Williams,xavier.williams9917@example.com,sales,Growth Team,Expand into new markets
Heidi Anderson,heidi.anderson9918@example.com,sales,Platform Team,Rebuild the customer portal
Laura Johnson,laura.johnson9919@example.com,engineering,Growth Team,Expand into new markets
Amir Clark,amir.clark9920@example.com,support,Platform Team,Rebuild the customer portal
Bob Thompson,bob.thompson9921@example.com,sales,Growth Team,Expand into new markets
Victor Gonzalez,victor.gonzalez9922@example.com,sales,Platform Team,Rebuild the customer portal
Zach Brown,zach.brown9923@example.com,support,Growth Team,Expand into new markets
Sybil Wilson,sybil.wilson9924@example.com,sales,Platform Team,Rebuild the customer portal
Carol Smith,carol.smith9925@example.com,sales,Data Team,Build the analytics pipeline
Diana Sanchez,diana.sanchez9926@example.com,support,Platform Team,Rebuild the customer portal
Sybil Clark,sybil.clark9927@example.com,engineering,Platform Team,Rebuild the customer portal
Amir Jackson,amir.jackson9928@example.com,support,Growth Team,Expand into new markets
Kevin Ramirez,kevin.ramirez9929@example.com,support,Mobile Team,Ship the new mobile app
Victor Martin,victor.martin9930@example.com,sales,Growth Team,Expand into new markets
Xavier Thomas,xavier.thomas9931@example.com,support,Mobile Team,Ship the new mobile app
Ruth Perez,ruth.perez9932@example.com,sales,Growth Team,Expand into new markets
Carol Johnson,carol.johnson9933@example.com,sales,Growth Team,Expand into new markets
Carol Rodriguez,carol.rodriguez9934@example.com,engineering,Platform Team,Rebuild the customer portal
Yolanda Williams,yolanda.williams9935@example.com,engineering,Platform Team,Rebuild the customer portal
Bianca Ramirez,bianca.ramirez9936@example.com,sales,Platform Team,Rebuild the customer portal
Alice Hernandez,alice.hernandez9937@example.com,support,Platform Team,Rebuild the customer portal
Wendy Davis,wendy.davis9938@example.com,sales,Growth Team,Expand into new markets
Uma Brown,uma.brown9939@example.com,support,Mobile Team,Ship the new mobile app
Victor Smith,victor.smith9940@example.com,sales,Data Team,Build the analytics pipeline
Olivia Johnson,olivia.johnson9941@example.com,sales,Data Team,Build the analytics pipeline
Alice Jackson,alice.jackson9942@example.com,engineering,Data Team,Build the analytics pipeline
Zach Lewis,zach.lewis9943@example.com,sales,Mobile Team,Ship the new mobile app
Dave Martinez,dave.martinez9944@example.com,support,Mobile Team,Ship the new mobile app
Grace Williams,grace.williams9945@example.com,engineering,Platform Team,Rebuild the customer portal
Dave Rodriguez,dave.rodriguez9946@example.com,sales,Data Team,Build the analytics pipeline
Ivan Hernandez,ivan.hernandez9947@example.com,engineering,Mobile Team,Ship the new mobile app
Yolanda Jones,yolanda.jones9948@example.com,sales,Mobile Team,Ship the new mobile app
Victor Thomas,victor.thomas9949@example.com,engineering,Data Team,Build the analytics pipeline
Olivia White,olivia.white9950@example.com,engineering,Data Team,Build the analytics pipeline
Heidi Miller,heidi.miller9951@example.com,sales,Mobile Team,Ship the new mobile app
Ivan Martin,ivan.martin9952@example.com,engineering,Mobile Team,Ship the new mobile app
Trent Davis,trent.davis9953@example.com,support,Growth Team,Expand into new markets
Dave Thompson,dave.thompson9954@example.com,sales,Growth Team,Expand into new markets
Xavier Martin,xavier.martin9955@example.com,engineering,Data Team,Build the analytics pipeline
Frank Clark,frank.clark9956@example.com,sales,Mobile Team,Ship the new mobile app
Carol Smith,carol.smith9957@example.com,engineering,Mobile Team,Ship the new mobile app
Heidi Garcia,heidi.garcia9958@example.com,sales,Mobile Team,Ship the new mobile app
Laura Davis,laura.davis9959@example.com,support,Platform Team,Rebuild the customer portal
Uma Moore,uma.moore9960@example.com,sales,Platform Team,Rebuild the customer portal
Peggy Robinson,peggy.robinson9961@example.com,engineering,Mobile Team,Ship the new mobile app
Carol Perez,carol.perez9962@example.com,engineering,Platform Team,Rebuild the customer portal
Alice Moore,alice.moore9963@example.com,support,Mobile Team,Ship the new mobile app
Kevin Martinez,kevin.martinez9964@example.com,engineering,Mobile Team,Ship the new mobile app
Frank Hernandez,frank.hernandez9965@example.com,sales,Growth Team,Expand into new markets
Bob Gonzalez,bob.gonzalez9966@example.com,engineering,Data Team,Build the analytics pipeline
Bob Rodriguez,bob.rodriguez9967@example.com,sales,Mobile Team,Ship the new mobile app
Quentin Gonzalez,quentin.gonzalez9968@example.com,support,Mobile Team,Ship the new mobile app
Judy Lewis,judy.lewis9969@example.com,support,Mobile Team,Ship the new mobile app
Uma Jackson,uma.jackson9970@example.com,support,Data Team,Build the analytics pipeline
Ivan Taylor,ivan.taylor9971@example.com,sales,Platform Team,Rebuild the customer portal
Alice Lewis,alice.lewis9972@example.com,sales,Growth Team,Expand into new markets
Zach Brown,zach.brown9973@example.com,engineering,Platform Team,Rebuild the customer portal
Diana Lewis,diana.lewis9974@example.com,sales,Mobile Team,Ship the new mobile app
Alice Harris,alice.harris9975@example.com,sales,Platform Team,Rebuild the customer portal
Peggy Harris,peggy.harris9976@example.com,support,Growth Team,Expand into new markets
Peggy Hernandez,peggy.hernandez9977@example.com,support,Data Team,Build the analytics pipeline
Grace Sanchez,grace.sanchez9978@example.com,engineering,Growth Team,Expand into new markets
Olivia Taylor,olivia.taylor9979@example.com,engineering,Platform Team,Rebuild the customer portal
Diana Lewis,diana.lewis9980@example.com,sales,Platform Team,Rebuild the customer portal
Dave Jackson,dave.jackson9981@example.com,engineering,Mobile Team,Ship the new mobile app
Bob Rodriguez,bob.rodriguez9982@example.com,engineering,Platform Team,Rebuild the customer portal
Diana Williams,diana.williams9983@example.com,sales,Data Team,Build the analytics pipeline
Judy Williams,judy.williams9984@example.com,sales,Data Team,Build the analytics pipeline
Bianca Jackson,bianca.jackson9985@example.com,sales,Mobile Team,Ship the new mobile app
Ivan Davis,ivan.davis9986@example.com,engineering,Growth Team,Expand into new markets
Victor Perez,victor.perez9987@example.com,support,Data Team,Build the analytics pipeline
Sybil White,sybil.white9988@example.com,support,Mobile Team,Ship the new mobile app
Diana Hernandez,diana.hernandez9989@example.com,engineering,Data Team,Build the analytics pipeline
Heidi Jackson,heidi.jackson9990@example.com,sales,Platform Team,Rebuild the customer portal
Yolanda Perez,yolanda.perez9991@example.com,engineering,Platform Team,Rebuild the customer portal
Xavier Davis,xavier.davis9992@example.com,engineering,Data Team,Build the analytics pipeline
Diana Smith,diana.smith9993@example.com,sales,Platform Team,Rebuild the customer portal
Trent Thompson,trent.thompson9994@example.com,sales,Growth Team,Expand into new markets
Uma Gonzalez,uma.gonzalez9995@example.com,engineering,Data Team,Build the analytics pipeline
Xavier Gonzalez,xavier.gonzalez9996@example.com,support,Platform Team,Rebuild the customer portal
